record_id,source_organization,source_dataset,source_url,source_record_id,source_type,is_synthetic,date,site,industry_domain,report_type,activity,narrative_text,hazard,unsafe_act,unsafe_condition,barrier,barrier_status,potential_consequence,actual_outcome,sif_potential,sif_reason,life_saving_rule,injury_severity_actual,age,sex,naics_code,ingestion_date,schema_version,is_duplicate_group_id,is_empty_or_malformed,has_possible_pii
sif_guard_seed__OIL-01217,SIF-Guard project (internal),sif_guard_seed,N/A (internal project file),OIL-01217,synthetic,True,2026-06-21,Site E - Barekuri Pipeline,oil_and_gas,UC,Maintenance,An alarm on the main isolation valve was silenced by a contract technician without investigating the cause.,Overridden alarm,UNKNOWN,UNKNOWN,Alarm system,Missing,UNKNOWN,UNKNOWN,Yes,UNKNOWN,Bypassing Safety Controls,UNKNOWN,UNKNOWN,UNKNOWN,UNKNOWN,2026-09-04T09:23:57Z,1.0.0,0,False,False
sif_guard_seed__OIL-00453,SIF-Guard project (internal),sif_guard_seed,N/A (internal project file),OIL-00453,synthetic,True,2025-01-15,Site B - Moran,oil_and_gas,UA,Housekeeping,A shift technician observed mild clutter of files near the printer station; tidied up.,None identified,UNKNOWN,UNKNOWN,UNKNOWN,UNKNOWN,UNKNOWN,UNKNOWN,No,UNKNOWN,UNKNOWN,UNKNOWN,UNKNOWN,UNKNOWN,UNKNOWN,2026-09-04T09:23:57Z,1.0.0,0,False,False
sif_guard_seed__OIL-01278,SIF-Guard project (internal),sif_guard_seed,N/A (internal project file),OIL-01278,synthetic,True,2026-08-01,Site A - Duliajan,oil_and_gas,Near Miss,Scaffolding,A rigger was working at height on scaffolding without a harness properly anchored. No injury occurred.,Fall from height,UNKNOWN,UNKNOWN,Guardrails,Failed,UNKNOWN,UNKNOWN,Yes,UNKNOWN,Working at Height,UNKNOWN,UNKNOWN,UNKNOWN,UNKNOWN,2026-09-04T09:23:57Z,1.0.0,0,False,False
sif_guard_seed__OIL-00865,SIF-Guard project (internal),sif_guard_seed,N/A (internal project file),OIL-00865,synthetic,True,2025-10-21,Site E - Barekuri Pipeline,oil_and_gas,UA,Maintenance,A minor paint peel was noticed on the safety information board near the pump P-204. Corrected on the spot.,None identified,UNKNOWN,UNKNOWN,UNKNOWN,UNKNOWN,UNKNOWN,UNKNOWN,No,UNKNOWN,UNKNOWN,UNKNOWN,UNKNOWN,UNKNOWN,UNKNOWN,2026-09-04T09:23:57Z,1.0.0,0,False,False
sif_guard_seed__OIL-00435,SIF-Guard project (internal),sif_guard_seed,N/A (internal project file),OIL-00435,synthetic,True,2025-01-05,Site D - Jorajan,oil_and_gas,UA,Maintenance,Hot work permit was signed but the copy at the site was slightly torn; replaced with new copy. No further action required.,None identified,UNKNOWN,UNKNOWN,Fire extinguishing equipment on site,Adequate / Minor Gap,UNKNOWN,UNKNOWN,No,UNKNOWN,Hot Work,UNKNOWN,UNKNOWN,UNKNOWN,UNKNOWN,2026-09-04T09:23:57Z,1.0.0,15430,False,False
sif_guard_seed__OIL-00459,SIF-Guard project (internal),sif_guard_seed,N/A (internal project file),OIL-00459,synthetic,True,2025-01-20,Site E - Barekuri Pipeline,oil_and_gas,Incident,Hot Work,Hot work permit was signed but the copy at the site was slightly torn; replaced with new copy. No further action required.,None identified,UNKNOWN,UNKNOWN,Fire watch,Adequate / Minor Gap,UNKNOWN,UNKNOWN,No,UNKNOWN,Hot Work,UNKNOWN,UNKNOWN,UNKNOWN,UNKNOWN,2026-09-04T09:23:57Z,1.0.0,15430,False,False
sif_guard_seed__OIL-00776,SIF-Guard project (internal),sif_guard_seed,N/A (internal project file),OIL-00776,synthetic,True,2025-08-27,Site A - Duliajan,oil_and_gas,UC,Hot Work,Hot work permit was signed but the copy at the site was slightly torn; replaced with new copy. No further action required.,None identified,UNKNOWN,UNKNOWN,Hot work permit,Adequate / Minor Gap,UNKNOWN,UNKNOWN,No,UNKNOWN,Hot Work,UNKNOWN,UNKNOWN,UNKNOWN,UNKNOWN,2026-09-04T09:23:57Z,1.0.0,15430,False,False
sif_guard_seed__OIL-00802,SIF-Guard project (internal),sif_guard_seed,N/A (internal project file),OIL-00802,synthetic,True,2025-09-12,Site D - Jorajan,oil_and_gas,UA,Maintenance,Hot work permit was signed but the copy at the site was slightly torn; replaced with new copy. No further action required.,None identified,UNKNOWN,UNKNOWN,Gas testing (flammable atmosphere),Adequate / Minor Gap,UNKNOWN,UNKNOWN,No,UNKNOWN,Hot Work,UNKNOWN,UNKNOWN,UNKNOWN,UNKNOWN,2026-09-04T09:23:57Z,1.0.0,15430,False,False
sif_guard_seed__OIL-01293,SIF-Guard project (internal),sif_guard_seed,N/A (internal project file),OIL-01293,synthetic,True,2026-08-14,Site B - Moran,oil_and_gas,Near Miss,Hot Work,Hot work permit was signed but the copy at the site was slightly torn; replaced with new copy. No further action required.,None identified,UNKNOWN,UNKNOWN,Gas testing (flammable atmosphere),Adequate / Minor Gap,UNKNOWN,UNKNOWN,No,UNKNOWN,Hot Work,UNKNOWN,UNKNOWN,UNKNOWN,UNKNOWN,2026-09-04T09:23:57Z,1.0.0,15430,False,False
sif_guard_seed__OIL-01015,SIF-Guard project (internal),sif_guard_seed,N/A (internal project file),OIL-01015,synthetic,True,2026-02-11,Site C - Kumchai,oil_and_gas,UA,Production Operations,Risk assessment was not completed before an operator began work on the electrical panel. Work was stopped immediately once observed.,Missing risk assessment,UNKNOWN,UNKNOWN,Permit to Work (PTW),Failed,UNKNOWN,UNKNOWN,Yes,UNKNOWN,Work Authorisation,UNKNOWN,UNKNOWN,UNKNOWN,UNKNOWN,2026-09-04T09:23:57Z,1.0.0,0,False,False
sif_guard_seed__OIL-00597,SIF-Guard project (internal),sif_guard_seed,N/A (internal project file),OIL-00597,synthetic,True,2025-05-01,Site E - Barekuri Pipeline,oil_and_gas,UC,Production Operations,Fire extinguisher signage in the corridor was found slightly faded; repainting scheduled. Noted during the daily safety walk.,None identified,UNKNOWN,UNKNOWN,UNKNOWN,UNKNOWN,UNKNOWN,UNKNOWN,No,UNKNOWN,UNKNOWN,UNKNOWN,UNKNOWN,UNKNOWN,UNKNOWN,2026-09-04T09:23:57Z,1.0.0,15412,False,False
sif_guard_seed__OIL-00805,SIF-Guard project (internal),sif_guard_seed,N/A (internal project file),OIL-00805,synthetic,True,2025-09-13,Site C - Kumchai,oil_and_gas,UC,Production Operations,Fire extinguisher signage in the corridor was found slightly faded; repainting scheduled. Noted during the daily safety walk.,None identified,UNKNOWN,UNKNOWN,UNKNOWN,UNKNOWN,UNKNOWN,UNKNOWN,No,UNKNOWN,UNKNOWN,UNKNOWN,UNKNOWN,UNKNOWN,UNKNOWN,2026-09-04T09:23:57Z,1.0.0,15412,False,False
sif_guard_seed__OIL-00819,SIF-Guard project (internal),sif_guard_seed,N/A (internal project file),OIL-00819,synthetic,True,2025-09-20,Site D - Jorajan,oil_and_gas,UA,Maintenance,Fire extinguisher signage in the corridor was found slightly faded; repainting scheduled. Noted during the daily safety walk.,None identified,UNKNOWN,UNKNOWN,UNKNOWN,UNKNOWN,UNKNOWN,UNKNOWN,No,UNKNOWN,UNKNOWN,UNKNOWN,UNKNOWN,UNKNOWN,UNKNOWN,2026-09-04T09:23:57Z,1.0.0,15412,False,False
sif_guard_seed__OIL-00980,SIF-Guard project (internal),sif_guard_seed,N/A (internal project file),OIL-00980,synthetic,True,2026-01-17,Site B - Moran,oil_and_gas,UC,Production Operations,Fire extinguisher signage in the corridor was found slightly faded; repainting scheduled. Noted during the daily safety walk.,None identified,UNKNOWN,UNKNOWN,UNKNOWN,UNKNOWN,UNKNOWN,UNKNOWN,No,UNKNOWN,UNKNOWN,UNKNOWN,UNKNOWN,UNKNOWN,UNKNOWN,2026-09-04T09:23:57Z,1.0.0,15412,False,False
sif_guard_seed__OIL-00446,SIF-Guard project (internal),sif_guard_seed,N/A (internal project file),OIL-00446,synthetic,True,2025-01-11,Site C - Kumchai,oil_and_gas,UA,Housekeeping,A shift technician was found not wearing safety glasses while filing paperwork in the site office.,None identified,UNKNOWN,UNKNOWN,UNKNOWN,UNKNOWN,UNKNOWN,UNKNOWN,No,UNKNOWN,UNKNOWN,UNKNOWN,UNKNOWN,UNKNOWN,UNKNOWN,2026-09-04T09:23:57Z,1.0.0,15382,False,False
sif_guard_seed__OIL-00724,SIF-Guard project (internal),sif_guard_seed,N/A (internal project file),OIL-00724,synthetic,True,2025-07-19,Site D - Jorajan,oil_and_gas,UC,Maintenance,A shift technician was found not wearing safety glasses while filing paperwork in the site office.,None identified,UNKNOWN,UNKNOWN,UNKNOWN,UNKNOWN,UNKNOWN,UNKNOWN,No,UNKNOWN,UNKNOWN,UNKNOWN,UNKNOWN,UNKNOWN,UNKNOWN,2026-09-04T09:23:57Z,1.0.0,15382,False,False
sif_guard_seed__OIL-00013,SIF-Guard project (internal),sif_guard_seed,N/A (internal project file),OIL-00013,real_ihm_stefanini,False,2016-02-01,Real-Local_05,oil_and_gas,Incident,Metals,The collaborator reports that he was working in the Ustulación and realized that the cyclone duct was obstructed and opened the door to try to unclog the same and the material detached and projected towards the employee causing small burn in the right heel.,Liquid Metal,UNKNOWN,UNKNOWN,Unknown (not recorded in source),Unknown,UNKNOWN,UNKNOWN,No,UNKNOWN,Unmapped,UNKNOWN,UNKNOWN,UNKNOWN,UNKNOWN,2026-09-04T09:23:57Z,1.0.0,0,False,False
sif_guard_seed__OIL-00306,SIF-Guard project (internal),sif_guard_seed,N/A (internal project file),OIL-00306,real_ihm_stefanini,False,2017-01-24,Real-Local_05,oil_and_gas,Incident,Metals,"Employee was transiting the GRS area when he came to slip, suffering a twist in his left knee.",Fall,UNKNOWN,UNKNOWN,Unknown (not recorded in source),Unknown,UNKNOWN,UNKNOWN,No,UNKNOWN,Working at Height,UNKNOWN,UNKNOWN,UNKNOWN,UNKNOWN,2026-09-04T09:23:57Z,1.0.0,0,False,False
sif_guard_seed__OIL-01277,SIF-Guard project (internal),sif_guard_seed,N/A (internal project file),OIL-01277,synthetic,True,2026-07-31,Site C - Kumchai,oil_and_gas,Near Miss,Lifting Operations,"During crane operation, an operator walked under the boom while the load was still suspended. The activity was halted and the area was made safe.",Pressure release,UNKNOWN,UNKNOWN,Barricading/exclusion zone,Missing,UNKNOWN,UNKNOWN,Yes,UNKNOWN,Line of Fire,UNKNOWN,UNKNOWN,UNKNOWN,UNKNOWN,2026-09-04T09:23:57Z,1.0.0,0,False,False
sif_guard_seed__OIL-00727,SIF-Guard project (internal),sif_guard_seed,N/A (internal project file),OIL-00727,synthetic,True,2025-07-20,Site D - Jorajan,oil_and_gas,UA,Production Operations,A loose floor tile was noticed by a third-party worker in the administrative block corridor.,None identified,UNKNOWN,UNKNOWN,UNKNOWN,UNKNOWN,UNKNOWN,UNKNOWN,No,UNKNOWN,UNKNOWN,UNKNOWN,UNKNOWN,UNKNOWN,UNKNOWN,2026-09-04T09:23:57Z,1.0.0,15360,False,False
sif_guard_seed__OIL-00788,SIF-Guard project (internal),sif_guard_seed,N/A (internal project file),OIL-00788,synthetic,True,2025-09-04,Site E - Barekuri Pipeline,oil_and_gas,UA,Maintenance,A loose floor tile was noticed by a third-party worker in the administrative block corridor.,None identified,UNKNOWN,UNKNOWN,UNKNOWN,UNKNOWN,UNKNOWN,UNKNOWN,No,UNKNOWN,UNKNOWN,UNKNOWN,UNKNOWN,UNKNOWN,UNKNOWN,2026-09-04T09:23:57Z,1.0.0,15360,False,False
sif_guard_seed__OIL-00582,SIF-Guard project (internal),sif_guard_seed,N/A (internal project file),OIL-00582,synthetic,True,2025-04-19,Site B - Moran,oil_and_gas,UA,Confined Space Entry,A new joinee entered a storage tank without prior gas testing being completed. No injury occurred.,Engulfment,UNKNOWN,UNKNOWN,Rescue plan/standby,Bypassed,UNKNOWN,UNKNOWN,Yes,UNKNOWN,Confined Space,UNKNOWN,UNKNOWN,UNKNOWN,UNKNOWN,2026-09-04T09:23:57Z,1.0.0,0,False,False
sif_guard_seed__OIL-00838,SIF-Guard project (internal),sif_guard_seed,N/A (internal project file),OIL-00838,synthetic,True,2025-10-02,Site D - Jorajan,oil_and_gas,Near Miss,Production Operations,A maintenance crew member reported that the office AC filter needed cleaning. Noted during the daily safety walk.,None identified,UNKNOWN,UNKNOWN,UNKNOWN,UNKNOWN,UNKNOWN,UNKNOWN,No,UNKNOWN,UNKNOWN,UNKNOWN,UNKNOWN,UNKNOWN,UNKNOWN,2026-09-04T09:23:57Z,1.0.0,0,False,False
sif_guard_seed__OIL-01207,SIF-Guard project (internal),sif_guard_seed,N/A (internal project file),OIL-01207,synthetic,True,2026-06-18,Site A - Duliajan,oil_and_gas,UA,Maintenance,"During maintenance, a third-party worker started work on the transformer bay before energy isolation was verified; the line was found still energized.",Stored/residual energy,UNKNOWN,UNKNOWN,Isolation certificate,Bypassed,UNKNOWN,UNKNOWN,Yes,UNKNOWN,Energy Isolation,UNKNOWN,UNKNOWN,UNKNOWN,UNKNOWN,2026-09-04T09:23:57Z,1.0.0,0,False,False
sif_guard_seed__OIL-00233,SIF-Guard project (internal),sif_guard_seed,N/A (internal project file),OIL-00233,real_ihm_stefanini,False,2016-10-04,Real-Local_10,oil_and_gas,Incident,Others,"In the probe 5068 bore BAPDD00146, around 15:00 hours, the polling assistant Luciano da Silva performing the maneuver of descending rods, led the rod to the gutter, but this when not leaning suitably came to escape the gutter returning toward the easel. His hand had slipped and his little finger was between the rod and the easel. Realizing that the shaft had returned, he released it. immediately, but his little finger was partially hit by the rim of the rod against the easel resulting in a cut. The auxiliary was taken to hospital and attended to, the wound resulted in 5 points and the was released for administrative activities.",Others,UNKNOWN,UNKNOWN,Unknown (not recorded in source),Unknown,UNKNOWN,UNKNOWN,No,UNKNOWN,Unmapped,UNKNOWN,UNKNOWN,UNKNOWN,UNKNOWN,2026-09-04T09:23:57Z,1.0.0,0,False,False
sif_guard_seed__OIL-00712,SIF-Guard project (internal),sif_guard_seed,N/A (internal project file),OIL-00712,synthetic,True,2025-07-08,Site B - Moran,oil_and_gas,UA,Maintenance,A new joinee reported that the office AC filter needed cleaning. Logged for routine follow-up.,None identified,UNKNOWN,UNKNOWN,UNKNOWN,UNKNOWN,UNKNOWN,UNKNOWN,No,UNKNOWN,UNKNOWN,UNKNOWN,UNKNOWN,UNKNOWN,UNKNOWN,2026-09-04T09:23:57Z,1.0.0,0,False,False
sif_guard_seed__OIL-00159,SIF-Guard project (internal),sif_guard_seed,N/A (internal project file),OIL-00159,real_ihm_stefanini,False,2016-06-23,Real-Local_08,oil_and_gas,Incident,Metals,"When handling a lever to move the sludge, the employee moved it by making a pendulum movement and striking his chin.",Manual Tools,UNKNOWN,UNKNOWN,Unknown (not recorded in source),Unknown,UNKNOWN,UNKNOWN,No,UNKNOWN,Unmapped,UNKNOWN,UNKNOWN,UNKNOWN,UNKNOWN,2026-09-04T09:23:57Z,1.0.0,0,False,False
sif_guard_seed__OIL-00640,SIF-Guard project (internal),sif_guard_seed,N/A (internal project file),OIL-00640,synthetic,True,2025-05-30,Site A - Duliajan,oil_and_gas,UA,Transportation,A field engineer observed faded exclusion-zone markings near the transformer bay; reported for repainting. No further action required.,None identified,UNKNOWN,UNKNOWN,Barricading/exclusion zone,Adequate / Minor Gap,UNKNOWN,UNKNOWN,No,UNKNOWN,Line of Fire,UNKNOWN,UNKNOWN,UNKNOWN,UNKNOWN,2026-09-04T09:23:57Z,1.0.0,0,False,False
sif_guard_seed__OIL-01149,SIF-Guard project (internal),sif_guard_seed,N/A (internal project file),OIL-01149,synthetic,True,2026-05-03,Site C - Kumchai,oil_and_gas,UC,Excavation,A new joinee was standing directly beneath a suspended load during a lifting operation near the gas compressor skid.,Struck by falling/moving object,UNKNOWN,UNKNOWN,Suspended load control,Missing,UNKNOWN,UNKNOWN,Yes,UNKNOWN,Line of Fire,UNKNOWN,UNKNOWN,UNKNOWN,UNKNOWN,2026-09-04T09:23:57Z,1.0.0,0,False,False
sif_guard_seed__OIL-00028,SIF-Guard project (internal),sif_guard_seed,N/A (internal project file),OIL-00028,real_ihm_stefanini,False,2016-02-15,Real-Local_03,oil_and_gas,Incident,Mining,"At the end of the rock break at the intersection of the ramp -1055 and the opening of the access to the ventilation chimney, the master loader identifies rocks on the mesh proceeding to unload them, at the end he decides to verify if there are still remains by positioning himself under the line of fire, at which time a fragment of rock falls - 5x4x3cm .; 180 gr - between the cocada mesh impacting between the lens and the helmet causing the injury.",Others,UNKNOWN,UNKNOWN,Unknown (not recorded in source),Unknown,UNKNOWN,UNKNOWN,No,UNKNOWN,Unmapped,UNKNOWN,UNKNOWN,UNKNOWN,UNKNOWN,2026-09-04T09:23:57Z,1.0.0,0,False,False
sif_guard_seed__OIL-01045,SIF-Guard project (internal),sif_guard_seed,N/A (internal project file),OIL-01045,synthetic,True,2026-03-02,Site D - Jorajan,oil_and_gas,Near Miss,Maintenance,No fire extinguisher was available at the hot work location where a shift technician was cutting pipe. No injury occurred.,Ignition of flammable material,UNKNOWN,UNKNOWN,Gas testing (flammable atmosphere),Missing,UNKNOWN,UNKNOWN,Yes,UNKNOWN,Hot Work,UNKNOWN,UNKNOWN,UNKNOWN,UNKNOWN,2026-09-04T09:23:57Z,1.0.0,0,False,False
sif_guard_seed__OIL-00066,SIF-Guard project (internal),sif_guard_seed,N/A (internal project file),OIL-00066,real_ihm_stefanini,False,2016-03-18,Real-Local_05,oil_and_gas,Incident,Metals,"The employee was transiting toward the cadmium factory, near tank 1440 on copper sulphate, when acid solution spilled in his direction, reaching his legs causing minor burns.",Chemical substances,UNKNOWN,UNKNOWN,Unknown (not recorded in source),Unknown,UNKNOWN,UNKNOWN,Yes,UNKNOWN,Unmapped,UNKNOWN,UNKNOWN,UNKNOWN,UNKNOWN,2026-09-04T09:23:57Z,1.0.0,0,False,False
sif_guard_seed__OIL-01316,SIF-Guard project (internal),sif_guard_seed,N/A (internal project file),OIL-01316,synthetic,True,2026-08-29,Site B - Moran,oil_and_gas,UC,Production Operations,A maintenance crew member observed faded exclusion-zone markings near the pump P-204; reported for repainting.,None identified,UNKNOWN,UNKNOWN,Signage,Adequate / Minor Gap,UNKNOWN,UNKNOWN,No,UNKNOWN,Line of Fire,UNKNOWN,UNKNOWN,UNKNOWN,UNKNOWN,2026-09-04T09:23:57Z,1.0.0,0,False,False
sif_guard_seed__OIL-00518,SIF-Guard project (internal),sif_guard_seed,N/A (internal project file),OIL-00518,synthetic,True,2025-03-16,Site C - Kumchai,oil_and_gas,UA,Transportation,A pipe section slipped from rigging and struck the barricade near where a shift technician was standing. Fortunately no one was in the immediate vicinity at the time.,Pressure release,UNKNOWN,UNKNOWN,Suspended load control,Bypassed,UNKNOWN,UNKNOWN,Yes,UNKNOWN,Line of Fire,UNKNOWN,UNKNOWN,UNKNOWN,UNKNOWN,2026-09-04T09:23:57Z,1.0.0,0,False,False
sif_guard_seed__OIL-00604,SIF-Guard project (internal),sif_guard_seed,N/A (internal project file),OIL-00604,synthetic,True,2025-05-04,Site D - Jorajan,oil_and_gas,UA,Maintenance,A shift technician suggested better labeling for stationery cupboards in the office. Logged for routine follow-up.,None identified,UNKNOWN,UNKNOWN,UNKNOWN,UNKNOWN,UNKNOWN,UNKNOWN,No,UNKNOWN,UNKNOWN,UNKNOWN,UNKNOWN,UNKNOWN,UNKNOWN,2026-09-04T09:23:57Z,1.0.0,15380,False,False
sif_guard_seed__OIL-00622,SIF-Guard project (internal),sif_guard_seed,N/A (internal project file),OIL-00622,synthetic,True,2025-05-17,Site A - Duliajan,oil_and_gas,UC,Maintenance,A shift technician suggested better labeling for stationery cupboards in the office. Logged for routine follow-up.,None identified,UNKNOWN,UNKNOWN,UNKNOWN,UNKNOWN,UNKNOWN,UNKNOWN,No,UNKNOWN,UNKNOWN,UNKNOWN,UNKNOWN,UNKNOWN,UNKNOWN,2026-09-04T09:23:57Z,1.0.0,15380,False,False
sif_guard_seed__OIL-01023,SIF-Guard project (internal),sif_guard_seed,N/A (internal project file),OIL-01023,synthetic,True,2026-02-18,Site B - Moran,oil_and_gas,UC,Production Operations,A shift technician suggested better labeling for stationery cupboards in the office. Logged for routine follow-up.,None identified,UNKNOWN,UNKNOWN,UNKNOWN,UNKNOWN,UNKNOWN,UNKNOWN,No,UNKNOWN,UNKNOWN,UNKNOWN,UNKNOWN,UNKNOWN,UNKNOWN,2026-09-04T09:23:57Z,1.0.0,15380,False,False
sif_guard_seed__OIL-01034,SIF-Guard project (internal),sif_guard_seed,N/A (internal project file),OIL-01034,synthetic,True,2026-02-26,Site B - Moran,oil_and_gas,UC,Electrical Work,A maintenance crew member bypassed the LOTO tag and re-energized the pump P-204 while another crew was still working on it.,Electrical shock,UNKNOWN,UNKNOWN,Isolation verification,Failed,UNKNOWN,UNKNOWN,Yes,UNKNOWN,Energy Isolation,UNKNOWN,UNKNOWN,UNKNOWN,UNKNOWN,2026-09-04T09:23:57Z,1.0.0,0,False,False
sif_guard_seed__OIL-00653,SIF-Guard project (internal),sif_guard_seed,N/A (internal project file),OIL-00653,synthetic,True,2025-06-06,Site E - Barekuri Pipeline,oil_and_gas,Near Miss,Production Operations,A maintenance crew member overrode the safety interlock on the compressor to continue operations during a fault. No injury occurred.,Disabled safety interlock,UNKNOWN,UNKNOWN,Alarm system,Bypassed,UNKNOWN,UNKNOWN,Yes,UNKNOWN,Bypassing Safety Controls,UNKNOWN,UNKNOWN,UNKNOWN,UNKNOWN,2026-09-04T09:23:57Z,1.0.0,0,False,False
sif_guard_seed__OIL-00282,SIF-Guard project (internal),sif_guard_seed,N/A (internal project file),OIL-00282,real_ihm_stefanini,False,2016-12-26,Real-Local_06,oil_and_gas,Incident,Metals,"Mr. Marcelo withdrew foam from the ajax oven, using the metal spoon to empty it into the foam waste container. At that moment splash of slag residues, impacting the face and generating a surface burn. The worker was wearing a face mask.",Others,UNKNOWN,UNKNOWN,Unknown (not recorded in source),Unknown,UNKNOWN,UNKNOWN,No,UNKNOWN,Unmapped,UNKNOWN,UNKNOWN,UNKNOWN,UNKNOWN,2026-09-04T09:23:57Z,1.0.0,0,False,False
sif_guard_seed__OIL-00403,SIF-Guard project (internal),sif_guard_seed,N/A (internal project file),OIL-00403,real_ihm_stefanini,False,2017-06-09,Real-Local_06,oil_and_gas,Incident,Metals,"Mr. Emerson was moving trays; when climbing the staircase that gives access to the former dining room and finding himself on the last step, he slips and falls to the floor; supporting the body forward, suffering blows to the right knee with the floor, as well as in the nose with the metal trays it was carrying, causing a cut in the nose and ematoma in the knee.",Fall,UNKNOWN,UNKNOWN,Unknown (not recorded in source),Unknown,UNKNOWN,UNKNOWN,No,UNKNOWN,Working at Height,UNKNOWN,UNKNOWN,UNKNOWN,UNKNOWN,2026-09-04T09:23:57Z,1.0.0,0,False,False
sif_guard_seed__OIL-00162,SIF-Guard project (internal),sif_guard_seed,N/A (internal project file),OIL-00162,real_ihm_stefanini,False,2016-06-29,Real-Local_01,oil_and_gas,Incident,Mining,"In plant while doing work on GEHO pump reducer N ° 1, when accompanying the rotation of the shaft of the reducer with a mixed key of 7/16 "", the wrench crown hits against the housing of the GEHO pump attributing the Union area of ​​the fifth and fourth fingers of the welder's right hand causing the injury. At the time of the accident the equipment was blocked and the employee used his leather gloves.",Others,UNKNOWN,UNKNOWN,Unknown (not recorded in source),Unknown,UNKNOWN,UNKNOWN,Yes,UNKNOWN,Unmapped,UNKNOWN,UNKNOWN,UNKNOWN,UNKNOWN,2026-09-04T09:23:57Z,1.0.0,0,False,False
sif_guard_seed__OIL-00917,SIF-Guard project (internal),sif_guard_seed,N/A (internal project file),OIL-00917,synthetic,True,2025-11-30,Site E - Barekuri Pipeline,oil_and_gas,UA,Housekeeping,A field engineer was found not wearing safety glasses while filing paperwork in the site office.,None identified,UNKNOWN,UNKNOWN,UNKNOWN,UNKNOWN,UNKNOWN,UNKNOWN,No,UNKNOWN,UNKNOWN,UNKNOWN,UNKNOWN,UNKNOWN,UNKNOWN,2026-09-04T09:23:57Z,1.0.0,0,False,False
sif_guard_seed__OIL-00468,SIF-Guard project (internal),sif_guard_seed,N/A (internal project file),OIL-00468,synthetic,True,2025-01-29,Site A - Duliajan,oil_and_gas,UC,Housekeeping,A first-aid box in the admin building was found to be missing a few bandages; restocked. Corrected on the spot.,None identified,UNKNOWN,UNKNOWN,UNKNOWN,UNKNOWN,UNKNOWN,UNKNOWN,No,UNKNOWN,UNKNOWN,UNKNOWN,UNKNOWN,UNKNOWN,UNKNOWN,2026-09-04T09:23:57Z,1.0.0,15354,False,False
sif_guard_seed__OIL-00531,SIF-Guard project (internal),sif_guard_seed,N/A (internal project file),OIL-00531,synthetic,True,2025-03-23,Site D - Jorajan,oil_and_gas,Near Miss,Maintenance,A first-aid box in the admin building was found to be missing a few bandages; restocked. Corrected on the spot.,None identified,UNKNOWN,UNKNOWN,UNKNOWN,UNKNOWN,UNKNOWN,UNKNOWN,No,UNKNOWN,UNKNOWN,UNKNOWN,UNKNOWN,UNKNOWN,UNKNOWN,2026-09-04T09:23:57Z,1.0.0,15354,False,False
sif_guard_seed__OIL-00564,SIF-Guard project (internal),sif_guard_seed,N/A (internal project file),OIL-00564,synthetic,True,2025-04-13,Site D - Jorajan,oil_and_gas,UC,Maintenance,A first-aid box in the admin building was found to be missing a few bandages; restocked. Corrected on the spot.,None identified,UNKNOWN,UNKNOWN,UNKNOWN,UNKNOWN,UNKNOWN,UNKNOWN,No,UNKNOWN,UNKNOWN,UNKNOWN,UNKNOWN,UNKNOWN,UNKNOWN,2026-09-04T09:23:57Z,1.0.0,15354,False,False
sif_guard_seed__OIL-00630,SIF-Guard project (internal),sif_guard_seed,N/A (internal project file),OIL-00630,synthetic,True,2025-05-24,Site E - Barekuri Pipeline,oil_and_gas,UC,Production Operations,A first-aid box in the admin building was found to be missing a few bandages; restocked. Corrected on the spot.,None identified,UNKNOWN,UNKNOWN,UNKNOWN,UNKNOWN,UNKNOWN,UNKNOWN,No,UNKNOWN,UNKNOWN,UNKNOWN,UNKNOWN,UNKNOWN,UNKNOWN,2026-09-04T09:23:57Z,1.0.0,15354,False,False
sif_guard_seed__OIL-01173,SIF-Guard project (internal),sif_guard_seed,N/A (internal project file),OIL-01173,synthetic,True,2026-05-24,Site B - Moran,oil_and_gas,UA,Confined Space Entry,"Confined space permit paperwork had a minor date entry error, corrected before entry.",None identified,UNKNOWN,UNKNOWN,Continuous atmosphere monitoring,Adequate / Minor Gap,UNKNOWN,UNKNOWN,No,UNKNOWN,Confined Space,UNKNOWN,UNKNOWN,UNKNOWN,UNKNOWN,2026-09-04T09:23:57Z,1.0.0,15397,False,False
sif_guard_seed__OIL-01214,SIF-Guard project (internal),sif_guard_seed,N/A (internal project file),OIL-01214,synthetic,True,2026-06-20,Site E - Barekuri Pipeline,oil_and_gas,UC,Maintenance,"Confined space permit paperwork had a minor date entry error, corrected before entry.",None identified,UNKNOWN,UNKNOWN,Confined space entry permit,Adequate / Minor Gap,UNKNOWN,UNKNOWN,No,UNKNOWN,Confined Space,UNKNOWN,UNKNOWN,UNKNOWN,UNKNOWN,2026-09-04T09:23:57Z,1.0.0,15397,False,False
sif_guard_seed__OIL-01262,SIF-Guard project (internal),sif_guard_seed,N/A (internal project file),OIL-01262,synthetic,True,2026-07-22,Site A - Duliajan,oil_and_gas,Near Miss,Maintenance,"Confined space permit paperwork had a minor date entry error, corrected before entry.",None identified,UNKNOWN,UNKNOWN,Rescue plan/standby,Adequate / Minor Gap,UNKNOWN,UNKNOWN,No,UNKNOWN,Confined Space,UNKNOWN,UNKNOWN,UNKNOWN,UNKNOWN,2026-09-04T09:23:57Z,1.0.0,15397,False,False
sif_guard_seed__OIL-00646,SIF-Guard project (internal),sif_guard_seed,N/A (internal project file),OIL-00646,synthetic,True,2025-06-03,Site D - Jorajan,oil_and_gas,UA,Confined Space Entry,Gas testing equipment battery indicator was low but was replaced before any entry occurred. Addressed before the shift ended.,None identified,UNKNOWN,UNKNOWN,Rescue plan/standby,Adequate / Minor Gap,UNKNOWN,UNKNOWN,No,UNKNOWN,Confined Space,UNKNOWN,UNKNOWN,UNKNOWN,UNKNOWN,2026-09-04T09:23:57Z,1.0.0,15419,False,False
sif_guard_seed__OIL-00769,SIF-Guard project (internal),sif_guard_seed,N/A (internal project file),OIL-00769,synthetic,True,2025-08-24,Site A - Duliajan,oil_and_gas,UC,Confined Space Entry,Gas testing equipment battery indicator was low but was replaced before any entry occurred. Addressed before the shift ended.,None identified,UNKNOWN,UNKNOWN,Rescue plan/standby,Adequate / Minor Gap,UNKNOWN,UNKNOWN,No,UNKNOWN,Confined Space,UNKNOWN,UNKNOWN,UNKNOWN,UNKNOWN,2026-09-04T09:23:57Z,1.0.0,15419,False,False
sif_guard_seed__OIL-01093,SIF-Guard project (internal),sif_guard_seed,N/A (internal project file),OIL-01093,synthetic,True,2026-04-04,Site D - Jorajan,oil_and_gas,Incident,Maintenance,Gas testing equipment battery indicator was low but was replaced before any entry occurred. Addressed before the shift ended.,None identified,UNKNOWN,UNKNOWN,Continuous atmosphere monitoring,Adequate / Minor Gap,UNKNOWN,UNKNOWN,No,UNKNOWN,Confined Space,UNKNOWN,UNKNOWN,UNKNOWN,UNKNOWN,2026-09-04T09:23:57Z,1.0.0,15419,False,False
sif_guard_seed__OIL-01083,SIF-Guard project (internal),sif_guard_seed,N/A (internal project file),OIL-01083,synthetic,True,2026-03-27,Site C - Kumchai,oil_and_gas,UA,Electrical Work,A third-party worker bypassed the LOTO tag and re-energized the transformer bay while another crew was still working on it. Work was stopped immediately once observed.,Stored/residual energy,UNKNOWN,UNKNOWN,Zero-energy check,Failed,UNKNOWN,UNKNOWN,Yes,UNKNOWN,Energy Isolation,UNKNOWN,UNKNOWN,UNKNOWN,UNKNOWN,2026-09-04T09:23:57Z,1.0.0,0,False,False
sif_guard_seed__OIL-00938,SIF-Guard project (internal),sif_guard_seed,N/A (internal project file),OIL-00938,synthetic,True,2025-12-16,Site C - Kumchai,oil_and_gas,UA,Transportation,A pipe section slipped from rigging and struck the barricade near where a field engineer was standing. Corrective action was raised on the spot.,Pressure release,UNKNOWN,UNKNOWN,Signage,Failed,UNKNOWN,UNKNOWN,Yes,UNKNOWN,Line of Fire,UNKNOWN,UNKNOWN,UNKNOWN,UNKNOWN,2026-09-04T09:23:57Z,1.0.0,0,False,False
sif_guard_seed__OIL-01060,SIF-Guard project (internal),sif_guard_seed,N/A (internal project file),OIL-01060,synthetic,True,2026-03-11,Site E - Barekuri Pipeline,oil_and_gas,UC,Electrical Work,Isolation tag on the transformer bay was found slightly faded and needs replacement; work was not affected. Logged for routine follow-up.,None identified,UNKNOWN,UNKNOWN,Isolation verification,Adequate / Minor Gap,UNKNOWN,UNKNOWN,No,UNKNOWN,Energy Isolation,UNKNOWN,UNKNOWN,UNKNOWN,UNKNOWN,2026-09-04T09:23:57Z,1.0.0,0,False,False
sif_guard_seed__OIL-00603,SIF-Guard project (internal),sif_guard_seed,N/A (internal project file),OIL-00603,synthetic,True,2025-05-04,Site B - Moran,oil_and_gas,UA,Production Operations,Minor housekeeping: cables in the office area were not properly bundled. Corrected on the spot.,None identified,UNKNOWN,UNKNOWN,UNKNOWN,UNKNOWN,UNKNOWN,UNKNOWN,No,UNKNOWN,UNKNOWN,UNKNOWN,UNKNOWN,UNKNOWN,UNKNOWN,2026-09-04T09:23:57Z,1.0.0,15452,False,False
sif_guard_seed__OIL-00679,SIF-Guard project (internal),sif_guard_seed,N/A (internal project file),OIL-00679,synthetic,True,2025-06-21,Site D - Jorajan,oil_and_gas,UC,Maintenance,Minor housekeeping: cables in the office area were not properly bundled. Corrected on the spot.,None identified,UNKNOWN,UNKNOWN,UNKNOWN,UNKNOWN,UNKNOWN,UNKNOWN,No,UNKNOWN,UNKNOWN,UNKNOWN,UNKNOWN,UNKNOWN,UNKNOWN,2026-09-04T09:23:57Z,1.0.0,15452,False,False
sif_guard_seed__OIL-01056,SIF-Guard project (internal),sif_guard_seed,N/A (internal project file),OIL-01056,synthetic,True,2026-03-09,Site E - Barekuri Pipeline,oil_and_gas,UA,Housekeeping,Minor housekeeping: cables in the office area were not properly bundled. Corrected on the spot.,None identified,UNKNOWN,UNKNOWN,UNKNOWN,UNKNOWN,UNKNOWN,UNKNOWN,No,UNKNOWN,UNKNOWN,UNKNOWN,UNKNOWN,UNKNOWN,UNKNOWN,2026-09-04T09:23:57Z,1.0.0,15452,False,False
sif_guard_seed__OIL-01068,SIF-Guard project (internal),sif_guard_seed,N/A (internal project file),OIL-01068,synthetic,True,2026-03-19,Site A - Duliajan,oil_and_gas,Incident,Housekeeping,Minor housekeeping: cables in the office area were not properly bundled. Corrected on the spot.,None identified,UNKNOWN,UNKNOWN,UNKNOWN,UNKNOWN,UNKNOWN,UNKNOWN,No,UNKNOWN,UNKNOWN,UNKNOWN,UNKNOWN,UNKNOWN,UNKNOWN,2026-09-04T09:23:57Z,1.0.0,15452,False,False
sif_guard_seed__OIL-01076,SIF-Guard project (internal),sif_guard_seed,N/A (internal project file),OIL-01076,synthetic,True,2026-03-23,Site A - Duliajan,oil_and_gas,UA,Maintenance,Minor housekeeping: cables in the office area were not properly bundled. Corrected on the spot.,None identified,UNKNOWN,UNKNOWN,UNKNOWN,UNKNOWN,UNKNOWN,UNKNOWN,No,UNKNOWN,UNKNOWN,UNKNOWN,UNKNOWN,UNKNOWN,UNKNOWN,2026-09-04T09:23:57Z,1.0.0,15452,False,False
sif_guard_seed__OIL-00244,SIF-Guard project (internal),sif_guard_seed,N/A (internal project file),OIL-00244,real_ihm_stefanini,False,2016-10-24,Real-Local_01,oil_and_gas,Incident,Mining,"In circumstances that the mechanical technician and his work colleague arranged to accommodate the spare (Rollover) of the Small 02 on the platform of the cart on the floor, the two squat collaborators decide to push one on each side, at which time one edge of the Rollover imprisons the third finger of left hand against the handle of the cart on the right side, causing the wound on the third finger left hand. At the time of the accident both employees used their respective gloves.",Others,UNKNOWN,UNKNOWN,Unknown (not recorded in source),Unknown,UNKNOWN,UNKNOWN,Yes,UNKNOWN,Unmapped,UNKNOWN,UNKNOWN,UNKNOWN,UNKNOWN,2026-09-04T09:23:57Z,1.0.0,0,False,False
sif_guard_seed__OIL-00674,SIF-Guard project (internal),sif_guard_seed,N/A (internal project file),OIL-00674,synthetic,True,2025-06-19,Site A - Duliajan,oil_and_gas,UC,Maintenance,A shift technician observed a torn notice board sheet near the muster point; replaced during rounds. Noted during the daily safety walk.,None identified,UNKNOWN,UNKNOWN,UNKNOWN,UNKNOWN,UNKNOWN,UNKNOWN,No,UNKNOWN,UNKNOWN,UNKNOWN,UNKNOWN,UNKNOWN,UNKNOWN,2026-09-04T09:23:57Z,1.0.0,15379,False,False
sif_guard_seed__OIL-01309,SIF-Guard project (internal),sif_guard_seed,N/A (internal project file),OIL-01309,synthetic,True,2026-08-25,Site A - Duliajan,oil_and_gas,UA,Housekeeping,A shift technician observed a torn notice board sheet near the muster point; replaced during rounds. Noted during the daily safety walk.,None identified,UNKNOWN,UNKNOWN,UNKNOWN,UNKNOWN,UNKNOWN,UNKNOWN,No,UNKNOWN,UNKNOWN,UNKNOWN,UNKNOWN,UNKNOWN,UNKNOWN,2026-09-04T09:23:57Z,1.0.0,15379,False,False
sif_guard_seed__OIL-00969,SIF-Guard project (internal),sif_guard_seed,N/A (internal project file),OIL-00969,synthetic,True,2026-01-08,Site B - Moran,oil_and_gas,UA,Housekeeping,A field engineer reported a flickering light in the break room; maintenance ticket raised. Noted during the daily safety walk.,None identified,UNKNOWN,UNKNOWN,UNKNOWN,UNKNOWN,UNKNOWN,UNKNOWN,No,UNKNOWN,UNKNOWN,UNKNOWN,UNKNOWN,UNKNOWN,UNKNOWN,2026-09-04T09:23:57Z,1.0.0,0,False,False
sif_guard_seed__OIL-01114,SIF-Guard project (internal),sif_guard_seed,N/A (internal project file),OIL-01114,synthetic,True,2026-04-12,Site E - Barekuri Pipeline,oil_and_gas,UC,Working at Height,A new joinee was working at height on scaffolding without a harness properly anchored.,Fall from height,UNKNOWN,UNKNOWN,Guardrails,Bypassed,UNKNOWN,UNKNOWN,Yes,UNKNOWN,Working at Height,UNKNOWN,UNKNOWN,UNKNOWN,UNKNOWN,2026-09-04T09:23:57Z,1.0.0,0,False,False
sif_guard_seed__OIL-00779,SIF-Guard project (internal),sif_guard_seed,N/A (internal project file),OIL-00779,synthetic,True,2025-08-30,Site B - Moran,oil_and_gas,UA,Production Operations,A minor paint peel was noticed on the safety information board near the electrical panel. Addressed before the shift ended.,None identified,UNKNOWN,UNKNOWN,UNKNOWN,UNKNOWN,UNKNOWN,UNKNOWN,No,UNKNOWN,UNKNOWN,UNKNOWN,UNKNOWN,UNKNOWN,UNKNOWN,2026-09-04T09:23:57Z,1.0.0,0,False,False
sif_guard_seed__OIL-01229,SIF-Guard project (internal),sif_guard_seed,N/A (internal project file),OIL-01229,synthetic,True,2026-06-30,Site D - Jorajan,oil_and_gas,Near Miss,Lifting Operations,A shift technician exceeded the load chart limit while lifting equipment near the wellhead. The activity was halted and the area was made safe.,Load drop,UNKNOWN,UNKNOWN,Load chart compliance,Bypassed,UNKNOWN,UNKNOWN,Yes,UNKNOWN,Safe Mechanical Lifting,UNKNOWN,UNKNOWN,UNKNOWN,UNKNOWN,2026-09-04T09:23:57Z,1.0.0,0,False,False
sif_guard_seed__OIL-00225,SIF-Guard project (internal),sif_guard_seed,N/A (internal project file),OIL-00225,real_ihm_stefanini,False,2016-09-27,Real-Local_06,oil_and_gas,Incident,Metals,"At 14: 55h on 27 September, a worker from Confipetrol carried out industrial cleaning of the outside of the acid reduction tank D2055, to check the progress of the helmet mask; moment that hose pipe was released that was secured with pressure clamp (for water and air), impacting lips",Pressurized Systems,UNKNOWN,UNKNOWN,Unknown (not recorded in source),Unknown,UNKNOWN,UNKNOWN,No,UNKNOWN,Energy Isolation,UNKNOWN,UNKNOWN,UNKNOWN,UNKNOWN,2026-09-04T09:23:57Z,1.0.0,0,False,False
sif_guard_seed__OIL-00455,SIF-Guard project (internal),sif_guard_seed,N/A (internal project file),OIL-00455,synthetic,True,2025-01-18,Site D - Jorajan,oil_and_gas,UC,Maintenance,An alarm on the wellhead valve assembly was silenced by a maintenance crew member without investigating the cause. Corrective action was raised on the spot.,Removed machine guard,UNKNOWN,UNKNOWN,Permit conditions,Bypassed,UNKNOWN,UNKNOWN,Yes,UNKNOWN,Bypassing Safety Controls,UNKNOWN,UNKNOWN,UNKNOWN,UNKNOWN,2026-09-04T09:23:57Z,1.0.0,0,False,False
sif_guard_seed__OIL-00070,SIF-Guard project (internal),sif_guard_seed,N/A (internal project file),OIL-00070,real_ihm_stefanini,False,2016-03-30,Real-Local_04,oil_and_gas,Incident,Mining,"Being approximately 5:45 pm. On the level. 1710 Cx 018 BP 745, in circumstances that the workers of the company Rock performed the anchorage of the central pin for the anchoring of the drilling machine Diamantina XRD -30 (bob Cat) the assistant Cristian (injured) made the adjustment of the nut of the central bolt with the stilson key No. 18 Simultaneously Jose from the control panel made the movement of the rotation unit for the positioning of the clamp pin, at that moment the frame is slid by pressing the thumb of the assistant's left hand against the stilson key, causing the described injury, due to the lack of securing the frame fixing bolts.",Others,UNKNOWN,UNKNOWN,Unknown (not recorded in source),Unknown,UNKNOWN,UNKNOWN,Yes,UNKNOWN,Unmapped,UNKNOWN,UNKNOWN,UNKNOWN,UNKNOWN,2026-09-04T09:23:57Z,1.0.0,0,False,False
sif_guard_seed__OIL-00551,SIF-Guard project (internal),sif_guard_seed,N/A (internal project file),OIL-00551,synthetic,True,2025-04-03,Site A - Duliajan,oil_and_gas,UA,Maintenance,A rigger observed mild clutter of files near the printer station; tidied up. Noted during the daily safety walk.,None identified,UNKNOWN,UNKNOWN,UNKNOWN,UNKNOWN,UNKNOWN,UNKNOWN,No,UNKNOWN,UNKNOWN,UNKNOWN,UNKNOWN,UNKNOWN,UNKNOWN,2026-09-04T09:23:57Z,1.0.0,0,False,False
sif_guard_seed__OIL-00285,SIF-Guard project (internal),sif_guard_seed,N/A (internal project file),OIL-00285,real_ihm_stefanini,False,2016-12-31,Real-Local_04,oil_and_gas,Incident,Mining,"Being approximately 8:10 p.m. Alpha operator Mr. Ronald was heading to mine when he decides to stop the equipment to accommodate the lights (left side), manipulating the support of the lighthouse, catching his fifth finger of the right hand with the protection grid and support.",Others,UNKNOWN,UNKNOWN,Unknown (not recorded in source),Unknown,UNKNOWN,UNKNOWN,Yes,UNKNOWN,Unmapped,UNKNOWN,UNKNOWN,UNKNOWN,UNKNOWN,2026-09-04T09:23:57Z,1.0.0,0,False,False
sif_guard_seed__OIL-00520,SIF-Guard project (internal),sif_guard_seed,N/A (internal project file),OIL-00520,synthetic,True,2025-03-18,Site E - Barekuri Pipeline,oil_and_gas,UA,Production Operations,Spill of a small quantity of water near the canteen was cleaned up promptly. Noted during the daily safety walk.,None identified,UNKNOWN,UNKNOWN,UNKNOWN,UNKNOWN,UNKNOWN,UNKNOWN,No,UNKNOWN,UNKNOWN,UNKNOWN,UNKNOWN,UNKNOWN,UNKNOWN,2026-09-04T09:23:57Z,1.0.0,15496,False,False
sif_guard_seed__OIL-00891,SIF-Guard project (internal),sif_guard_seed,N/A (internal project file),OIL-00891,synthetic,True,2025-11-08,Site E - Barekuri Pipeline,oil_and_gas,UC,Production Operations,Spill of a small quantity of water near the canteen was cleaned up promptly. Noted during the daily safety walk.,None identified,UNKNOWN,UNKNOWN,UNKNOWN,UNKNOWN,UNKNOWN,UNKNOWN,No,UNKNOWN,UNKNOWN,UNKNOWN,UNKNOWN,UNKNOWN,UNKNOWN,2026-09-04T09:23:57Z,1.0.0,15496,False,False
sif_guard_seed__OIL-01053,SIF-Guard project (internal),sif_guard_seed,N/A (internal project file),OIL-01053,synthetic,True,2026-03-08,Site A - Duliajan,oil_and_gas,UC,Maintenance,Spill of a small quantity of water near the canteen was cleaned up promptly. Noted during the daily safety walk.,None identified,UNKNOWN,UNKNOWN,UNKNOWN,UNKNOWN,UNKNOWN,UNKNOWN,No,UNKNOWN,UNKNOWN,UNKNOWN,UNKNOWN,UNKNOWN,UNKNOWN,2026-09-04T09:23:57Z,1.0.0,15496,False,False
sif_guard_seed__OIL-01130,SIF-Guard project (internal),sif_guard_seed,N/A (internal project file),OIL-01130,synthetic,True,2026-04-23,Site B - Moran,oil_and_gas,UC,Housekeeping,Spill of a small quantity of water near the canteen was cleaned up promptly. Noted during the daily safety walk.,None identified,UNKNOWN,UNKNOWN,UNKNOWN,UNKNOWN,UNKNOWN,UNKNOWN,No,UNKNOWN,UNKNOWN,UNKNOWN,UNKNOWN,UNKNOWN,UNKNOWN,2026-09-04T09:23:57Z,1.0.0,15496,False,False
sif_guard_seed__OIL-00250,SIF-Guard project (internal),sif_guard_seed,N/A (internal project file),OIL-00250,real_ihm_stefanini,False,2016-11-08,Real-Local_04,oil_and_gas,Incident,Mining,"Mr. Eriks after having completed the change of guide pole in the conveyor belt 7-1, the collaborator moved to the other side of the belt to remove the tecl, passes under the stairs without getting to observe that in that moment the collaborator Jhon dropped an inchancable of a weight approx. of 15 kg. From the entrance platform to the chute of discharge, at a height of 1.80 meters, the iron grazed him on the forearm, finally hitting his left foot at the height of the instep.",Others,UNKNOWN,UNKNOWN,Unknown (not recorded in source),Unknown,UNKNOWN,UNKNOWN,Yes,UNKNOWN,Unmapped,UNKNOWN,UNKNOWN,UNKNOWN,UNKNOWN,2026-09-04T09:23:57Z,1.0.0,0,False,False
sif_guard_seed__OIL-00379,SIF-Guard project (internal),sif_guard_seed,N/A (internal project file),OIL-00379,real_ihm_stefanini,False,2017-04-25,Real-Local_10,oil_and_gas,Incident,Others,"During the execution of the soil sampling task, in the Potions area, around 3:00 pm Pablo was moving on the bite and was bitten by a right elbow wasp over the sleeve uniform. He was using at the time of the incident all the PPE needed for the activity. The employee was evaluated by the team who found it to be a mild injury with localized swelling. The employee reported that he did not feel any pain and that he could continue the activity.",Venomous Animals,UNKNOWN,UNKNOWN,Unknown (not recorded in source),Unknown,UNKNOWN,UNKNOWN,No,UNKNOWN,Unmapped,UNKNOWN,UNKNOWN,UNKNOWN,UNKNOWN,2026-09-04T09:23:57Z,1.0.0,0,False,False
sif_guard_seed__OIL-00560,SIF-Guard project (internal),sif_guard_seed,N/A (internal project file),OIL-00560,synthetic,True,2025-04-10,Site D - Jorajan,oil_and_gas,UA,Production Operations,A field engineer reported that the office AC filter needed cleaning. Noted during the daily safety walk.,None identified,UNKNOWN,UNKNOWN,UNKNOWN,UNKNOWN,UNKNOWN,UNKNOWN,No,UNKNOWN,UNKNOWN,UNKNOWN,UNKNOWN,UNKNOWN,UNKNOWN,2026-09-04T09:23:57Z,1.0.0,0,False,False
sif_guard_seed__OIL-00667,SIF-Guard project (internal),sif_guard_seed,N/A (internal project file),OIL-00667,synthetic,True,2025-06-13,Site A - Duliajan,oil_and_gas,UC,Production Operations,"A new joinee began repair work on the wellhead valve assembly without confirming zero-energy state, panel was later found live. No injury occurred.",Stored/residual energy,UNKNOWN,UNKNOWN,Zero-energy check,Bypassed,UNKNOWN,UNKNOWN,Yes,UNKNOWN,Energy Isolation,UNKNOWN,UNKNOWN,UNKNOWN,UNKNOWN,2026-09-04T09:23:57Z,1.0.0,0,False,False
sif_guard_seed__OIL-00393,SIF-Guard project (internal),sif_guard_seed,N/A (internal project file),OIL-00393,real_ihm_stefanini,False,2017-05-16,Real-Local_12,oil_and_gas,Incident,Others,"The employee, as he passed the corner of the front door for not seeing the virdro, had a slight swelling in the frontal region due to the closing of the glass door.",Others,UNKNOWN,UNKNOWN,Unknown (not recorded in source),Unknown,UNKNOWN,UNKNOWN,No,UNKNOWN,Unmapped,UNKNOWN,UNKNOWN,UNKNOWN,UNKNOWN,2026-09-04T09:23:57Z,1.0.0,0,False,False
sif_guard_seed__OIL-00660,SIF-Guard project (internal),sif_guard_seed,N/A (internal project file),OIL-00660,synthetic,True,2025-06-09,Site E - Barekuri Pipeline,oil_and_gas,UA,Working at Height,"A dropped spanner fell from the platform where a contract technician was working, landing near ground crew. No injury occurred.",Fall from height,UNKNOWN,UNKNOWN,Scaffold inspection tag,Bypassed,UNKNOWN,UNKNOWN,Yes,UNKNOWN,Working at Height,UNKNOWN,UNKNOWN,UNKNOWN,UNKNOWN,2026-09-04T09:23:57Z,1.0.0,0,False,False
sif_guard_seed__OIL-00314,SIF-Guard project (internal),sif_guard_seed,N/A (internal project file),OIL-00314,real_ihm_stefanini,False,2017-02-01,Real-Local_10,oil_and_gas,Incident,Others,"On 01/02/2017, at 10:15 a.m., when performing the Soil activity, the collaborator Alex used a pickaxe to assist in the opening of the collection hole. As he struck the ferranta on the ground, he had a fragment of rock projected on his forehead causing a small cut. The activity was paralyzed for a few moments and it was not necessary to go to the doctor, the employee continued the activities normally.",Projection/Choco,UNKNOWN,UNKNOWN,Unknown (not recorded in source),Unknown,UNKNOWN,UNKNOWN,No,UNKNOWN,Line of Fire,UNKNOWN,UNKNOWN,UNKNOWN,UNKNOWN,2026-09-04T09:23:57Z,1.0.0,0,False,False
sif_guard_seed__OIL-00854,SIF-Guard project (internal),sif_guard_seed,N/A (internal project file),OIL-00854,synthetic,True,2025-10-12,Site A - Duliajan,oil_and_gas,UA,Production Operations,LOTO was not applied before a new joinee attempted to remove a valve on the compressor unit; potential for unexpected energy release. This was flagged as a high-priority observation.,Unexpected energy release,UNKNOWN,UNKNOWN,Lockout/Tagout (LOTO),Failed,UNKNOWN,UNKNOWN,Yes,UNKNOWN,Energy Isolation,UNKNOWN,UNKNOWN,UNKNOWN,UNKNOWN,2026-09-04T09:23:57Z,1.0.0,0,False,False
sif_guard_seed__OIL-00528,SIF-Guard project (internal),sif_guard_seed,N/A (internal project file),OIL-00528,synthetic,True,2025-03-22,Site E - Barekuri Pipeline,oil_and_gas,Incident,Maintenance,"A maintenance crew member noted the LOTO log entry had a minor formatting error, corrected on the spot. Corrected on the spot.",None identified,UNKNOWN,UNKNOWN,Zero-energy check,Adequate / Minor Gap,UNKNOWN,UNKNOWN,No,UNKNOWN,Energy Isolation,UNKNOWN,UNKNOWN,UNKNOWN,UNKNOWN,2026-09-04T09:23:57Z,1.0.0,0,False,False
sif_guard_seed__OIL-00877,SIF-Guard project (internal),sif_guard_seed,N/A (internal project file),OIL-00877,synthetic,True,2025-11-02,Site C - Kumchai,oil_and_gas,Near Miss,Maintenance,No fire extinguisher was available at the hot work location where a rigger was cutting pipe. This was flagged as a high-priority observation.,Fire,UNKNOWN,UNKNOWN,Fire extinguishing equipment on site,Bypassed,UNKNOWN,UNKNOWN,Yes,UNKNOWN,Hot Work,UNKNOWN,UNKNOWN,UNKNOWN,UNKNOWN,2026-09-04T09:23:57Z,1.0.0,0,False,False
sif_guard_seed__OIL-00944,SIF-Guard project (internal),sif_guard_seed,N/A (internal project file),OIL-00944,synthetic,True,2025-12-19,Site B - Moran,oil_and_gas,UA,Excavation,A contract technician observed faded exclusion-zone markings near the gas compressor skid; reported for repainting.,None identified,UNKNOWN,UNKNOWN,Barricading/exclusion zone,Adequate / Minor Gap,UNKNOWN,UNKNOWN,No,UNKNOWN,Line of Fire,UNKNOWN,UNKNOWN,UNKNOWN,UNKNOWN,2026-09-04T09:23:57Z,1.0.0,0,False,False
sif_guard_seed__OIL-00964,SIF-Guard project (internal),sif_guard_seed,N/A (internal project file),OIL-00964,synthetic,True,2026-01-05,Site C - Kumchai,oil_and_gas,UC,Housekeeping,A third-party worker suggested better labeling for stationery cupboards in the office.,None identified,UNKNOWN,UNKNOWN,UNKNOWN,UNKNOWN,UNKNOWN,UNKNOWN,No,UNKNOWN,UNKNOWN,UNKNOWN,UNKNOWN,UNKNOWN,UNKNOWN,2026-09-04T09:23:57Z,1.0.0,0,False,False
sif_guard_seed__OIL-00450,SIF-Guard project (internal),sif_guard_seed,N/A (internal project file),OIL-00450,synthetic,True,2025-01-14,Site A - Duliajan,oil_and_gas,Near Miss,Drilling Operations,JSA document was signed but missing one supervisor initial; obtained same shift.,None identified,UNKNOWN,UNKNOWN,Supervisory authorization,Adequate / Minor Gap,UNKNOWN,UNKNOWN,No,UNKNOWN,Work Authorisation,UNKNOWN,UNKNOWN,UNKNOWN,UNKNOWN,2026-09-04T09:23:57Z,1.0.0,15442,False,False
sif_guard_seed__OIL-00862,SIF-Guard project (internal),sif_guard_seed,N/A (internal project file),OIL-00862,synthetic,True,2025-10-19,Site B - Moran,oil_and_gas,UC,Maintenance,JSA document was signed but missing one supervisor initial; obtained same shift.,None identified,UNKNOWN,UNKNOWN,Risk assessment / JSA,Adequate / Minor Gap,UNKNOWN,UNKNOWN,No,UNKNOWN,Work Authorisation,UNKNOWN,UNKNOWN,UNKNOWN,UNKNOWN,2026-09-04T09:23:57Z,1.0.0,15442,False,False
sif_guard_seed__OIL-00986,SIF-Guard project (internal),sif_guard_seed,N/A (internal project file),OIL-00986,synthetic,True,2026-01-20,Site B - Moran,oil_and_gas,UA,Production Operations,JSA document was signed but missing one supervisor initial; obtained same shift.,None identified,UNKNOWN,UNKNOWN,Permit to Work (PTW),Adequate / Minor Gap,UNKNOWN,UNKNOWN,No,UNKNOWN,Work Authorisation,UNKNOWN,UNKNOWN,UNKNOWN,UNKNOWN,2026-09-04T09:23:57Z,1.0.0,15442,False,False
sif_guard_seed__OIL-00792,SIF-Guard project (internal),sif_guard_seed,N/A (internal project file),OIL-00792,synthetic,True,2025-09-05,Site A - Duliajan,oil_and_gas,UC,Vehicle Movement,Vehicle inspection checklist had a minor missing signature; corrected before dispatch. Logged for routine follow-up.,None identified,UNKNOWN,UNKNOWN,Fatigue management,Adequate / Minor Gap,UNKNOWN,UNKNOWN,No,UNKNOWN,Driving,UNKNOWN,UNKNOWN,UNKNOWN,UNKNOWN,2026-09-04T09:23:57Z,1.0.0,0,False,False
sif_guard_seed__OIL-00850,SIF-Guard project (internal),sif_guard_seed,N/A (internal project file),OIL-00850,synthetic,True,2025-10-09,Site E - Barekuri Pipeline,oil_and_gas,UC,Scaffolding,A contract technician noted a minor gap in toe-board on a low-height platform; corrected same day. Corrected on the spot.,None identified,UNKNOWN,UNKNOWN,Scaffold inspection tag,Adequate / Minor Gap,UNKNOWN,UNKNOWN,No,UNKNOWN,Working at Height,UNKNOWN,UNKNOWN,UNKNOWN,UNKNOWN,2026-09-04T09:23:57Z,1.0.0,0,False,False
sif_guard_seed__OIL-00543,SIF-Guard project (internal),sif_guard_seed,N/A (internal project file),OIL-00543,synthetic,True,2025-03-31,Site C - Kumchai,oil_and_gas,UA,Housekeeping,A new joinee observed a torn notice board sheet near the muster point; replaced during rounds. Corrected on the spot.,None identified,UNKNOWN,UNKNOWN,UNKNOWN,UNKNOWN,UNKNOWN,UNKNOWN,No,UNKNOWN,UNKNOWN,UNKNOWN,UNKNOWN,UNKNOWN,UNKNOWN,2026-09-04T09:23:57Z,1.0.0,0,False,False
sif_guard_seed__OIL-00550,SIF-Guard project (internal),sif_guard_seed,N/A (internal project file),OIL-00550,synthetic,True,2025-04-03,Site A - Duliajan,oil_and_gas,UA,Production Operations,"An operator noted the LOTO log entry had a minor formatting error, corrected on the spot. Corrected on the spot.",None identified,UNKNOWN,UNKNOWN,Isolation certificate,Adequate / Minor Gap,UNKNOWN,UNKNOWN,No,UNKNOWN,Energy Isolation,UNKNOWN,UNKNOWN,UNKNOWN,UNKNOWN,2026-09-04T09:23:57Z,1.0.0,0,False,False
sif_guard_seed__OIL-00230,SIF-Guard project (internal),sif_guard_seed,N/A (internal project file),OIL-00230,real_ihm_stefanini,False,2016-10-03,Real-Local_05,oil_and_gas,Incident,Metals,"After carrying out the supply operation of the zinc powder container using the crane to move it, the employee closed the lower lock of this same container and when making the movement to push the lock made an excessive effort with the thumb of the right hand, causing sprain.",Pressed,UNKNOWN,UNKNOWN,Unknown (not recorded in source),Unknown,UNKNOWN,UNKNOWN,No,UNKNOWN,Unmapped,UNKNOWN,UNKNOWN,UNKNOWN,UNKNOWN,2026-09-04T09:23:57Z,1.0.0,0,False,False
sif_guard_seed__OIL-00266,SIF-Guard project (internal),sif_guard_seed,N/A (internal project file),OIL-00266,real_ihm_stefanini,False,2016-12-08,Real-Local_01,oil_and_gas,Incident,Mining,"At times when four employees lowered a metal sheet (1.5mx1.8m; m 80Kg) towards the floor from a height of 20 cm., The assembly assistant does not timely remove the hand, trapping his ring finger between the iron and loose earth causing a contusion on his ring finger. The collaborator at the time of the event to use their maneuver gloves.",Others,UNKNOWN,UNKNOWN,Unknown (not recorded in source),Unknown,UNKNOWN,UNKNOWN,No,UNKNOWN,Unmapped,UNKNOWN,UNKNOWN,UNKNOWN,UNKNOWN,2026-09-04T09:23:57Z,1.0.0,0,False,False
sif_guard_seed__OIL-00443,SIF-Guard project (internal),sif_guard_seed,N/A (internal project file),OIL-00443,synthetic,True,2025-01-08,Site A - Duliajan,oil_and_gas,UA,Electrical Work,Isolation certificate was not issued but an operator proceeded to open the hydraulic line for inspection. This was flagged as a high-priority observation.,Unexpected energy release,UNKNOWN,UNKNOWN,Lockout/Tagout (LOTO),Missing,UNKNOWN,UNKNOWN,Yes,UNKNOWN,Energy Isolation,UNKNOWN,UNKNOWN,UNKNOWN,UNKNOWN,2026-09-04T09:23:57Z,1.0.0,0,False,False
sif_guard_seed__OIL-00953,SIF-Guard project (internal),sif_guard_seed,N/A (internal project file),OIL-00953,synthetic,True,2025-12-26,Site C - Kumchai,oil_and_gas,UA,Maintenance,A contract technician overrode the safety interlock on the compressor to continue operations during a fault. No injury occurred.,Removed machine guard,UNKNOWN,UNKNOWN,Alarm system,Missing,UNKNOWN,UNKNOWN,Yes,UNKNOWN,Bypassing Safety Controls,UNKNOWN,UNKNOWN,UNKNOWN,UNKNOWN,2026-09-04T09:23:57Z,1.0.0,0,False,False
sif_guard_seed__OIL-00081,SIF-Guard project (internal),sif_guard_seed,N/A (internal project file),OIL-00081,real_ihm_stefanini,False,2016-03-22,Real-Local_10,oil_and_gas,Incident,Others,"During the trip to the vehicle, at the end of the work, the collaborator Rhainer stepped on an object that he could not identify, thus coming to pierce the sole of the boot and causing a small hole in the sole of the left foot of the collaborator. The perforation was possibly due to a stump of wood, since the area covered by the collaborator, was a pasture grazed recently and near a residence.",Others,UNKNOWN,UNKNOWN,Unknown (not recorded in source),Unknown,UNKNOWN,UNKNOWN,No,UNKNOWN,Unmapped,UNKNOWN,UNKNOWN,UNKNOWN,UNKNOWN,2026-09-04T09:23:57Z,1.0.0,0,False,False
sif_guard_seed__OIL-00103,SIF-Guard project (internal),sif_guard_seed,N/A (internal project file),OIL-00103,real_ihm_stefanini,False,2016-04-29,Real-Local_04,oil_and_gas,Incident,Mining,"Mr. Jesus operator of the concrete throwing team (alpha N ° 18) was shooting shotcrete in the Cx work. 001 Nv. 1710 OB1. applying 0.5 m3, he realizes that the additive did not come out in the mix, directing to lift the cover of the passage valve (54 Cm x 53 Cm of ¼ inch of thickness approximately 15 Kg). verifying that the valve was open, release the lid and it hits to the third finger of the left hand against the base, causing the injury.",Others,UNKNOWN,UNKNOWN,Unknown (not recorded in source),Unknown,UNKNOWN,UNKNOWN,Yes,UNKNOWN,Unmapped,UNKNOWN,UNKNOWN,UNKNOWN,UNKNOWN,2026-09-04T09:23:57Z,1.0.0,0,False,False
sif_guard_seed__OIL-01019,SIF-Guard project (internal),sif_guard_seed,N/A (internal project file),OIL-01019,synthetic,True,2026-02-16,Site E - Barekuri Pipeline,oil_and_gas,Near Miss,Maintenance,A rigger was found not wearing safety glasses while filing paperwork in the site office.,None identified,UNKNOWN,UNKNOWN,UNKNOWN,UNKNOWN,UNKNOWN,UNKNOWN,No,UNKNOWN,UNKNOWN,UNKNOWN,UNKNOWN,UNKNOWN,UNKNOWN,2026-09-04T09:23:57Z,1.0.0,0,False,False
sif_guard_seed__OIL-00404,SIF-Guard project (internal),sif_guard_seed,N/A (internal project file),OIL-00404,real_ihm_stefanini,False,2017-06-11,Real-Local_04,oil_and_gas,Incident,Mining,"In circumstances that the worker prepared food in the electric pot, by not ensuring the lid falls on his head causing the injury described.",Others,UNKNOWN,UNKNOWN,Unknown (not recorded in source),Unknown,UNKNOWN,UNKNOWN,No,UNKNOWN,Unmapped,UNKNOWN,UNKNOWN,UNKNOWN,UNKNOWN,2026-09-04T09:23:57Z,1.0.0,0,False,False
sif_guard_seed__OIL-01289,SIF-Guard project (internal),sif_guard_seed,N/A (internal project file),OIL-01289,synthetic,True,2026-08-09,Site D - Jorajan,oil_and_gas,UA,Production Operations,A new joinee observed faded exclusion-zone markings near the pump P-204; reported for repainting. No further action required.,None identified,UNKNOWN,UNKNOWN,Suspended load control,Adequate / Minor Gap,UNKNOWN,UNKNOWN,No,UNKNOWN,Line of Fire,UNKNOWN,UNKNOWN,UNKNOWN,UNKNOWN,2026-09-04T09:23:57Z,1.0.0,0,False,False
sif_guard_seed__OIL-01035,SIF-Guard project (internal),sif_guard_seed,N/A (internal project file),OIL-01035,synthetic,True,2026-02-27,Site C - Kumchai,oil_and_gas,Near Miss,Transportation,A shift technician observed faded exclusion-zone markings near the pump P-204; reported for repainting. Corrected on the spot.,None identified,UNKNOWN,UNKNOWN,Positioning awareness,Adequate / Minor Gap,UNKNOWN,UNKNOWN,No,UNKNOWN,Line of Fire,UNKNOWN,UNKNOWN,UNKNOWN,UNKNOWN,2026-09-04T09:23:57Z,1.0.0,0,False,False
sif_guard_seed__OIL-01107,SIF-Guard project (internal),sif_guard_seed,N/A (internal project file),OIL-01107,synthetic,True,2026-04-10,Site A - Duliajan,oil_and_gas,UA,Production Operations,Spill of a small quantity of water near the canteen was cleaned up promptly. Logged for routine follow-up.,None identified,UNKNOWN,UNKNOWN,UNKNOWN,UNKNOWN,UNKNOWN,UNKNOWN,No,UNKNOWN,UNKNOWN,UNKNOWN,UNKNOWN,UNKNOWN,UNKNOWN,2026-09-04T09:23:57Z,1.0.0,0,False,False
sif_guard_seed__OIL-01201,SIF-Guard project (internal),sif_guard_seed,N/A (internal project file),OIL-01201,synthetic,True,2026-06-13,Site B - Moran,oil_and_gas,UA,Excavation,A contract technician positioned themselves in the line of fire while a pressurized hose was being disconnected from the electrical panel. Corrective action was raised on the spot.,Pressure release,UNKNOWN,UNKNOWN,Barricading/exclusion zone,Missing,UNKNOWN,UNKNOWN,Yes,UNKNOWN,Line of Fire,UNKNOWN,UNKNOWN,UNKNOWN,UNKNOWN,2026-09-04T09:23:57Z,1.0.0,0,False,False
sif_guard_seed__OIL-00525,SIF-Guard project (internal),sif_guard_seed,N/A (internal project file),OIL-00525,synthetic,True,2025-03-21,Site D - Jorajan,oil_and_gas,UC,Maintenance,Isolation point signage near the transformer bay was partially obscured by dust; cleaned during routine round. Logged for routine follow-up.,None identified,UNKNOWN,UNKNOWN,Lockout/Tagout (LOTO),Adequate / Minor Gap,UNKNOWN,UNKNOWN,No,UNKNOWN,Energy Isolation,UNKNOWN,UNKNOWN,UNKNOWN,UNKNOWN,2026-09-04T09:23:57Z,1.0.0,0,False,False
sif_guard_seed__OIL-00497,SIF-Guard project (internal),sif_guard_seed,N/A (internal project file),OIL-00497,synthetic,True,2025-02-22,Site D - Jorajan,oil_and_gas,Incident,Electrical Work,Residual pressure was not bled off from the pump P-204 before a shift technician disconnected the coupling. Corrective action was raised on the spot.,Electrical shock,UNKNOWN,UNKNOWN,Lockout/Tagout (LOTO),Bypassed,UNKNOWN,UNKNOWN,Yes,UNKNOWN,Energy Isolation,UNKNOWN,UNKNOWN,UNKNOWN,UNKNOWN,2026-09-04T09:23:57Z,1.0.0,0,False,False
sif_guard_seed__OIL-00982,SIF-Guard project (internal),sif_guard_seed,N/A (internal project file),OIL-00982,synthetic,True,2026-01-18,Site D - Jorajan,oil_and_gas,UC,Maintenance,Hot work was started by an operator without gas testing the surrounding area for flammable vapors. Work was stopped immediately once observed.,Ignition of flammable material,UNKNOWN,UNKNOWN,Fire watch,Bypassed,UNKNOWN,UNKNOWN,Yes,UNKNOWN,Hot Work,UNKNOWN,UNKNOWN,UNKNOWN,UNKNOWN,2026-09-04T09:23:57Z,1.0.0,0,False,False
sif_guard_seed__OIL-00951,SIF-Guard project (internal),sif_guard_seed,N/A (internal project file),OIL-00951,synthetic,True,2025-12-25,Site A - Duliajan,oil_and_gas,UA,Confined Space Entry,Continuous atmosphere monitoring was not maintained while a new joinee worked inside the tank; monitor was left outside. This was flagged as a high-priority observation.,Entrapment,UNKNOWN,UNKNOWN,Gas testing,Missing,UNKNOWN,UNKNOWN,Yes,UNKNOWN,Confined Space,UNKNOWN,UNKNOWN,UNKNOWN,UNKNOWN,2026-09-04T09:23:57Z,1.0.0,0,False,False
sif_guard_seed__OIL-00557,SIF-Guard project (internal),sif_guard_seed,N/A (internal project file),OIL-00557,synthetic,True,2025-04-09,Site D - Jorajan,oil_and_gas,UC,Transportation,Vehicle inspection checklist had a minor missing signature; corrected before dispatch.,None identified,UNKNOWN,UNKNOWN,Speed compliance,Adequate / Minor Gap,UNKNOWN,UNKNOWN,No,UNKNOWN,Driving,UNKNOWN,UNKNOWN,UNKNOWN,UNKNOWN,2026-09-04T09:23:57Z,1.0.0,15506,False,False
sif_guard_seed__OIL-00611,SIF-Guard project (internal),sif_guard_seed,N/A (internal project file),OIL-00611,synthetic,True,2025-05-10,Site B - Moran,oil_and_gas,UA,Vehicle Movement,Vehicle inspection checklist had a minor missing signature; corrected before dispatch.,None identified,UNKNOWN,UNKNOWN,Speed compliance,Adequate / Minor Gap,UNKNOWN,UNKNOWN,No,UNKNOWN,Driving,UNKNOWN,UNKNOWN,UNKNOWN,UNKNOWN,2026-09-04T09:23:57Z,1.0.0,15506,False,False
sif_guard_seed__OIL-00902,SIF-Guard project (internal),sif_guard_seed,N/A (internal project file),OIL-00902,synthetic,True,2025-11-20,Site B - Moran,oil_and_gas,UC,Vehicle Movement,Vehicle inspection checklist had a minor missing signature; corrected before dispatch.,None identified,UNKNOWN,UNKNOWN,Fatigue management,Adequate / Minor Gap,UNKNOWN,UNKNOWN,No,UNKNOWN,Driving,UNKNOWN,UNKNOWN,UNKNOWN,UNKNOWN,2026-09-04T09:23:57Z,1.0.0,15506,False,False
sif_guard_seed__OIL-00914,SIF-Guard project (internal),sif_guard_seed,N/A (internal project file),OIL-00914,synthetic,True,2025-11-29,Site A - Duliajan,oil_and_gas,Near Miss,Vehicle Movement,Vehicle inspection checklist had a minor missing signature; corrected before dispatch.,None identified,UNKNOWN,UNKNOWN,Fatigue management,Adequate / Minor Gap,UNKNOWN,UNKNOWN,No,UNKNOWN,Driving,UNKNOWN,UNKNOWN,UNKNOWN,UNKNOWN,2026-09-04T09:23:57Z,1.0.0,15506,False,False
sif_guard_seed__OIL-00740,SIF-Guard project (internal),sif_guard_seed,N/A (internal project file),OIL-00740,synthetic,True,2025-07-28,Site E - Barekuri Pipeline,oil_and_gas,Near Miss,Housekeeping,A first-aid box in the admin building was found to be missing a few bandages; restocked. No further action required.,None identified,UNKNOWN,UNKNOWN,UNKNOWN,UNKNOWN,UNKNOWN,UNKNOWN,No,UNKNOWN,UNKNOWN,UNKNOWN,UNKNOWN,UNKNOWN,UNKNOWN,2026-09-04T09:23:57Z,1.0.0,15356,False,False
sif_guard_seed__OIL-00933,SIF-Guard project (internal),sif_guard_seed,N/A (internal project file),OIL-00933,synthetic,True,2025-12-12,Site A - Duliajan,oil_and_gas,Near Miss,Housekeeping,A first-aid box in the admin building was found to be missing a few bandages; restocked. No further action required.,None identified,UNKNOWN,UNKNOWN,UNKNOWN,UNKNOWN,UNKNOWN,UNKNOWN,No,UNKNOWN,UNKNOWN,UNKNOWN,UNKNOWN,UNKNOWN,UNKNOWN,2026-09-04T09:23:57Z,1.0.0,15356,False,False
sif_guard_seed__OIL-01063,SIF-Guard project (internal),sif_guard_seed,N/A (internal project file),OIL-01063,synthetic,True,2026-03-14,Site E - Barekuri Pipeline,oil_and_gas,UC,Housekeeping,A first-aid box in the admin building was found to be missing a few bandages; restocked. No further action required.,None identified,UNKNOWN,UNKNOWN,UNKNOWN,UNKNOWN,UNKNOWN,UNKNOWN,No,UNKNOWN,UNKNOWN,UNKNOWN,UNKNOWN,UNKNOWN,UNKNOWN,2026-09-04T09:23:57Z,1.0.0,15356,False,False
sif_guard_seed__OIL-01070,SIF-Guard project (internal),sif_guard_seed,N/A (internal project file),OIL-01070,synthetic,True,2026-03-19,Site D - Jorajan,oil_and_gas,UC,Maintenance,A first-aid box in the admin building was found to be missing a few bandages; restocked. No further action required.,None identified,UNKNOWN,UNKNOWN,UNKNOWN,UNKNOWN,UNKNOWN,UNKNOWN,No,UNKNOWN,UNKNOWN,UNKNOWN,UNKNOWN,UNKNOWN,UNKNOWN,2026-09-04T09:23:57Z,1.0.0,15356,False,False
sif_guard_seed__OIL-01154,SIF-Guard project (internal),sif_guard_seed,N/A (internal project file),OIL-01154,synthetic,True,2026-05-08,Site C - Kumchai,oil_and_gas,UA,Excavation,A third-party worker was standing directly beneath a suspended load during a lifting operation near the electrical panel.,Struck by falling/moving object,UNKNOWN,UNKNOWN,Barricading/exclusion zone,Failed,UNKNOWN,UNKNOWN,Yes,UNKNOWN,Line of Fire,UNKNOWN,UNKNOWN,UNKNOWN,UNKNOWN,2026-09-04T09:23:57Z,1.0.0,0,False,False
sif_guard_seed__OIL-00688,SIF-Guard project (internal),sif_guard_seed,N/A (internal project file),OIL-00688,synthetic,True,2025-06-25,Site A - Duliajan,oil_and_gas,UA,Maintenance,Signboard directing to the emergency assembly point was slightly bent; straightened by an operator. Noted during the daily safety walk.,None identified,UNKNOWN,UNKNOWN,UNKNOWN,UNKNOWN,UNKNOWN,UNKNOWN,No,UNKNOWN,UNKNOWN,UNKNOWN,UNKNOWN,UNKNOWN,UNKNOWN,2026-09-04T09:23:57Z,1.0.0,0,False,False
sif_guard_seed__OIL-00672,SIF-Guard project (internal),sif_guard_seed,N/A (internal project file),OIL-00672,synthetic,True,2025-06-17,Site D - Jorajan,oil_and_gas,UA,Production Operations,An operator suggested better labeling for stationery cupboards in the office. No further action required.,None identified,UNKNOWN,UNKNOWN,UNKNOWN,UNKNOWN,UNKNOWN,UNKNOWN,No,UNKNOWN,UNKNOWN,UNKNOWN,UNKNOWN,UNKNOWN,UNKNOWN,2026-09-04T09:23:57Z,1.0.0,0,False,False
sif_guard_seed__OIL-00086,SIF-Guard project (internal),sif_guard_seed,N/A (internal project file),OIL-00086,real_ihm_stefanini,False,2016-04-07,Real-Local_03,oil_and_gas,Incident,Mining,"After parking a van next to a cluster of wooden sleepers and boards, the driver, on descending, stepped on a board in which an iron nail protruded 11/2 ""long, which he did not identify as the board was submerged in a puddle of water. This accident caused a minor wound on the sole of the left foot. At the time of the accident the worker was wearing safety boots.",Others,UNKNOWN,UNKNOWN,Unknown (not recorded in source),Unknown,UNKNOWN,UNKNOWN,No,UNKNOWN,Unmapped,UNKNOWN,UNKNOWN,UNKNOWN,UNKNOWN,2026-09-04T09:23:57Z,1.0.0,0,False,False
sif_guard_seed__OIL-00301,SIF-Guard project (internal),sif_guard_seed,N/A (internal project file),OIL-00301,real_ihm_stefanini,False,2017-01-20,Real-Local_06,oil_and_gas,Incident,Metals,"At 15:05 hours, Mr. Cesar Tello-MOINSAC, was carrying out the work of assembling the water line, for that he climbs up the cat ladder and at an approximate height of 2.5 meters he vanishes and falls, hitting himself on the way, being transferred to the medical center for his attention.",Fall prevention,UNKNOWN,UNKNOWN,Unknown (not recorded in source),Unknown,UNKNOWN,UNKNOWN,Yes,UNKNOWN,Unmapped,UNKNOWN,UNKNOWN,UNKNOWN,UNKNOWN,2026-09-04T09:23:57Z,1.0.0,0,False,False
sif_guard_seed__OIL-00703,SIF-Guard project (internal),sif_guard_seed,N/A (internal project file),OIL-00703,synthetic,True,2025-07-03,Site A - Duliajan,oil_and_gas,Near Miss,Excavation,A dropped tool fell from height and narrowly missed an operator working below on the gas compressor skid area. No injury occurred.,Struck by falling/moving object,UNKNOWN,UNKNOWN,Suspended load control,Failed,UNKNOWN,UNKNOWN,Yes,UNKNOWN,Line of Fire,UNKNOWN,UNKNOWN,UNKNOWN,UNKNOWN,2026-09-04T09:23:57Z,1.0.0,0,False,False
sif_guard_seed__OIL-00479,SIF-Guard project (internal),sif_guard_seed,N/A (internal project file),OIL-00479,synthetic,True,2025-02-07,Site D - Jorajan,oil_and_gas,UA,Maintenance,"A shift technician began repair work on the pump P-204 without confirming zero-energy state, panel was later found live. The activity was halted and the area was made safe.",Unexpected energy release,UNKNOWN,UNKNOWN,Isolation verification,Missing,UNKNOWN,UNKNOWN,Yes,UNKNOWN,Energy Isolation,UNKNOWN,UNKNOWN,UNKNOWN,UNKNOWN,2026-09-04T09:23:57Z,1.0.0,0,False,False
sif_guard_seed__OIL-00208,SIF-Guard project (internal),sif_guard_seed,N/A (internal project file),OIL-00208,real_ihm_stefanini,False,2016-09-04,Real-Local_06,oil_and_gas,Incident,Metals,"In section 75 in row 12 Cell 36, the worker performs anode lifting to correct short circuit, using the auxiliary hoist and nylon sling, at which time the sling is released from the anode and hits the back of the right hand causing it the injury. Worker is seen in the Medical and transferred to a clinic for external evaluation.",Suspended Loads,UNKNOWN,UNKNOWN,Unknown (not recorded in source),Unknown,UNKNOWN,UNKNOWN,Yes,UNKNOWN,Line of Fire,UNKNOWN,UNKNOWN,UNKNOWN,UNKNOWN,2026-09-04T09:23:57Z,1.0.0,0,False,False
sif_guard_seed__OIL-00552,SIF-Guard project (internal),sif_guard_seed,N/A (internal project file),OIL-00552,synthetic,True,2025-04-03,Site C - Kumchai,oil_and_gas,UC,Maintenance,A minor paint peel was noticed on the safety information board near the hydraulic line. Corrected on the spot.,None identified,UNKNOWN,UNKNOWN,UNKNOWN,UNKNOWN,UNKNOWN,UNKNOWN,No,UNKNOWN,UNKNOWN,UNKNOWN,UNKNOWN,UNKNOWN,UNKNOWN,2026-09-04T09:23:57Z,1.0.0,0,False,False
sif_guard_seed__OIL-01291,SIF-Guard project (internal),sif_guard_seed,N/A (internal project file),OIL-01291,synthetic,True,2026-08-13,Site C - Kumchai,oil_and_gas,UC,Working at Height,An operator climbed the wellhead valve assembly structure without using fall protection equipment. Fortunately no one was in the immediate vicinity at the time.,Dropped object,UNKNOWN,UNKNOWN,Fall protection/harness,Failed,UNKNOWN,UNKNOWN,Yes,UNKNOWN,Working at Height,UNKNOWN,UNKNOWN,UNKNOWN,UNKNOWN,2026-09-04T09:23:57Z,1.0.0,0,False,False
sif_guard_seed__OIL-00968,SIF-Guard project (internal),sif_guard_seed,N/A (internal project file),OIL-00968,synthetic,True,2026-01-06,Site C - Kumchai,oil_and_gas,UC,Maintenance,Risk assessment was not completed before a contract technician began work on the pump P-204.,Unauthorized/uncontrolled work start,UNKNOWN,UNKNOWN,Permit to Work (PTW),Bypassed,UNKNOWN,UNKNOWN,Yes,UNKNOWN,Work Authorisation,UNKNOWN,UNKNOWN,UNKNOWN,UNKNOWN,2026-09-04T09:23:57Z,1.0.0,0,False,False
sif_guard_seed__OIL-01123,SIF-Guard project (internal),sif_guard_seed,N/A (internal project file),OIL-01123,synthetic,True,2026-04-15,Site A - Duliajan,oil_and_gas,UA,Production Operations,"A new joinee began repair work on the hydraulic line without confirming zero-energy state, panel was later found live. Work was stopped immediately once observed.",Unexpected energy release,UNKNOWN,UNKNOWN,Zero-energy check,Missing,UNKNOWN,UNKNOWN,Yes,UNKNOWN,Energy Isolation,UNKNOWN,UNKNOWN,UNKNOWN,UNKNOWN,2026-09-04T09:23:57Z,1.0.0,0,False,False
sif_guard_seed__OIL-00706,SIF-Guard project (internal),sif_guard_seed,N/A (internal project file),OIL-00706,synthetic,True,2025-07-04,Site E - Barekuri Pipeline,oil_and_gas,Incident,Production Operations,Stationery shelf in the site office was found disorganized during a routine walk-through.,None identified,UNKNOWN,UNKNOWN,UNKNOWN,UNKNOWN,UNKNOWN,UNKNOWN,No,UNKNOWN,UNKNOWN,UNKNOWN,UNKNOWN,UNKNOWN,UNKNOWN,2026-09-04T09:23:57Z,1.0.0,15497,False,False
sif_guard_seed__OIL-00708,SIF-Guard project (internal),sif_guard_seed,N/A (internal project file),OIL-00708,synthetic,True,2025-07-06,Site C - Kumchai,oil_and_gas,UC,Maintenance,Stationery shelf in the site office was found disorganized during a routine walk-through.,None identified,UNKNOWN,UNKNOWN,UNKNOWN,UNKNOWN,UNKNOWN,UNKNOWN,No,UNKNOWN,UNKNOWN,UNKNOWN,UNKNOWN,UNKNOWN,UNKNOWN,2026-09-04T09:23:57Z,1.0.0,15497,False,False
sif_guard_seed__OIL-00849,SIF-Guard project (internal),sif_guard_seed,N/A (internal project file),OIL-00849,synthetic,True,2025-10-08,Site A - Duliajan,oil_and_gas,Incident,Maintenance,Stationery shelf in the site office was found disorganized during a routine walk-through.,None identified,UNKNOWN,UNKNOWN,UNKNOWN,UNKNOWN,UNKNOWN,UNKNOWN,No,UNKNOWN,UNKNOWN,UNKNOWN,UNKNOWN,UNKNOWN,UNKNOWN,2026-09-04T09:23:57Z,1.0.0,15497,False,False
sif_guard_seed__OIL-01292,SIF-Guard project (internal),sif_guard_seed,N/A (internal project file),OIL-01292,synthetic,True,2026-08-14,Site E - Barekuri Pipeline,oil_and_gas,Near Miss,Production Operations,Stationery shelf in the site office was found disorganized during a routine walk-through.,None identified,UNKNOWN,UNKNOWN,UNKNOWN,UNKNOWN,UNKNOWN,UNKNOWN,No,UNKNOWN,UNKNOWN,UNKNOWN,UNKNOWN,UNKNOWN,UNKNOWN,2026-09-04T09:23:57Z,1.0.0,15497,False,False
sif_guard_seed__OIL-01324,SIF-Guard project (internal),sif_guard_seed,N/A (internal project file),OIL-01324,synthetic,True,2026-08-31,Site A - Duliajan,oil_and_gas,Near Miss,Production Operations,Stationery shelf in the site office was found disorganized during a routine walk-through.,None identified,UNKNOWN,UNKNOWN,UNKNOWN,UNKNOWN,UNKNOWN,UNKNOWN,No,UNKNOWN,UNKNOWN,UNKNOWN,UNKNOWN,UNKNOWN,UNKNOWN,2026-09-04T09:23:57Z,1.0.0,15497,False,False
sif_guard_seed__OIL-00586,SIF-Guard project (internal),sif_guard_seed,N/A (internal project file),OIL-00586,synthetic,True,2025-04-22,Site A - Duliajan,oil_and_gas,UC,Production Operations,A loose floor tile was noticed by a new joinee in the administrative block corridor. Addressed before the shift ended.,None identified,UNKNOWN,UNKNOWN,UNKNOWN,UNKNOWN,UNKNOWN,UNKNOWN,No,UNKNOWN,UNKNOWN,UNKNOWN,UNKNOWN,UNKNOWN,UNKNOWN,2026-09-04T09:23:57Z,1.0.0,0,False,False
sif_guard_seed__OIL-00872,SIF-Guard project (internal),sif_guard_seed,N/A (internal project file),OIL-00872,synthetic,True,2025-10-30,Site A - Duliajan,oil_and_gas,UA,Maintenance,Isolation certificate was not issued but an operator proceeded to open the wellhead valve assembly for inspection. This was flagged as a high-priority observation.,Unexpected energy release,UNKNOWN,UNKNOWN,Zero-energy check,Bypassed,UNKNOWN,UNKNOWN,Yes,UNKNOWN,Energy Isolation,UNKNOWN,UNKNOWN,UNKNOWN,UNKNOWN,2026-09-04T09:23:57Z,1.0.0,0,False,False
sif_guard_seed__OIL-01048,SIF-Guard project (internal),sif_guard_seed,N/A (internal project file),OIL-01048,synthetic,True,2026-03-03,Site D - Jorajan,oil_and_gas,Near Miss,Production Operations,Stationery shelf in the site office was found disorganized during a routine walk-through. Corrected on the spot.,None identified,UNKNOWN,UNKNOWN,UNKNOWN,UNKNOWN,UNKNOWN,UNKNOWN,No,UNKNOWN,UNKNOWN,UNKNOWN,UNKNOWN,UNKNOWN,UNKNOWN,2026-09-04T09:23:57Z,1.0.0,15499,False,False
sif_guard_seed__OIL-01212,SIF-Guard project (internal),sif_guard_seed,N/A (internal project file),OIL-01212,synthetic,True,2026-06-20,Site B - Moran,oil_and_gas,UC,Production Operations,Stationery shelf in the site office was found disorganized during a routine walk-through. Corrected on the spot.,None identified,UNKNOWN,UNKNOWN,UNKNOWN,UNKNOWN,UNKNOWN,UNKNOWN,No,UNKNOWN,UNKNOWN,UNKNOWN,UNKNOWN,UNKNOWN,UNKNOWN,2026-09-04T09:23:57Z,1.0.0,15499,False,False
sif_guard_seed__OIL-01274,SIF-Guard project (internal),sif_guard_seed,N/A (internal project file),OIL-01274,synthetic,True,2026-07-30,Site B - Moran,oil_and_gas,UC,Housekeeping,Stationery shelf in the site office was found disorganized during a routine walk-through. Corrected on the spot.,None identified,UNKNOWN,UNKNOWN,UNKNOWN,UNKNOWN,UNKNOWN,UNKNOWN,No,UNKNOWN,UNKNOWN,UNKNOWN,UNKNOWN,UNKNOWN,UNKNOWN,2026-09-04T09:23:57Z,1.0.0,15499,False,False
sif_guard_seed__OIL-01266,SIF-Guard project (internal),sif_guard_seed,N/A (internal project file),OIL-01266,synthetic,True,2026-07-25,Site A - Duliajan,oil_and_gas,UC,Maintenance,"A third-party worker began repair work on the gas compressor skid without confirming zero-energy state, panel was later found live.",Unexpected energy release,UNKNOWN,UNKNOWN,Isolation verification,Failed,UNKNOWN,UNKNOWN,Yes,UNKNOWN,Energy Isolation,UNKNOWN,UNKNOWN,UNKNOWN,UNKNOWN,2026-09-04T09:23:57Z,1.0.0,0,False,False
sif_guard_seed__OIL-00695,SIF-Guard project (internal),sif_guard_seed,N/A (internal project file),OIL-00695,synthetic,True,2025-06-28,Site A - Duliajan,oil_and_gas,Near Miss,Lifting Operations,Lift plan paperwork was completed but filed a day late; no impact on the lift itself. Corrected on the spot.,None identified,UNKNOWN,UNKNOWN,Load chart compliance,Adequate / Minor Gap,UNKNOWN,UNKNOWN,No,UNKNOWN,Safe Mechanical Lifting,UNKNOWN,UNKNOWN,UNKNOWN,UNKNOWN,2026-09-04T09:23:57Z,1.0.0,15447,False,False
sif_guard_seed__OIL-00983,SIF-Guard project (internal),sif_guard_seed,N/A (internal project file),OIL-00983,synthetic,True,2026-01-19,Site E - Barekuri Pipeline,oil_and_gas,UC,Lifting Operations,Lift plan paperwork was completed but filed a day late; no impact on the lift itself. Corrected on the spot.,None identified,UNKNOWN,UNKNOWN,Competent rigger/banksman,Adequate / Minor Gap,UNKNOWN,UNKNOWN,No,UNKNOWN,Safe Mechanical Lifting,UNKNOWN,UNKNOWN,UNKNOWN,UNKNOWN,2026-09-04T09:23:57Z,1.0.0,15447,False,False
sif_guard_seed__OIL-00087,SIF-Guard project (internal),sif_guard_seed,N/A (internal project file),OIL-00087,real_ihm_stefanini,False,2016-04-08,Real-Local_03,oil_and_gas,Incident,Mining,"During the maintenance of the locomotive N ° 16 in the workshop of level -1170, the assistant when pulling the locomotive chair backwards stumbles against the ventilation grille, falling on the platform of the locomotive and then to the floor of the workshop from a height 1.17m generating the injury. At the time of the accident the assistant used his safety helmet and chin strap.",Others,UNKNOWN,UNKNOWN,Unknown (not recorded in source),Unknown,UNKNOWN,UNKNOWN,Yes,UNKNOWN,Unmapped,UNKNOWN,UNKNOWN,UNKNOWN,UNKNOWN,2026-09-04T09:23:57Z,1.0.0,0,False,False
sif_guard_seed__OIL-00600,SIF-Guard project (internal),sif_guard_seed,N/A (internal project file),OIL-00600,synthetic,True,2025-05-02,Site B - Moran,oil_and_gas,UC,Confined Space Entry,No standby/rescue personnel was posted while a field engineer entered the confined space to clear a blockage.,Engulfment,UNKNOWN,UNKNOWN,Continuous atmosphere monitoring,Missing,UNKNOWN,UNKNOWN,Yes,UNKNOWN,Confined Space,UNKNOWN,UNKNOWN,UNKNOWN,UNKNOWN,2026-09-04T09:23:57Z,1.0.0,0,False,False
sif_guard_seed__OIL-00795,SIF-Guard project (internal),sif_guard_seed,N/A (internal project file),OIL-00795,synthetic,True,2025-09-06,Site B - Moran,oil_and_gas,UC,Production Operations,Signboard directing to the emergency assembly point was slightly bent; straightened by a shift technician. No further action required.,None identified,UNKNOWN,UNKNOWN,UNKNOWN,UNKNOWN,UNKNOWN,UNKNOWN,No,UNKNOWN,UNKNOWN,UNKNOWN,UNKNOWN,UNKNOWN,UNKNOWN,2026-09-04T09:23:57Z,1.0.0,0,False,False
sif_guard_seed__OIL-00577,SIF-Guard project (internal),sif_guard_seed,N/A (internal project file),OIL-00577,synthetic,True,2025-04-19,Site E - Barekuri Pipeline,oil_and_gas,UC,Production Operations,A maintenance crew member noted a squeaky door hinge in the changing room; lubricated same day. Logged for routine follow-up.,None identified,UNKNOWN,UNKNOWN,UNKNOWN,UNKNOWN,UNKNOWN,UNKNOWN,No,UNKNOWN,UNKNOWN,UNKNOWN,UNKNOWN,UNKNOWN,UNKNOWN,2026-09-04T09:23:57Z,1.0.0,0,False,False
sif_guard_seed__OIL-00355,SIF-Guard project (internal),sif_guard_seed,N/A (internal project file),OIL-00355,real_ihm_stefanini,False,2017-03-15,Real-Local_10,oil_and_gas,Incident,Others,"Team of the VMS Project performed soil collection on the Xixás target with 3 members. When the teams were moving from one collection point to another, Mr. Fabio was ahead of the team, stinging behind Robson and Manoel da Silva. near the collection point were surprised by a swarm of bees that was inside a I play near the ground, with no visibility in the woods and no hissing noise. Fabio passed by the stump, but Robson and Manoel da Silva were attacked by the bees. Robson had a sting in his left arm over his uniform and Manoel da Silva had a prick in his lip as his screen ripped as he tangled in the branches during the escape.",Venomous Animals,UNKNOWN,UNKNOWN,Unknown (not recorded in source),Unknown,UNKNOWN,UNKNOWN,No,UNKNOWN,Unmapped,UNKNOWN,UNKNOWN,UNKNOWN,UNKNOWN,2026-09-04T09:23:57Z,1.0.0,15502,False,False
sif_guard_seed__OIL-00356,SIF-Guard project (internal),sif_guard_seed,N/A (internal project file),OIL-00356,real_ihm_stefanini,False,2017-03-15,Real-Local_10,oil_and_gas,Incident,Others,"Team of the VMS Project performed soil collection on the Xixás target with 3 members. When the teams were moving from one collection point to another, Mr. Fabio was ahead of the team, stinging behind Robson and Manoel da Silva. near the collection point were surprised by a swarm of bees that was inside a I play near the ground, with no visibility in the woods and no hissing noise. Fabio passed by the stump, but Robson and Manoel da Silva were attacked by the bees. Robson had a sting in his left arm over his uniform and Manoel da Silva had a prick in his lip as his screen ripped as he tangled in the branches during the escape.",Venomous Animals,UNKNOWN,UNKNOWN,Unknown (not recorded in source),Unknown,UNKNOWN,UNKNOWN,No,UNKNOWN,Unmapped,UNKNOWN,UNKNOWN,UNKNOWN,UNKNOWN,2026-09-04T09:23:57Z,1.0.0,15502,False,False
sif_guard_seed__OIL-00825,SIF-Guard project (internal),sif_guard_seed,N/A (internal project file),OIL-00825,synthetic,True,2025-09-24,Site B - Moran,oil_and_gas,UA,Scaffolding,A third-party worker noted a minor gap in toe-board on a low-height platform; corrected same day. Corrected on the spot.,None identified,UNKNOWN,UNKNOWN,Guardrails,Adequate / Minor Gap,UNKNOWN,UNKNOWN,No,UNKNOWN,Working at Height,UNKNOWN,UNKNOWN,UNKNOWN,UNKNOWN,2026-09-04T09:23:57Z,1.0.0,0,False,False
sif_guard_seed__OIL-00392,SIF-Guard project (internal),sif_guard_seed,N/A (internal project file),OIL-00392,real_ihm_stefanini,False,2017-05-16,Real-Local_03,oil_and_gas,Incident,Mining,"In the area of ​​machine tools of the Maestranza the mechanic (injured) was operating the bench drill drilling a metal jacket of 25 ""x 26"" x 3/4 ""(lining) to install in the Skip; this moment he was accompanied by the mechanic Albino who manipulated the jacket and directed the maneuvers on the right side of the drill. Mr. Albino tells him to stop the drill to verify the depth of the drill, Luis lifts the Chuck and Albino pulls the iron and verifies that everything is fine and communicates that they will restart with the drilling of the other holes. that moment, the victim without apparent reason crosses his left arm with the drill on and is caught by the drill in his work clothes causing the injury described.",Others,UNKNOWN,UNKNOWN,Unknown (not recorded in source),Unknown,UNKNOWN,UNKNOWN,Yes,UNKNOWN,Unmapped,UNKNOWN,UNKNOWN,UNKNOWN,UNKNOWN,2026-09-04T09:23:57Z,1.0.0,0,False,False
sif_guard_seed__OIL-01152,SIF-Guard project (internal),sif_guard_seed,N/A (internal project file),OIL-01152,synthetic,True,2026-05-06,Site D - Jorajan,oil_and_gas,UC,Maintenance,A field engineer overrode the safety interlock on the compressor to continue operations during a fault.,Removed machine guard,UNKNOWN,UNKNOWN,Interlock system,Missing,UNKNOWN,UNKNOWN,Yes,UNKNOWN,Bypassing Safety Controls,UNKNOWN,UNKNOWN,UNKNOWN,UNKNOWN,2026-09-04T09:23:57Z,1.0.0,0,False,False
sif_guard_seed__OIL-01318,SIF-Guard project (internal),sif_guard_seed,N/A (internal project file),OIL-01318,synthetic,True,2026-08-30,Site B - Moran,oil_and_gas,Near Miss,Drilling Operations,A rigger proceeded with work outside the scope authorized on the permit. This was flagged as a high-priority observation.,Unauthorized/uncontrolled work start,UNKNOWN,UNKNOWN,Supervisory authorization,Missing,UNKNOWN,UNKNOWN,Yes,UNKNOWN,Work Authorisation,UNKNOWN,UNKNOWN,UNKNOWN,UNKNOWN,2026-09-04T09:23:57Z,1.0.0,0,False,False
sif_guard_seed__OIL-01325,SIF-Guard project (internal),sif_guard_seed,N/A (internal project file),OIL-01325,synthetic,True,2026-08-31,Site A - Duliajan,oil_and_gas,UA,Production Operations,A rigger reported that the office AC filter needed cleaning. Corrected on the spot.,None identified,UNKNOWN,UNKNOWN,UNKNOWN,UNKNOWN,UNKNOWN,UNKNOWN,No,UNKNOWN,UNKNOWN,UNKNOWN,UNKNOWN,UNKNOWN,UNKNOWN,2026-09-04T09:23:57Z,1.0.0,0,False,False
sif_guard_seed__OIL-00354,SIF-Guard project (internal),sif_guard_seed,N/A (internal project file),OIL-00354,real_ihm_stefanini,False,2017-03-10,Real-Local_03,oil_and_gas,Incident,Mining,"In the Nv. 2930 - Chamber of accumulation of aggregates: When the worker, made the cast of shotcrete towards the crown of the work, at 2:00 p.m. he perceives discomfort and fogging of the full face, then decides to take it off and chooses to use only his safety glasses for comfort to continue with the thrown shotcrete, at 3:45 p.m. suffers the projection of shotcrete rebound particles in the left eye.",Individual protection equipment,UNKNOWN,UNKNOWN,Unknown (not recorded in source),Unknown,UNKNOWN,UNKNOWN,Yes,UNKNOWN,Unmapped,UNKNOWN,UNKNOWN,UNKNOWN,UNKNOWN,2026-09-04T09:23:57Z,1.0.0,0,False,False
sif_guard_seed__OIL-00814,SIF-Guard project (internal),sif_guard_seed,N/A (internal project file),OIL-00814,synthetic,True,2025-09-18,Site B - Moran,oil_and_gas,UC,Transportation,Tyre pressure was marginally low on a parked vehicle; corrected during routine check. Corrected on the spot.,None identified,UNKNOWN,UNKNOWN,Seatbelt use,Adequate / Minor Gap,UNKNOWN,UNKNOWN,No,UNKNOWN,Driving,UNKNOWN,UNKNOWN,UNKNOWN,UNKNOWN,2026-09-04T09:23:57Z,1.0.0,0,False,False
sif_guard_seed__OIL-00076,SIF-Guard project (internal),sif_guard_seed,N/A (internal project file),OIL-00076,real_ihm_stefanini,False,2016-04-02,Real-Local_01,oil_and_gas,Incident,Mining,"Parking the equipment Dumper ° 18 in the maintenance workshop, the mechanic asks the operator to back off the equipment for washing, then the operator starts the reverse gear with the cab door fully open, upon reaching the washing area (8 meters behind), brakes and the cabin door closes untimely and hits your face, causing a minor injury. In the area was the mechanic at floor level in a safe place.",Others,UNKNOWN,UNKNOWN,Unknown (not recorded in source),Unknown,UNKNOWN,UNKNOWN,No,UNKNOWN,Unmapped,UNKNOWN,UNKNOWN,UNKNOWN,UNKNOWN,2026-09-04T09:23:57Z,1.0.0,0,False,False
sif_guard_seed__OIL-00164,SIF-Guard project (internal),sif_guard_seed,N/A (internal project file),OIL-00164,real_ihm_stefanini,False,2016-07-04,Real-Local_06,oil_and_gas,Incident,Metals,"At 11:00 a.m., Mr. Frank with the support of another mechanic, was preparing to place on the floor a metal part called the rear bridge of the forklift. At that moment the part moving part moves generating a blow to the middle finger of the left hand",Pressed,UNKNOWN,UNKNOWN,Unknown (not recorded in source),Unknown,UNKNOWN,UNKNOWN,Yes,UNKNOWN,Unmapped,UNKNOWN,UNKNOWN,UNKNOWN,UNKNOWN,2026-09-04T09:23:57Z,1.0.0,0,False,False
sif_guard_seed__OIL-00836,SIF-Guard project (internal),sif_guard_seed,N/A (internal project file),OIL-00836,synthetic,True,2025-09-30,Site A - Duliajan,oil_and_gas,UC,Transportation,An operator observed faded exclusion-zone markings near the transformer bay; reported for repainting. Corrected on the spot.,None identified,UNKNOWN,UNKNOWN,Signage,Adequate / Minor Gap,UNKNOWN,UNKNOWN,No,UNKNOWN,Line of Fire,UNKNOWN,UNKNOWN,UNKNOWN,UNKNOWN,2026-09-04T09:23:57Z,1.0.0,0,False,False
sif_guard_seed__OIL-00752,SIF-Guard project (internal),sif_guard_seed,N/A (internal project file),OIL-00752,synthetic,True,2025-08-04,Site C - Kumchai,oil_and_gas,Near Miss,Housekeeping,A field engineer observed a torn notice board sheet near the muster point; replaced during rounds. Addressed before the shift ended.,None identified,UNKNOWN,UNKNOWN,UNKNOWN,UNKNOWN,UNKNOWN,UNKNOWN,No,UNKNOWN,UNKNOWN,UNKNOWN,UNKNOWN,UNKNOWN,UNKNOWN,2026-09-04T09:23:57Z,1.0.0,15350,False,False
sif_guard_seed__OIL-00889,SIF-Guard project (internal),sif_guard_seed,N/A (internal project file),OIL-00889,synthetic,True,2025-11-08,Site E - Barekuri Pipeline,oil_and_gas,UC,Maintenance,A field engineer observed a torn notice board sheet near the muster point; replaced during rounds. Addressed before the shift ended.,None identified,UNKNOWN,UNKNOWN,UNKNOWN,UNKNOWN,UNKNOWN,UNKNOWN,No,UNKNOWN,UNKNOWN,UNKNOWN,UNKNOWN,UNKNOWN,UNKNOWN,2026-09-04T09:23:57Z,1.0.0,15350,False,False
sif_guard_seed__OIL-00480,SIF-Guard project (internal),sif_guard_seed,N/A (internal project file),OIL-00480,synthetic,True,2025-02-08,Site B - Moran,oil_and_gas,UA,Maintenance,Noise from a printer in the office was reported as mildly disruptive.,None identified,UNKNOWN,UNKNOWN,UNKNOWN,UNKNOWN,UNKNOWN,UNKNOWN,No,UNKNOWN,UNKNOWN,UNKNOWN,UNKNOWN,UNKNOWN,UNKNOWN,2026-09-04T09:23:57Z,1.0.0,15465,False,False
sif_guard_seed__OIL-00635,SIF-Guard project (internal),sif_guard_seed,N/A (internal project file),OIL-00635,synthetic,True,2025-05-26,Site B - Moran,oil_and_gas,UA,Housekeeping,Noise from a printer in the office was reported as mildly disruptive.,None identified,UNKNOWN,UNKNOWN,UNKNOWN,UNKNOWN,UNKNOWN,UNKNOWN,No,UNKNOWN,UNKNOWN,UNKNOWN,UNKNOWN,UNKNOWN,UNKNOWN,2026-09-04T09:23:57Z,1.0.0,15465,False,False
sif_guard_seed__OIL-00718,SIF-Guard project (internal),sif_guard_seed,N/A (internal project file),OIL-00718,synthetic,True,2025-07-14,Site B - Moran,oil_and_gas,UA,Housekeeping,Noise from a printer in the office was reported as mildly disruptive.,None identified,UNKNOWN,UNKNOWN,UNKNOWN,UNKNOWN,UNKNOWN,UNKNOWN,No,UNKNOWN,UNKNOWN,UNKNOWN,UNKNOWN,UNKNOWN,UNKNOWN,2026-09-04T09:23:57Z,1.0.0,15465,False,False
sif_guard_seed__OIL-00760,SIF-Guard project (internal),sif_guard_seed,N/A (internal project file),OIL-00760,synthetic,True,2025-08-13,Site B - Moran,oil_and_gas,Near Miss,Maintenance,Noise from a printer in the office was reported as mildly disruptive.,None identified,UNKNOWN,UNKNOWN,UNKNOWN,UNKNOWN,UNKNOWN,UNKNOWN,No,UNKNOWN,UNKNOWN,UNKNOWN,UNKNOWN,UNKNOWN,UNKNOWN,2026-09-04T09:23:57Z,1.0.0,15465,False,False
sif_guard_seed__OIL-00858,SIF-Guard project (internal),sif_guard_seed,N/A (internal project file),OIL-00858,synthetic,True,2025-10-16,Site E - Barekuri Pipeline,oil_and_gas,UC,Housekeeping,Noise from a printer in the office was reported as mildly disruptive.,None identified,UNKNOWN,UNKNOWN,UNKNOWN,UNKNOWN,UNKNOWN,UNKNOWN,No,UNKNOWN,UNKNOWN,UNKNOWN,UNKNOWN,UNKNOWN,UNKNOWN,2026-09-04T09:23:57Z,1.0.0,15465,False,False
sif_guard_seed__OIL-00939,SIF-Guard project (internal),sif_guard_seed,N/A (internal project file),OIL-00939,synthetic,True,2025-12-16,Site E - Barekuri Pipeline,oil_and_gas,Incident,Housekeeping,Noise from a printer in the office was reported as mildly disruptive.,None identified,UNKNOWN,UNKNOWN,UNKNOWN,UNKNOWN,UNKNOWN,UNKNOWN,No,UNKNOWN,UNKNOWN,UNKNOWN,UNKNOWN,UNKNOWN,UNKNOWN,2026-09-04T09:23:57Z,1.0.0,15465,False,False
sif_guard_seed__OIL-00984,SIF-Guard project (internal),sif_guard_seed,N/A (internal project file),OIL-00984,synthetic,True,2026-01-19,Site C - Kumchai,oil_and_gas,UA,Maintenance,Noise from a printer in the office was reported as mildly disruptive.,None identified,UNKNOWN,UNKNOWN,UNKNOWN,UNKNOWN,UNKNOWN,UNKNOWN,No,UNKNOWN,UNKNOWN,UNKNOWN,UNKNOWN,UNKNOWN,UNKNOWN,2026-09-04T09:23:57Z,1.0.0,15465,False,False
sif_guard_seed__OIL-01044,SIF-Guard project (internal),sif_guard_seed,N/A (internal project file),OIL-01044,synthetic,True,2026-03-02,Site D - Jorajan,oil_and_gas,Near Miss,Production Operations,Noise from a printer in the office was reported as mildly disruptive.,None identified,UNKNOWN,UNKNOWN,UNKNOWN,UNKNOWN,UNKNOWN,UNKNOWN,No,UNKNOWN,UNKNOWN,UNKNOWN,UNKNOWN,UNKNOWN,UNKNOWN,2026-09-04T09:23:57Z,1.0.0,15465,False,False
sif_guard_seed__OIL-00791,SIF-Guard project (internal),sif_guard_seed,N/A (internal project file),OIL-00791,synthetic,True,2025-09-05,Site E - Barekuri Pipeline,oil_and_gas,UC,Production Operations,A shift technician noted a squeaky door hinge in the changing room; lubricated same day. Addressed before the shift ended.,None identified,UNKNOWN,UNKNOWN,UNKNOWN,UNKNOWN,UNKNOWN,UNKNOWN,No,UNKNOWN,UNKNOWN,UNKNOWN,UNKNOWN,UNKNOWN,UNKNOWN,2026-09-04T09:23:57Z,1.0.0,0,False,False
sif_guard_seed__OIL-01203,SIF-Guard project (internal),sif_guard_seed,N/A (internal project file),OIL-01203,synthetic,True,2026-06-14,Site E - Barekuri Pipeline,oil_and_gas,Near Miss,Production Operations,A pipe section slipped from rigging and struck the barricade near where a maintenance crew member was standing. No injury occurred.,Struck by falling/moving object,UNKNOWN,UNKNOWN,Barricading/exclusion zone,Bypassed,UNKNOWN,UNKNOWN,Yes,UNKNOWN,Line of Fire,UNKNOWN,UNKNOWN,UNKNOWN,UNKNOWN,2026-09-04T09:23:57Z,1.0.0,0,False,False
sif_guard_seed__OIL-00337,SIF-Guard project (internal),sif_guard_seed,N/A (internal project file),OIL-00337,real_ihm_stefanini,False,2017-02-25,Real-Local_01,oil_and_gas,Incident,Mining,"During the mining cycle at the Chimney 410; before starting with the drilling work to anchor the lane of the alimak system, the collaborator squat to pick up a manual tool that is on the platform; it is at this moment that the jackleg team loses its position and projects towards the back of the collaborator generating the injury.",Fall,UNKNOWN,UNKNOWN,Unknown (not recorded in source),Unknown,UNKNOWN,UNKNOWN,Yes,UNKNOWN,Working at Height,UNKNOWN,UNKNOWN,UNKNOWN,UNKNOWN,2026-09-04T09:23:57Z,1.0.0,0,False,False
sif_guard_seed__OIL-00729,SIF-Guard project (internal),sif_guard_seed,N/A (internal project file),OIL-00729,synthetic,True,2025-07-22,Site B - Moran,oil_and_gas,UC,Housekeeping,"General cleanliness observation: canteen floor was slightly wet near the entrance, mopped promptly. Corrected on the spot.",None identified,UNKNOWN,UNKNOWN,UNKNOWN,UNKNOWN,UNKNOWN,UNKNOWN,No,UNKNOWN,UNKNOWN,UNKNOWN,UNKNOWN,UNKNOWN,UNKNOWN,2026-09-04T09:23:57Z,1.0.0,15424,False,False
sif_guard_seed__OIL-00799,SIF-Guard project (internal),sif_guard_seed,N/A (internal project file),OIL-00799,synthetic,True,2025-09-10,Site D - Jorajan,oil_and_gas,UA,Maintenance,"General cleanliness observation: canteen floor was slightly wet near the entrance, mopped promptly. Corrected on the spot.",None identified,UNKNOWN,UNKNOWN,UNKNOWN,UNKNOWN,UNKNOWN,UNKNOWN,No,UNKNOWN,UNKNOWN,UNKNOWN,UNKNOWN,UNKNOWN,UNKNOWN,2026-09-04T09:23:57Z,1.0.0,15424,False,False
sif_guard_seed__OIL-00587,SIF-Guard project (internal),sif_guard_seed,N/A (internal project file),OIL-00587,synthetic,True,2025-04-24,Site C - Kumchai,oil_and_gas,UA,Vehicle Movement,Vehicle inspection checklist had a minor missing signature; corrected before dispatch. Addressed before the shift ended.,None identified,UNKNOWN,UNKNOWN,Journey management plan,Adequate / Minor Gap,UNKNOWN,UNKNOWN,No,UNKNOWN,Driving,UNKNOWN,UNKNOWN,UNKNOWN,UNKNOWN,2026-09-04T09:23:57Z,1.0.0,15507,False,False
sif_guard_seed__OIL-00602,SIF-Guard project (internal),sif_guard_seed,N/A (internal project file),OIL-00602,synthetic,True,2025-05-03,Site A - Duliajan,oil_and_gas,Near Miss,Vehicle Movement,Vehicle inspection checklist had a minor missing signature; corrected before dispatch. Addressed before the shift ended.,None identified,UNKNOWN,UNKNOWN,Journey management plan,Adequate / Minor Gap,UNKNOWN,UNKNOWN,No,UNKNOWN,Driving,UNKNOWN,UNKNOWN,UNKNOWN,UNKNOWN,2026-09-04T09:23:57Z,1.0.0,15507,False,False
sif_guard_seed__OIL-01255,SIF-Guard project (internal),sif_guard_seed,N/A (internal project file),OIL-01255,synthetic,True,2026-07-19,Site A - Duliajan,oil_and_gas,UA,Vehicle Movement,Vehicle inspection checklist had a minor missing signature; corrected before dispatch. Addressed before the shift ended.,None identified,UNKNOWN,UNKNOWN,Fatigue management,Adequate / Minor Gap,UNKNOWN,UNKNOWN,No,UNKNOWN,Driving,UNKNOWN,UNKNOWN,UNKNOWN,UNKNOWN,2026-09-04T09:23:57Z,1.0.0,15507,False,False
sif_guard_seed__OIL-01112,SIF-Guard project (internal),sif_guard_seed,N/A (internal project file),OIL-01112,synthetic,True,2026-04-11,Site A - Duliajan,oil_and_gas,Near Miss,Housekeeping,A shift technician suggested better labeling for stationery cupboards in the office. Corrected on the spot.,None identified,UNKNOWN,UNKNOWN,UNKNOWN,UNKNOWN,UNKNOWN,UNKNOWN,No,UNKNOWN,UNKNOWN,UNKNOWN,UNKNOWN,UNKNOWN,UNKNOWN,2026-09-04T09:23:57Z,1.0.0,0,False,False
sif_guard_seed__OIL-00321,SIF-Guard project (internal),sif_guard_seed,N/A (internal project file),OIL-00321,real_ihm_stefanini,False,2017-02-08,Real-Local_08,oil_and_gas,Incident,Metals,"During the activity for packaging the cylindrical piece on the easel, the employee carried the pieces to the designated place where he had his finger pressed between the metal pieces that were being moved.",Pressed,UNKNOWN,UNKNOWN,Unknown (not recorded in source),Unknown,UNKNOWN,UNKNOWN,No,UNKNOWN,Unmapped,UNKNOWN,UNKNOWN,UNKNOWN,UNKNOWN,2026-09-04T09:23:57Z,1.0.0,0,False,False
sif_guard_seed__OIL-00511,SIF-Guard project (internal),sif_guard_seed,N/A (internal project file),OIL-00511,synthetic,True,2025-03-13,Site E - Barekuri Pipeline,oil_and_gas,UC,Production Operations,A field engineer observed a torn notice board sheet near the muster point; replaced during rounds. Corrected on the spot.,None identified,UNKNOWN,UNKNOWN,UNKNOWN,UNKNOWN,UNKNOWN,UNKNOWN,No,UNKNOWN,UNKNOWN,UNKNOWN,UNKNOWN,UNKNOWN,UNKNOWN,2026-09-04T09:23:57Z,1.0.0,0,False,False
sif_guard_seed__OIL-00418,SIF-Guard project (internal),sif_guard_seed,N/A (internal project file),OIL-00418,real_ihm_stefanini,False,2017-06-22,Real-Local_10,oil_and_gas,Incident,Others,"The technician was returning from his activities on the bite, when he stepped on a loose rock over a sloping region. She released herself unbalancing the employee who stepped on false, twisting her ankle.",Others,UNKNOWN,UNKNOWN,Unknown (not recorded in source),Unknown,UNKNOWN,UNKNOWN,Yes,UNKNOWN,Unmapped,UNKNOWN,UNKNOWN,UNKNOWN,UNKNOWN,2026-09-04T09:23:57Z,1.0.0,0,False,False
sif_guard_seed__OIL-00670,SIF-Guard project (internal),sif_guard_seed,N/A (internal project file),OIL-00670,synthetic,True,2025-06-15,Site A - Duliajan,oil_and_gas,UA,Hot Work,Hot work permit was signed but the copy at the site was slightly torn; replaced with new copy. Noted during the daily safety walk.,None identified,UNKNOWN,UNKNOWN,Fire extinguishing equipment on site,Adequate / Minor Gap,UNKNOWN,UNKNOWN,No,UNKNOWN,Hot Work,UNKNOWN,UNKNOWN,UNKNOWN,UNKNOWN,2026-09-04T09:23:57Z,1.0.0,15431,False,False
sif_guard_seed__OIL-01049,SIF-Guard project (internal),sif_guard_seed,N/A (internal project file),OIL-01049,synthetic,True,2026-03-03,Site C - Kumchai,oil_and_gas,UC,Maintenance,Hot work permit was signed but the copy at the site was slightly torn; replaced with new copy. Noted during the daily safety walk.,None identified,UNKNOWN,UNKNOWN,Fire extinguishing equipment on site,Adequate / Minor Gap,UNKNOWN,UNKNOWN,No,UNKNOWN,Hot Work,UNKNOWN,UNKNOWN,UNKNOWN,UNKNOWN,2026-09-04T09:23:57Z,1.0.0,15431,False,False
sif_guard_seed__OIL-01304,SIF-Guard project (internal),sif_guard_seed,N/A (internal project file),OIL-01304,synthetic,True,2026-08-23,Site D - Jorajan,oil_and_gas,UA,Maintenance,Isolation point signage near the gas compressor skid was partially obscured by dust; cleaned during routine round. Corrected on the spot.,None identified,UNKNOWN,UNKNOWN,Lockout/Tagout (LOTO),Adequate / Minor Gap,UNKNOWN,UNKNOWN,No,UNKNOWN,Energy Isolation,UNKNOWN,UNKNOWN,UNKNOWN,UNKNOWN,2026-09-04T09:23:57Z,1.0.0,0,False,False
sif_guard_seed__OIL-01022,SIF-Guard project (internal),sif_guard_seed,N/A (internal project file),OIL-01022,synthetic,True,2026-02-18,Site E - Barekuri Pipeline,oil_and_gas,UA,Housekeeping,An operator reported a flickering light in the break room; maintenance ticket raised. Corrected on the spot.,None identified,UNKNOWN,UNKNOWN,UNKNOWN,UNKNOWN,UNKNOWN,UNKNOWN,No,UNKNOWN,UNKNOWN,UNKNOWN,UNKNOWN,UNKNOWN,UNKNOWN,2026-09-04T09:23:57Z,1.0.0,0,False,False
sif_guard_seed__OIL-00429,SIF-Guard project (internal),sif_guard_seed,N/A (internal project file),OIL-00429,synthetic,True,2025-01-03,Site D - Jorajan,oil_and_gas,UA,Production Operations,"General cleanliness observation: canteen floor was slightly wet near the entrance, mopped promptly. Addressed before the shift ended.",None identified,UNKNOWN,UNKNOWN,UNKNOWN,UNKNOWN,UNKNOWN,UNKNOWN,No,UNKNOWN,UNKNOWN,UNKNOWN,UNKNOWN,UNKNOWN,UNKNOWN,2026-09-04T09:23:57Z,1.0.0,15423,False,False
sif_guard_seed__OIL-01037,SIF-Guard project (internal),sif_guard_seed,N/A (internal project file),OIL-01037,synthetic,True,2026-02-27,Site B - Moran,oil_and_gas,UA,Housekeeping,"General cleanliness observation: canteen floor was slightly wet near the entrance, mopped promptly. Addressed before the shift ended.",None identified,UNKNOWN,UNKNOWN,UNKNOWN,UNKNOWN,UNKNOWN,UNKNOWN,No,UNKNOWN,UNKNOWN,UNKNOWN,UNKNOWN,UNKNOWN,UNKNOWN,2026-09-04T09:23:57Z,1.0.0,15423,False,False
sif_guard_seed__OIL-01185,SIF-Guard project (internal),sif_guard_seed,N/A (internal project file),OIL-01185,synthetic,True,2026-06-04,Site C - Kumchai,oil_and_gas,UC,Maintenance,"General cleanliness observation: canteen floor was slightly wet near the entrance, mopped promptly. Addressed before the shift ended.",None identified,UNKNOWN,UNKNOWN,UNKNOWN,UNKNOWN,UNKNOWN,UNKNOWN,No,UNKNOWN,UNKNOWN,UNKNOWN,UNKNOWN,UNKNOWN,UNKNOWN,2026-09-04T09:23:57Z,1.0.0,15423,False,False
sif_guard_seed__OIL-00616,SIF-Guard project (internal),sif_guard_seed,N/A (internal project file),OIL-00616,synthetic,True,2025-05-14,Site B - Moran,oil_and_gas,UC,Confined Space Entry,Continuous atmosphere monitoring was not maintained while a third-party worker worked inside the tank; monitor was left outside.,Engulfment,UNKNOWN,UNKNOWN,Rescue plan/standby,Failed,UNKNOWN,UNKNOWN,Yes,UNKNOWN,Confined Space,UNKNOWN,UNKNOWN,UNKNOWN,UNKNOWN,2026-09-04T09:23:57Z,1.0.0,0,False,False
sif_guard_seed__OIL-00593,SIF-Guard project (internal),sif_guard_seed,N/A (internal project file),OIL-00593,synthetic,True,2025-04-29,Site A - Duliajan,oil_and_gas,Near Miss,Scaffolding,Scaffold inspection tag was missing but a shift technician used the scaffold to access elevated piping. This was flagged as a high-priority observation.,Dropped object,UNKNOWN,UNKNOWN,Scaffold inspection tag,Failed,UNKNOWN,UNKNOWN,Yes,UNKNOWN,Working at Height,UNKNOWN,UNKNOWN,UNKNOWN,UNKNOWN,2026-09-04T09:23:57Z,1.0.0,0,False,False
sif_guard_seed__OIL-00313,SIF-Guard project (internal),sif_guard_seed,N/A (internal project file),OIL-00313,real_ihm_stefanini,False,2017-01-31,Real-Local_01,oil_and_gas,Incident,Mining,"Upon entering the mine interior; the bodeguero is located only in the litorina N ° 13, last of the convoy; during its displacement, the litorina derails and advances approximately 15 meters; it is when the operator observes this event and before entering through the entrance gate paralyzes the displacement of the convoy. The winemaker had his full EPPs on.",Vehicles and Mobile Equipment,UNKNOWN,UNKNOWN,Unknown (not recorded in source),Unknown,UNKNOWN,UNKNOWN,Yes,UNKNOWN,Driving,UNKNOWN,UNKNOWN,UNKNOWN,UNKNOWN,2026-09-04T09:23:57Z,1.0.0,0,False,False
sif_guard_seed__OIL-00747,SIF-Guard project (internal),sif_guard_seed,N/A (internal project file),OIL-00747,synthetic,True,2025-08-01,Site C - Kumchai,oil_and_gas,Near Miss,Transportation,A third-party worker was found using a mobile phone while driving a light vehicle on-site. This was flagged as a high-priority observation.,Vehicle collision,UNKNOWN,UNKNOWN,Journey management plan,Failed,UNKNOWN,UNKNOWN,Yes,UNKNOWN,Driving,UNKNOWN,UNKNOWN,UNKNOWN,UNKNOWN,2026-09-04T09:23:57Z,1.0.0,0,False,False
sif_guard_seed__OIL-01164,SIF-Guard project (internal),sif_guard_seed,N/A (internal project file),OIL-01164,synthetic,True,2026-05-15,Site D - Jorajan,oil_and_gas,Near Miss,Production Operations,A third-party worker reported a flickering light in the break room; maintenance ticket raised. Corrected on the spot.,None identified,UNKNOWN,UNKNOWN,UNKNOWN,UNKNOWN,UNKNOWN,UNKNOWN,No,UNKNOWN,UNKNOWN,UNKNOWN,UNKNOWN,UNKNOWN,UNKNOWN,2026-09-04T09:23:57Z,1.0.0,0,False,False
sif_guard_seed__OIL-00421,SIF-Guard project (internal),sif_guard_seed,N/A (internal project file),OIL-00421,real_ihm_stefanini,False,2017-07-04,Real-Local_04,oil_and_gas,Incident,Mining,"Being approximately 5:00 a.m. approximately, when lifting the Kelly HQ towards the pulley of the frame to align it, the assistant Marco that is in the later one is struck the hand against the frame generating the injury.",Others,UNKNOWN,UNKNOWN,Unknown (not recorded in source),Unknown,UNKNOWN,UNKNOWN,No,UNKNOWN,Unmapped,UNKNOWN,UNKNOWN,UNKNOWN,UNKNOWN,2026-09-04T09:23:57Z,1.0.0,0,False,False
sif_guard_seed__OIL-00810,SIF-Guard project (internal),sif_guard_seed,N/A (internal project file),OIL-00810,synthetic,True,2025-09-14,Site B - Moran,oil_and_gas,UA,Housekeeping,A maintenance crew member was found not wearing safety glasses while filing paperwork in the site office. No further action required.,None identified,UNKNOWN,UNKNOWN,UNKNOWN,UNKNOWN,UNKNOWN,UNKNOWN,No,UNKNOWN,UNKNOWN,UNKNOWN,UNKNOWN,UNKNOWN,UNKNOWN,2026-09-04T09:23:57Z,1.0.0,0,False,False
sif_guard_seed__OIL-00692,SIF-Guard project (internal),sif_guard_seed,N/A (internal project file),OIL-00692,synthetic,True,2025-06-27,Site E - Barekuri Pipeline,oil_and_gas,UA,Maintenance,JSA document was signed but missing one supervisor initial; obtained same shift. Corrected on the spot.,None identified,UNKNOWN,UNKNOWN,Permit to Work (PTW),Adequate / Minor Gap,UNKNOWN,UNKNOWN,No,UNKNOWN,Work Authorisation,UNKNOWN,UNKNOWN,UNKNOWN,UNKNOWN,2026-09-04T09:23:57Z,1.0.0,15443,False,False
sif_guard_seed__OIL-00925,SIF-Guard project (internal),sif_guard_seed,N/A (internal project file),OIL-00925,synthetic,True,2025-12-06,Site D - Jorajan,oil_and_gas,UC,Maintenance,JSA document was signed but missing one supervisor initial; obtained same shift. Corrected on the spot.,None identified,UNKNOWN,UNKNOWN,Permit to Work (PTW),Adequate / Minor Gap,UNKNOWN,UNKNOWN,No,UNKNOWN,Work Authorisation,UNKNOWN,UNKNOWN,UNKNOWN,UNKNOWN,2026-09-04T09:23:57Z,1.0.0,15443,False,False
sif_guard_seed__OIL-00878,SIF-Guard project (internal),sif_guard_seed,N/A (internal project file),OIL-00878,synthetic,True,2025-11-03,Site A - Duliajan,oil_and_gas,UC,Electrical Work,"A field engineer began repair work on the hydraulic line without confirming zero-energy state, panel was later found live. No injury occurred.",Unexpected energy release,UNKNOWN,UNKNOWN,Lockout/Tagout (LOTO),Missing,UNKNOWN,UNKNOWN,Yes,UNKNOWN,Energy Isolation,UNKNOWN,UNKNOWN,UNKNOWN,UNKNOWN,2026-09-04T09:23:57Z,1.0.0,0,False,False
sif_guard_seed__OIL-00119,SIF-Guard project (internal),sif_guard_seed,N/A (internal project file),OIL-00119,real_ihm_stefanini,False,2016-05-14,Real-Local_01,oil_and_gas,Incident,Mining,"After completing the welding work on the backhoe bucket made for 4 hours, during which he used glass moon # 10, the welder feels a slight discomfort in the eyes, so he is transferred to the medical service for evaluation . During the accident the welder used facial mask for welding.",Others,UNKNOWN,UNKNOWN,Unknown (not recorded in source),Unknown,UNKNOWN,UNKNOWN,Yes,UNKNOWN,Unmapped,UNKNOWN,UNKNOWN,UNKNOWN,UNKNOWN,2026-09-04T09:23:57Z,1.0.0,0,False,False
sif_guard_seed__OIL-00738,SIF-Guard project (internal),sif_guard_seed,N/A (internal project file),OIL-00738,synthetic,True,2025-07-27,Site A - Duliajan,oil_and_gas,UC,Maintenance,Permit to work had a minor clerical omission in the time field; corrected before work start. Logged for routine follow-up.,None identified,UNKNOWN,UNKNOWN,Supervisory authorization,Adequate / Minor Gap,UNKNOWN,UNKNOWN,No,UNKNOWN,Work Authorisation,UNKNOWN,UNKNOWN,UNKNOWN,UNKNOWN,2026-09-04T09:23:57Z,1.0.0,15475,False,False
sif_guard_seed__OIL-00892,SIF-Guard project (internal),sif_guard_seed,N/A (internal project file),OIL-00892,synthetic,True,2025-11-09,Site C - Kumchai,oil_and_gas,UC,Maintenance,Permit to work had a minor clerical omission in the time field; corrected before work start. Logged for routine follow-up.,None identified,UNKNOWN,UNKNOWN,Permit to Work (PTW),Adequate / Minor Gap,UNKNOWN,UNKNOWN,No,UNKNOWN,Work Authorisation,UNKNOWN,UNKNOWN,UNKNOWN,UNKNOWN,2026-09-04T09:23:57Z,1.0.0,15475,False,False
sif_guard_seed__OIL-00535,SIF-Guard project (internal),sif_guard_seed,N/A (internal project file),OIL-00535,synthetic,True,2025-03-27,Site D - Jorajan,oil_and_gas,Near Miss,Maintenance,A minor paint peel was noticed on the safety information board near the pump P-204.,None identified,UNKNOWN,UNKNOWN,UNKNOWN,UNKNOWN,UNKNOWN,UNKNOWN,No,UNKNOWN,UNKNOWN,UNKNOWN,UNKNOWN,UNKNOWN,UNKNOWN,2026-09-04T09:23:57Z,1.0.0,15363,False,False
sif_guard_seed__OIL-00829,SIF-Guard project (internal),sif_guard_seed,N/A (internal project file),OIL-00829,synthetic,True,2025-09-27,Site A - Duliajan,oil_and_gas,Incident,Maintenance,A minor paint peel was noticed on the safety information board near the pump P-204.,None identified,UNKNOWN,UNKNOWN,UNKNOWN,UNKNOWN,UNKNOWN,UNKNOWN,No,UNKNOWN,UNKNOWN,UNKNOWN,UNKNOWN,UNKNOWN,UNKNOWN,2026-09-04T09:23:57Z,1.0.0,15363,False,False
sif_guard_seed__OIL-01182,SIF-Guard project (internal),sif_guard_seed,N/A (internal project file),OIL-01182,synthetic,True,2026-05-31,Site B - Moran,oil_and_gas,UA,Housekeeping,Signboard directing to the emergency assembly point was slightly bent; straightened by a new joinee.,None identified,UNKNOWN,UNKNOWN,UNKNOWN,UNKNOWN,UNKNOWN,UNKNOWN,No,UNKNOWN,UNKNOWN,UNKNOWN,UNKNOWN,UNKNOWN,UNKNOWN,2026-09-04T09:23:57Z,1.0.0,15490,False,False
sif_guard_seed__OIL-01238,SIF-Guard project (internal),sif_guard_seed,N/A (internal project file),OIL-01238,synthetic,True,2026-07-05,Site A - Duliajan,oil_and_gas,UA,Maintenance,Signboard directing to the emergency assembly point was slightly bent; straightened by a new joinee.,None identified,UNKNOWN,UNKNOWN,UNKNOWN,UNKNOWN,UNKNOWN,UNKNOWN,No,UNKNOWN,UNKNOWN,UNKNOWN,UNKNOWN,UNKNOWN,UNKNOWN,2026-09-04T09:23:57Z,1.0.0,15490,False,False
sif_guard_seed__OIL-00717,SIF-Guard project (internal),sif_guard_seed,N/A (internal project file),OIL-00717,synthetic,True,2025-07-13,Site B - Moran,oil_and_gas,UC,Housekeeping,Signboard directing to the emergency assembly point was slightly bent; straightened by an operator. No further action required.,None identified,UNKNOWN,UNKNOWN,UNKNOWN,UNKNOWN,UNKNOWN,UNKNOWN,No,UNKNOWN,UNKNOWN,UNKNOWN,UNKNOWN,UNKNOWN,UNKNOWN,2026-09-04T09:23:57Z,1.0.0,0,False,False
sif_guard_seed__OIL-00881,SIF-Guard project (internal),sif_guard_seed,N/A (internal project file),OIL-00881,synthetic,True,2025-11-04,Site A - Duliajan,oil_and_gas,UC,Electrical Work,A rigger bypassed the LOTO tag and re-energized the gas compressor skid while another crew was still working on it.,Stored/residual energy,UNKNOWN,UNKNOWN,Zero-energy check,Bypassed,UNKNOWN,UNKNOWN,Yes,UNKNOWN,Energy Isolation,UNKNOWN,UNKNOWN,UNKNOWN,UNKNOWN,2026-09-04T09:23:57Z,1.0.0,0,False,False
sif_guard_seed__OIL-00842,SIF-Guard project (internal),sif_guard_seed,N/A (internal project file),OIL-00842,synthetic,True,2025-10-04,Site D - Jorajan,oil_and_gas,UA,Production Operations,JSA document was signed but missing one supervisor initial; obtained same shift. Logged for routine follow-up.,None identified,UNKNOWN,UNKNOWN,Supervisory authorization,Adequate / Minor Gap,UNKNOWN,UNKNOWN,No,UNKNOWN,Work Authorisation,UNKNOWN,UNKNOWN,UNKNOWN,UNKNOWN,2026-09-04T09:23:57Z,1.0.0,15444,False,False
sif_guard_seed__OIL-00859,SIF-Guard project (internal),sif_guard_seed,N/A (internal project file),OIL-00859,synthetic,True,2025-10-17,Site E - Barekuri Pipeline,oil_and_gas,UA,Drilling Operations,JSA document was signed but missing one supervisor initial; obtained same shift. Logged for routine follow-up.,None identified,UNKNOWN,UNKNOWN,Supervisory authorization,Adequate / Minor Gap,UNKNOWN,UNKNOWN,No,UNKNOWN,Work Authorisation,UNKNOWN,UNKNOWN,UNKNOWN,UNKNOWN,2026-09-04T09:23:57Z,1.0.0,15444,False,False
sif_guard_seed__OIL-00694,SIF-Guard project (internal),sif_guard_seed,N/A (internal project file),OIL-00694,synthetic,True,2025-06-28,Site B - Moran,oil_and_gas,Near Miss,Maintenance,A loose floor tile was noticed by a contract technician in the administrative block corridor. Corrected on the spot.,None identified,UNKNOWN,UNKNOWN,UNKNOWN,UNKNOWN,UNKNOWN,UNKNOWN,No,UNKNOWN,UNKNOWN,UNKNOWN,UNKNOWN,UNKNOWN,UNKNOWN,2026-09-04T09:23:57Z,1.0.0,0,False,False
sif_guard_seed__OIL-00483,SIF-Guard project (internal),sif_guard_seed,N/A (internal project file),OIL-00483,synthetic,True,2025-02-12,Site B - Moran,oil_and_gas,UA,Confined Space Entry,No standby/rescue personnel was posted while a contract technician entered the confined space to clear a blockage. No injury occurred.,Engulfment,UNKNOWN,UNKNOWN,Gas testing,Missing,UNKNOWN,UNKNOWN,Yes,UNKNOWN,Confined Space,UNKNOWN,UNKNOWN,UNKNOWN,UNKNOWN,2026-09-04T09:23:57Z,1.0.0,0,False,False
sif_guard_seed__OIL-01004,SIF-Guard project (internal),sif_guard_seed,N/A (internal project file),OIL-01004,synthetic,True,2026-02-04,Site A - Duliajan,oil_and_gas,Near Miss,Electrical Work,A new joinee bypassed the LOTO tag and re-energized the wellhead valve assembly while another crew was still working on it. Fortunately no one was in the immediate vicinity at the time.,Unexpected energy release,UNKNOWN,UNKNOWN,Isolation certificate,Failed,UNKNOWN,UNKNOWN,Yes,UNKNOWN,Energy Isolation,UNKNOWN,UNKNOWN,UNKNOWN,UNKNOWN,2026-09-04T09:23:57Z,1.0.0,0,False,False
sif_guard_seed__OIL-01120,SIF-Guard project (internal),sif_guard_seed,N/A (internal project file),OIL-01120,synthetic,True,2026-04-14,Site D - Jorajan,oil_and_gas,UC,Production Operations,Signboard directing to the emergency assembly point was slightly bent; straightened by a contract technician. Noted during the daily safety walk.,None identified,UNKNOWN,UNKNOWN,UNKNOWN,UNKNOWN,UNKNOWN,UNKNOWN,No,UNKNOWN,UNKNOWN,UNKNOWN,UNKNOWN,UNKNOWN,UNKNOWN,2026-09-04T09:23:57Z,1.0.0,0,False,False
sif_guard_seed__OIL-01065,SIF-Guard project (internal),sif_guard_seed,N/A (internal project file),OIL-01065,synthetic,True,2026-03-16,Site E - Barekuri Pipeline,oil_and_gas,UC,Maintenance,A rigger found the water cooler in the rest area was not working; complaint logged.,None identified,UNKNOWN,UNKNOWN,UNKNOWN,UNKNOWN,UNKNOWN,UNKNOWN,No,UNKNOWN,UNKNOWN,UNKNOWN,UNKNOWN,UNKNOWN,UNKNOWN,2026-09-04T09:23:57Z,1.0.0,15370,False,False
sif_guard_seed__OIL-01143,SIF-Guard project (internal),sif_guard_seed,N/A (internal project file),OIL-01143,synthetic,True,2026-04-29,Site C - Kumchai,oil_and_gas,UA,Maintenance,A rigger found the water cooler in the rest area was not working; complaint logged.,None identified,UNKNOWN,UNKNOWN,UNKNOWN,UNKNOWN,UNKNOWN,UNKNOWN,No,UNKNOWN,UNKNOWN,UNKNOWN,UNKNOWN,UNKNOWN,UNKNOWN,2026-09-04T09:23:57Z,1.0.0,15370,False,False
sif_guard_seed__OIL-00256,SIF-Guard project (internal),sif_guard_seed,N/A (internal project file),OIL-00256,real_ihm_stefanini,False,2016-11-23,Real-Local_06,oil_and_gas,Incident,Metals,"The operator when descending by ladder of sailor of 6 steps, falls to the floor going down of the 3er. step, falling on his back and hitting his head. The worker used the chin strap with the helmet, a safety element that reduced the injury from the blow. He was treated at the medical center with local treatment, referred to the Clinic for re-evaluation.",Others,UNKNOWN,UNKNOWN,Unknown (not recorded in source),Unknown,UNKNOWN,UNKNOWN,Yes,UNKNOWN,Unmapped,UNKNOWN,UNKNOWN,UNKNOWN,UNKNOWN,2026-09-04T09:23:57Z,1.0.0,0,False,False
sif_guard_seed__OIL-00194,SIF-Guard project (internal),sif_guard_seed,N/A (internal project file),OIL-00194,real_ihm_stefanini,False,2016-08-18,Real-Local_03,oil_and_gas,Incident,Mining,"At level 3450 access 4 A2, the operator of the Scissor # 200 performed the support of the crown, at which time a piece of rock (13cmx6cmx2cm; 54g) passes between the cocada of the support mesh, from a height of 1.60 meters, towards the platform of the team breaking into particles one of which reaches his right eye causing the injury.",Others,UNKNOWN,UNKNOWN,Unknown (not recorded in source),Unknown,UNKNOWN,UNKNOWN,No,UNKNOWN,Unmapped,UNKNOWN,UNKNOWN,UNKNOWN,UNKNOWN,2026-09-04T09:23:57Z,1.0.0,0,False,False
sif_guard_seed__OIL-00512,SIF-Guard project (internal),sif_guard_seed,N/A (internal project file),OIL-00512,synthetic,True,2025-03-13,Site E - Barekuri Pipeline,oil_and_gas,UA,Housekeeping,A shift technician reported that the office AC filter needed cleaning.,None identified,UNKNOWN,UNKNOWN,UNKNOWN,UNKNOWN,UNKNOWN,UNKNOWN,No,UNKNOWN,UNKNOWN,UNKNOWN,UNKNOWN,UNKNOWN,UNKNOWN,2026-09-04T09:23:57Z,1.0.0,0,False,False
sif_guard_seed__OIL-00402,SIF-Guard project (internal),sif_guard_seed,N/A (internal project file),OIL-00402,real_ihm_stefanini,False,2017-06-09,Real-Local_03,oil_and_gas,Incident,Mining,"At Level 2930 in the guide wire chamber, during the preparation activity of mix for the shocrete the worker performs the emptying of a bag of cement towards a bucket to complete the dosage, at that moment the dust generated by the cement enters by the lower part of the lenses to the left eye causing irritation.",Projection,UNKNOWN,UNKNOWN,Unknown (not recorded in source),Unknown,UNKNOWN,UNKNOWN,Yes,UNKNOWN,Line of Fire,UNKNOWN,UNKNOWN,UNKNOWN,UNKNOWN,2026-09-04T09:23:57Z,1.0.0,0,False,False
sif_guard_seed__OIL-00988,SIF-Guard project (internal),sif_guard_seed,N/A (internal project file),OIL-00988,synthetic,True,2026-01-24,Site C - Kumchai,oil_and_gas,Near Miss,Drilling Operations,Rigging equipment tag was due for renewal within the week; flagged for scheduling.,None identified,UNKNOWN,UNKNOWN,Competent rigger/banksman,Adequate / Minor Gap,UNKNOWN,UNKNOWN,No,UNKNOWN,Safe Mechanical Lifting,UNKNOWN,UNKNOWN,UNKNOWN,UNKNOWN,2026-09-04T09:23:57Z,1.0.0,15478,False,False
sif_guard_seed__OIL-01038,SIF-Guard project (internal),sif_guard_seed,N/A (internal project file),OIL-01038,synthetic,True,2026-02-28,Site E - Barekuri Pipeline,oil_and_gas,UC,Drilling Operations,Rigging equipment tag was due for renewal within the week; flagged for scheduling.,None identified,UNKNOWN,UNKNOWN,Competent rigger/banksman,Adequate / Minor Gap,UNKNOWN,UNKNOWN,No,UNKNOWN,Safe Mechanical Lifting,UNKNOWN,UNKNOWN,UNKNOWN,UNKNOWN,2026-09-04T09:23:57Z,1.0.0,15478,False,False
sif_guard_seed__OIL-01193,SIF-Guard project (internal),sif_guard_seed,N/A (internal project file),OIL-01193,synthetic,True,2026-06-10,Site D - Jorajan,oil_and_gas,UA,Drilling Operations,Rigging equipment tag was due for renewal within the week; flagged for scheduling.,None identified,UNKNOWN,UNKNOWN,Rigging inspection,Adequate / Minor Gap,UNKNOWN,UNKNOWN,No,UNKNOWN,Safe Mechanical Lifting,UNKNOWN,UNKNOWN,UNKNOWN,UNKNOWN,2026-09-04T09:23:57Z,1.0.0,15478,False,False
sif_guard_seed__OIL-00478,SIF-Guard project (internal),sif_guard_seed,N/A (internal project file),OIL-00478,synthetic,True,2025-02-07,Site D - Jorajan,oil_and_gas,UA,Maintenance,A first-aid box in the admin building was found to be missing a few bandages; restocked. Logged for routine follow-up.,None identified,UNKNOWN,UNKNOWN,UNKNOWN,UNKNOWN,UNKNOWN,UNKNOWN,No,UNKNOWN,UNKNOWN,UNKNOWN,UNKNOWN,UNKNOWN,UNKNOWN,2026-09-04T09:23:57Z,1.0.0,15355,False,False
sif_guard_seed__OIL-00540,SIF-Guard project (internal),sif_guard_seed,N/A (internal project file),OIL-00540,synthetic,True,2025-03-29,Site D - Jorajan,oil_and_gas,UA,Production Operations,A first-aid box in the admin building was found to be missing a few bandages; restocked. Logged for routine follow-up.,None identified,UNKNOWN,UNKNOWN,UNKNOWN,UNKNOWN,UNKNOWN,UNKNOWN,No,UNKNOWN,UNKNOWN,UNKNOWN,UNKNOWN,UNKNOWN,UNKNOWN,2026-09-04T09:23:57Z,1.0.0,15355,False,False
sif_guard_seed__OIL-01026,SIF-Guard project (internal),sif_guard_seed,N/A (internal project file),OIL-01026,synthetic,True,2026-02-21,Site E - Barekuri Pipeline,oil_and_gas,UA,Housekeeping,A first-aid box in the admin building was found to be missing a few bandages; restocked. Logged for routine follow-up.,None identified,UNKNOWN,UNKNOWN,UNKNOWN,UNKNOWN,UNKNOWN,UNKNOWN,No,UNKNOWN,UNKNOWN,UNKNOWN,UNKNOWN,UNKNOWN,UNKNOWN,2026-09-04T09:23:57Z,1.0.0,15355,False,False
sif_guard_seed__OIL-01297,SIF-Guard project (internal),sif_guard_seed,N/A (internal project file),OIL-01297,synthetic,True,2026-08-16,Site D - Jorajan,oil_and_gas,UA,Scaffolding,A rigger noted a minor gap in toe-board on a low-height platform; corrected same day. Addressed before the shift ended.,None identified,UNKNOWN,UNKNOWN,Guardrails,Adequate / Minor Gap,UNKNOWN,UNKNOWN,No,UNKNOWN,Working at Height,UNKNOWN,UNKNOWN,UNKNOWN,UNKNOWN,2026-09-04T09:23:57Z,1.0.0,0,False,False
sif_guard_seed__OIL-00716,SIF-Guard project (internal),sif_guard_seed,N/A (internal project file),OIL-00716,synthetic,True,2025-07-12,Site D - Jorajan,oil_and_gas,UA,Housekeeping,A field engineer reported a flickering light in the break room; maintenance ticket raised.,None identified,UNKNOWN,UNKNOWN,UNKNOWN,UNKNOWN,UNKNOWN,UNKNOWN,No,UNKNOWN,UNKNOWN,UNKNOWN,UNKNOWN,UNKNOWN,UNKNOWN,2026-09-04T09:23:57Z,1.0.0,0,False,False
sif_guard_seed__OIL-00362,SIF-Guard project (internal),sif_guard_seed,N/A (internal project file),OIL-00362,real_ihm_stefanini,False,2017-03-31,Real-Local_05,oil_and_gas,Incident,Metals,"Employee reports that he assisted the maintenance activity in Tower 09, in Electrolysis, when he stepped on the GRP grid (Polymer with Glass the floor moving, causing it to fall. The event took place in 3 stages: 1) Displacement and fall of the floor in the span when receiving the effort; 2) Employee fall to about 1.60m below the GRP floor, on the side of the gutter below the floor, supporting the structure; 3) Employee fall to the lower level, about 2.35m below the GRP floor.",Fall prevention,UNKNOWN,UNKNOWN,Unknown (not recorded in source),Unknown,UNKNOWN,UNKNOWN,Yes,UNKNOWN,Unmapped,UNKNOWN,UNKNOWN,UNKNOWN,UNKNOWN,2026-09-04T09:23:57Z,1.0.0,0,False,False
sif_guard_seed__OIL-00436,SIF-Guard project (internal),sif_guard_seed,N/A (internal project file),OIL-00436,synthetic,True,2025-01-05,Site B - Moran,oil_and_gas,Incident,Maintenance,Minor housekeeping issue observed near office area; walkway was cluttered with empty boxes. No further action required.,None identified,UNKNOWN,UNKNOWN,UNKNOWN,UNKNOWN,UNKNOWN,UNKNOWN,No,UNKNOWN,UNKNOWN,UNKNOWN,UNKNOWN,UNKNOWN,UNKNOWN,2026-09-04T09:23:57Z,1.0.0,15460,False,False
sif_guard_seed__OIL-00772,SIF-Guard project (internal),sif_guard_seed,N/A (internal project file),OIL-00772,synthetic,True,2025-08-26,Site D - Jorajan,oil_and_gas,UC,Maintenance,Minor housekeeping issue observed near office area; walkway was cluttered with empty boxes. No further action required.,None identified,UNKNOWN,UNKNOWN,UNKNOWN,UNKNOWN,UNKNOWN,UNKNOWN,No,UNKNOWN,UNKNOWN,UNKNOWN,UNKNOWN,UNKNOWN,UNKNOWN,2026-09-04T09:23:57Z,1.0.0,15460,False,False
sif_guard_seed__OIL-00793,SIF-Guard project (internal),sif_guard_seed,N/A (internal project file),OIL-00793,synthetic,True,2025-09-05,Site B - Moran,oil_and_gas,UC,Production Operations,Minor housekeeping issue observed near office area; walkway was cluttered with empty boxes. No further action required.,None identified,UNKNOWN,UNKNOWN,UNKNOWN,UNKNOWN,UNKNOWN,UNKNOWN,No,UNKNOWN,UNKNOWN,UNKNOWN,UNKNOWN,UNKNOWN,UNKNOWN,2026-09-04T09:23:57Z,1.0.0,15460,False,False
sif_guard_seed__OIL-01018,SIF-Guard project (internal),sif_guard_seed,N/A (internal project file),OIL-01018,synthetic,True,2026-02-13,Site B - Moran,oil_and_gas,UA,Housekeeping,A new joinee was found not wearing safety glasses while filing paperwork in the site office. Corrected on the spot.,None identified,UNKNOWN,UNKNOWN,UNKNOWN,UNKNOWN,UNKNOWN,UNKNOWN,No,UNKNOWN,UNKNOWN,UNKNOWN,UNKNOWN,UNKNOWN,UNKNOWN,2026-09-04T09:23:57Z,1.0.0,0,False,False
sif_guard_seed__OIL-00913,SIF-Guard project (internal),sif_guard_seed,N/A (internal project file),OIL-00913,synthetic,True,2025-11-29,Site D - Jorajan,oil_and_gas,UA,Vehicle Movement,A field engineer was observed driving a site vehicle without wearing a seatbelt on an active road. The activity was halted and the area was made safe.,Rollover,UNKNOWN,UNKNOWN,Fatigue management,Missing,UNKNOWN,UNKNOWN,Yes,UNKNOWN,Driving,UNKNOWN,UNKNOWN,UNKNOWN,UNKNOWN,2026-09-04T09:23:57Z,1.0.0,0,False,False
sif_guard_seed__OIL-01113,SIF-Guard project (internal),sif_guard_seed,N/A (internal project file),OIL-01113,synthetic,True,2026-04-12,Site C - Kumchai,oil_and_gas,UC,Electrical Work,Isolation point signage near the pump P-204 was partially obscured by dust; cleaned during routine round. Addressed before the shift ended.,None identified,UNKNOWN,UNKNOWN,Lockout/Tagout (LOTO),Adequate / Minor Gap,UNKNOWN,UNKNOWN,No,UNKNOWN,Energy Isolation,UNKNOWN,UNKNOWN,UNKNOWN,UNKNOWN,2026-09-04T09:23:57Z,1.0.0,0,False,False
sif_guard_seed__OIL-01016,SIF-Guard project (internal),sif_guard_seed,N/A (internal project file),OIL-01016,synthetic,True,2026-02-12,Site C - Kumchai,oil_and_gas,Incident,Transportation,A new joinee positioned themselves in the line of fire while a pressurized hose was being disconnected from the pump P-204. Corrective action was raised on the spot.,Suspended load,UNKNOWN,UNKNOWN,Suspended load control,Failed,UNKNOWN,UNKNOWN,Yes,UNKNOWN,Line of Fire,UNKNOWN,UNKNOWN,UNKNOWN,UNKNOWN,2026-09-04T09:23:57Z,1.0.0,0,False,False
sif_guard_seed__OIL-00514,SIF-Guard project (internal),sif_guard_seed,N/A (internal project file),OIL-00514,synthetic,True,2025-03-13,Site D - Jorajan,oil_and_gas,UC,Maintenance,"A shift technician noted the LOTO log entry had a minor formatting error, corrected on the spot. Addressed before the shift ended.",None identified,UNKNOWN,UNKNOWN,Zero-energy check,Adequate / Minor Gap,UNKNOWN,UNKNOWN,No,UNKNOWN,Energy Isolation,UNKNOWN,UNKNOWN,UNKNOWN,UNKNOWN,2026-09-04T09:23:57Z,1.0.0,15377,False,False
sif_guard_seed__OIL-00833,SIF-Guard project (internal),sif_guard_seed,N/A (internal project file),OIL-00833,synthetic,True,2025-09-29,Site A - Duliajan,oil_and_gas,UA,Electrical Work,"A shift technician noted the LOTO log entry had a minor formatting error, corrected on the spot. Addressed before the shift ended.",None identified,UNKNOWN,UNKNOWN,Zero-energy check,Adequate / Minor Gap,UNKNOWN,UNKNOWN,No,UNKNOWN,Energy Isolation,UNKNOWN,UNKNOWN,UNKNOWN,UNKNOWN,2026-09-04T09:23:57Z,1.0.0,15377,False,False
sif_guard_seed__OIL-01253,SIF-Guard project (internal),sif_guard_seed,N/A (internal project file),OIL-01253,synthetic,True,2026-07-14,Site D - Jorajan,oil_and_gas,UA,Drilling Operations,Supervisor authorization was missing but an operator commenced work on the pressurized system. Corrective action was raised on the spot.,Unauthorized/uncontrolled work start,UNKNOWN,UNKNOWN,Supervisory authorization,Failed,UNKNOWN,UNKNOWN,Yes,UNKNOWN,Work Authorisation,UNKNOWN,UNKNOWN,UNKNOWN,UNKNOWN,2026-09-04T09:23:57Z,1.0.0,0,False,False
sif_guard_seed__OIL-01029,SIF-Guard project (internal),sif_guard_seed,N/A (internal project file),OIL-01029,synthetic,True,2026-02-23,Site A - Duliajan,oil_and_gas,UA,Maintenance,A third-party worker found the water cooler in the rest area was not working; complaint logged. Logged for routine follow-up.,None identified,UNKNOWN,UNKNOWN,UNKNOWN,UNKNOWN,UNKNOWN,UNKNOWN,No,UNKNOWN,UNKNOWN,UNKNOWN,UNKNOWN,UNKNOWN,UNKNOWN,2026-09-04T09:23:57Z,1.0.0,0,False,False
sif_guard_seed__OIL-00668,SIF-Guard project (internal),sif_guard_seed,N/A (internal project file),OIL-00668,synthetic,True,2025-06-14,Site A - Duliajan,oil_and_gas,UC,Maintenance,Signboard directing to the emergency assembly point was slightly bent; straightened by a third-party worker. Noted during the daily safety walk.,None identified,UNKNOWN,UNKNOWN,UNKNOWN,UNKNOWN,UNKNOWN,UNKNOWN,No,UNKNOWN,UNKNOWN,UNKNOWN,UNKNOWN,UNKNOWN,UNKNOWN,2026-09-04T09:23:57Z,1.0.0,15491,False,False
sif_guard_seed__OIL-00746,SIF-Guard project (internal),sif_guard_seed,N/A (internal project file),OIL-00746,synthetic,True,2025-08-01,Site A - Duliajan,oil_and_gas,UA,Production Operations,Signboard directing to the emergency assembly point was slightly bent; straightened by a third-party worker. Noted during the daily safety walk.,None identified,UNKNOWN,UNKNOWN,UNKNOWN,UNKNOWN,UNKNOWN,UNKNOWN,No,UNKNOWN,UNKNOWN,UNKNOWN,UNKNOWN,UNKNOWN,UNKNOWN,2026-09-04T09:23:57Z,1.0.0,15491,False,False
sif_guard_seed__OIL-01116,SIF-Guard project (internal),sif_guard_seed,N/A (internal project file),OIL-01116,synthetic,True,2026-04-13,Site C - Kumchai,oil_and_gas,UA,Housekeeping,Signboard directing to the emergency assembly point was slightly bent; straightened by a third-party worker. Noted during the daily safety walk.,None identified,UNKNOWN,UNKNOWN,UNKNOWN,UNKNOWN,UNKNOWN,UNKNOWN,No,UNKNOWN,UNKNOWN,UNKNOWN,UNKNOWN,UNKNOWN,UNKNOWN,2026-09-04T09:23:57Z,1.0.0,15491,False,False
sif_guard_seed__OIL-00024,SIF-Guard project (internal),sif_guard_seed,N/A (internal project file),OIL-00024,real_ihm_stefanini,False,2016-02-15,Real-Local_02,oil_and_gas,Incident,Mining,"By loosening the A30-29 truck's steering cylinder bolt using power cable and socket, with the force exerted in favor of the equipment, the bolt suddenly retired and the employee hit his hand against the structure of the equipment, causing injury.",Others,UNKNOWN,UNKNOWN,Unknown (not recorded in source),Unknown,UNKNOWN,UNKNOWN,No,UNKNOWN,Unmapped,UNKNOWN,UNKNOWN,UNKNOWN,UNKNOWN,2026-09-04T09:23:57Z,1.0.0,0,False,False
sif_guard_seed__OIL-00962,SIF-Guard project (internal),sif_guard_seed,N/A (internal project file),OIL-00962,synthetic,True,2026-01-03,Site E - Barekuri Pipeline,oil_and_gas,UA,Hot Work,Hot work permit was signed but the copy at the site was slightly torn; replaced with new copy. Logged for routine follow-up.,None identified,UNKNOWN,UNKNOWN,Hot work permit,Adequate / Minor Gap,UNKNOWN,UNKNOWN,No,UNKNOWN,Hot Work,UNKNOWN,UNKNOWN,UNKNOWN,UNKNOWN,2026-09-04T09:23:57Z,1.0.0,0,False,False
sif_guard_seed__OIL-01131,SIF-Guard project (internal),sif_guard_seed,N/A (internal project file),OIL-01131,synthetic,True,2026-04-23,Site B - Moran,oil_and_gas,UA,Confined Space Entry,Confined space entry permit was not obtained before a shift technician entered the vessel for inspection. Fortunately no one was in the immediate vicinity at the time.,Engulfment,UNKNOWN,UNKNOWN,Confined space entry permit,Failed,UNKNOWN,UNKNOWN,Yes,UNKNOWN,Confined Space,UNKNOWN,UNKNOWN,UNKNOWN,UNKNOWN,2026-09-04T09:23:57Z,1.0.0,0,False,False
sif_guard_seed__OIL-00548,SIF-Guard project (internal),sif_guard_seed,N/A (internal project file),OIL-00548,synthetic,True,2025-04-03,Site A - Duliajan,oil_and_gas,UC,Production Operations,JSA document was signed but missing one supervisor initial; obtained same shift. Noted during the daily safety walk.,None identified,UNKNOWN,UNKNOWN,Risk assessment / JSA,Adequate / Minor Gap,UNKNOWN,UNKNOWN,No,UNKNOWN,Work Authorisation,UNKNOWN,UNKNOWN,UNKNOWN,UNKNOWN,2026-09-04T09:23:57Z,1.0.0,15445,False,False
sif_guard_seed__OIL-00893,SIF-Guard project (internal),sif_guard_seed,N/A (internal project file),OIL-00893,synthetic,True,2025-11-09,Site A - Duliajan,oil_and_gas,UC,Production Operations,JSA document was signed but missing one supervisor initial; obtained same shift. Noted during the daily safety walk.,None identified,UNKNOWN,UNKNOWN,Supervisory authorization,Adequate / Minor Gap,UNKNOWN,UNKNOWN,No,UNKNOWN,Work Authorisation,UNKNOWN,UNKNOWN,UNKNOWN,UNKNOWN,2026-09-04T09:23:57Z,1.0.0,15445,False,False
sif_guard_seed__OIL-00765,SIF-Guard project (internal),sif_guard_seed,N/A (internal project file),OIL-00765,synthetic,True,2025-08-21,Site E - Barekuri Pipeline,oil_and_gas,UA,Housekeeping,A contract technician reported that the office AC filter needed cleaning. No further action required.,None identified,UNKNOWN,UNKNOWN,UNKNOWN,UNKNOWN,UNKNOWN,UNKNOWN,No,UNKNOWN,UNKNOWN,UNKNOWN,UNKNOWN,UNKNOWN,UNKNOWN,2026-09-04T09:23:57Z,1.0.0,15345,False,False
sif_guard_seed__OIL-01066,SIF-Guard project (internal),sif_guard_seed,N/A (internal project file),OIL-01066,synthetic,True,2026-03-16,Site C - Kumchai,oil_and_gas,UA,Maintenance,A contract technician reported that the office AC filter needed cleaning. No further action required.,None identified,UNKNOWN,UNKNOWN,UNKNOWN,UNKNOWN,UNKNOWN,UNKNOWN,No,UNKNOWN,UNKNOWN,UNKNOWN,UNKNOWN,UNKNOWN,UNKNOWN,2026-09-04T09:23:57Z,1.0.0,15345,False,False
sif_guard_seed__OIL-01001,SIF-Guard project (internal),sif_guard_seed,N/A (internal project file),OIL-01001,synthetic,True,2026-01-31,Site D - Jorajan,oil_and_gas,UA,Working at Height,A field engineer was working at height on scaffolding without a harness properly anchored. Fortunately no one was in the immediate vicinity at the time.,Fall from height,UNKNOWN,UNKNOWN,Scaffold inspection tag,Failed,UNKNOWN,UNKNOWN,Yes,UNKNOWN,Working at Height,UNKNOWN,UNKNOWN,UNKNOWN,UNKNOWN,2026-09-04T09:23:57Z,1.0.0,0,False,False
sif_guard_seed__OIL-01307,SIF-Guard project (internal),sif_guard_seed,N/A (internal project file),OIL-01307,synthetic,True,2026-08-24,Site D - Jorajan,oil_and_gas,UA,Production Operations,Isolation point signage near the electrical panel was partially obscured by dust; cleaned during routine round.,None identified,UNKNOWN,UNKNOWN,Zero-energy check,Adequate / Minor Gap,UNKNOWN,UNKNOWN,No,UNKNOWN,Energy Isolation,UNKNOWN,UNKNOWN,UNKNOWN,UNKNOWN,2026-09-04T09:23:57Z,1.0.0,0,False,False
sif_guard_seed__OIL-00803,SIF-Guard project (internal),sif_guard_seed,N/A (internal project file),OIL-00803,synthetic,True,2025-09-13,Site B - Moran,oil_and_gas,UA,Hot Work,An operator continued welding after the hot work permit had expired.,Explosion,UNKNOWN,UNKNOWN,Gas testing (flammable atmosphere),Failed,UNKNOWN,UNKNOWN,Yes,UNKNOWN,Hot Work,UNKNOWN,UNKNOWN,UNKNOWN,UNKNOWN,2026-09-04T09:23:57Z,1.0.0,0,False,False
sif_guard_seed__OIL-01208,SIF-Guard project (internal),sif_guard_seed,N/A (internal project file),OIL-01208,synthetic,True,2026-06-18,Site B - Moran,oil_and_gas,UA,Drilling Operations,Lifting was carried out by a maintenance crew member without a documented lift plan for a heavy load near the hydraulic line. Corrective action was raised on the spot.,Load drop,UNKNOWN,UNKNOWN,Competent rigger/banksman,Failed,UNKNOWN,UNKNOWN,Yes,UNKNOWN,Safe Mechanical Lifting,UNKNOWN,UNKNOWN,UNKNOWN,UNKNOWN,2026-09-04T09:23:57Z,1.0.0,0,False,False
sif_guard_seed__OIL-00824,SIF-Guard project (internal),sif_guard_seed,N/A (internal project file),OIL-00824,synthetic,True,2025-09-24,Site B - Moran,oil_and_gas,UA,Production Operations,A minor paint peel was noticed on the safety information board near the transformer bay. Addressed before the shift ended.,None identified,UNKNOWN,UNKNOWN,UNKNOWN,UNKNOWN,UNKNOWN,UNKNOWN,No,UNKNOWN,UNKNOWN,UNKNOWN,UNKNOWN,UNKNOWN,UNKNOWN,2026-09-04T09:23:57Z,1.0.0,15365,False,False
sif_guard_seed__OIL-00985,SIF-Guard project (internal),sif_guard_seed,N/A (internal project file),OIL-00985,synthetic,True,2026-01-19,Site A - Duliajan,oil_and_gas,UA,Production Operations,A minor paint peel was noticed on the safety information board near the transformer bay. Addressed before the shift ended.,None identified,UNKNOWN,UNKNOWN,UNKNOWN,UNKNOWN,UNKNOWN,UNKNOWN,No,UNKNOWN,UNKNOWN,UNKNOWN,UNKNOWN,UNKNOWN,UNKNOWN,2026-09-04T09:23:57Z,1.0.0,15365,False,False
sif_guard_seed__OIL-00411,SIF-Guard project (internal),sif_guard_seed,N/A (internal project file),OIL-00411,real_ihm_stefanini,False,2017-06-18,Real-Local_04,oil_and_gas,Incident,Mining,"Being 9:40 a.m. The driver of the AEQ-819 plate dump truck (35 Ton) was heading to the loading area Nv.1850, OB5, Tj 007, Bp.105, parking and proceeding with the ore loading with the scoop (11 ydrs) , at that moment, lift the first scoop towards the hopper and a large bank falls, causing the tipper to shake violently and the operator to be hit with the gear lever, communicate with the supervisor and evacuated to the medical center .",remains of choco,UNKNOWN,UNKNOWN,Unknown (not recorded in source),Unknown,UNKNOWN,UNKNOWN,Yes,UNKNOWN,Unmapped,UNKNOWN,UNKNOWN,UNKNOWN,UNKNOWN,2026-09-04T09:23:57Z,1.0.0,0,False,False
sif_guard_seed__OIL-00196,SIF-Guard project (internal),sif_guard_seed,N/A (internal project file),OIL-00196,real_ihm_stefanini,False,2016-08-22,Real-Local_05,oil_and_gas,Incident,Metals,"The employee was performing cutting activity on a carbon steel pipe attached to the band saw machine. Due to uneven weight distribution, the tube moved downward and the other end was projected upwards, pressing the thumb.",Pressed,UNKNOWN,UNKNOWN,Unknown (not recorded in source),Unknown,UNKNOWN,UNKNOWN,No,UNKNOWN,Unmapped,UNKNOWN,UNKNOWN,UNKNOWN,UNKNOWN,2026-09-04T09:23:57Z,1.0.0,0,False,False
sif_guard_seed__OIL-00753,SIF-Guard project (internal),sif_guard_seed,N/A (internal project file),OIL-00753,synthetic,True,2025-08-06,Site C - Kumchai,oil_and_gas,UA,Production Operations,Spill of a small quantity of water near the canteen was cleaned up promptly.,None identified,UNKNOWN,UNKNOWN,UNKNOWN,UNKNOWN,UNKNOWN,UNKNOWN,No,UNKNOWN,UNKNOWN,UNKNOWN,UNKNOWN,UNKNOWN,UNKNOWN,2026-09-04T09:23:57Z,1.0.0,0,False,False
sif_guard_seed__OIL-00993,SIF-Guard project (internal),sif_guard_seed,N/A (internal project file),OIL-00993,synthetic,True,2026-01-26,Site A - Duliajan,oil_and_gas,UC,Production Operations,"An operator noted the LOTO log entry had a minor formatting error, corrected on the spot.",None identified,UNKNOWN,UNKNOWN,Zero-energy check,Adequate / Minor Gap,UNKNOWN,UNKNOWN,No,UNKNOWN,Energy Isolation,UNKNOWN,UNKNOWN,UNKNOWN,UNKNOWN,2026-09-04T09:23:57Z,1.0.0,0,False,False
sif_guard_seed__OIL-00226,SIF-Guard project (internal),sif_guard_seed,N/A (internal project file),OIL-00226,real_ihm_stefanini,False,2016-09-29,Real-Local_04,oil_and_gas,Incident,Mining,"Being 05:30 am. Approximately Marco and Isidro TORRES they were performing the pipe standardization of the CX 771 / CX-983 Nv. 1940; in moments that Marco lifts the air pipe over the spike, this seat and the pipe impacts on the worker's safety guard.",Others,UNKNOWN,UNKNOWN,Unknown (not recorded in source),Unknown,UNKNOWN,UNKNOWN,No,UNKNOWN,Unmapped,UNKNOWN,UNKNOWN,UNKNOWN,UNKNOWN,2026-09-04T09:23:57Z,1.0.0,0,False,False
sif_guard_seed__OIL-01012,SIF-Guard project (internal),sif_guard_seed,N/A (internal project file),OIL-01012,synthetic,True,2026-02-09,Site E - Barekuri Pipeline,oil_and_gas,Near Miss,Production Operations,An operator found the water cooler in the rest area was not working; complaint logged. Logged for routine follow-up.,None identified,UNKNOWN,UNKNOWN,UNKNOWN,UNKNOWN,UNKNOWN,UNKNOWN,No,UNKNOWN,UNKNOWN,UNKNOWN,UNKNOWN,UNKNOWN,UNKNOWN,2026-09-04T09:23:57Z,1.0.0,0,False,False
sif_guard_seed__OIL-00367,SIF-Guard project (internal),sif_guard_seed,N/A (internal project file),OIL-00367,real_ihm_stefanini,False,2017-04-06,Real-Local_06,oil_and_gas,Incident,Metals,"The industrial cleaning worker Cristian was performing the cleaning activity of the gutter, striking with a walls of the same, to remove the solid solution that is formed. In that At the moment the operator's hands slide and impact on the edge of the gutter, causing a blow on the little finger of the left hand.",Others,UNKNOWN,UNKNOWN,Unknown (not recorded in source),Unknown,UNKNOWN,UNKNOWN,No,UNKNOWN,Unmapped,UNKNOWN,UNKNOWN,UNKNOWN,UNKNOWN,2026-09-04T09:23:57Z,1.0.0,0,False,False
sif_guard_seed__OIL-00929,SIF-Guard project (internal),sif_guard_seed,N/A (internal project file),OIL-00929,synthetic,True,2025-12-09,Site C - Kumchai,oil_and_gas,UA,Maintenance,An operator noted a squeaky door hinge in the changing room; lubricated same day. Corrected on the spot.,None identified,UNKNOWN,UNKNOWN,UNKNOWN,UNKNOWN,UNKNOWN,UNKNOWN,No,UNKNOWN,UNKNOWN,UNKNOWN,UNKNOWN,UNKNOWN,UNKNOWN,2026-09-04T09:23:57Z,1.0.0,0,False,False
sif_guard_seed__OIL-00204,SIF-Guard project (internal),sif_guard_seed,N/A (internal project file),OIL-00204,real_ihm_stefanini,False,2016-09-01,Real-Local_05,oil_and_gas,Incident,Metals,"The clerk was cutting the excess fiberglass in a passing box and had contact with the blade of the marble saw, which cut the glove and caused a wound in his right hand.",Manual Tools,UNKNOWN,UNKNOWN,Unknown (not recorded in source),Unknown,UNKNOWN,UNKNOWN,Yes,UNKNOWN,Unmapped,UNKNOWN,UNKNOWN,UNKNOWN,UNKNOWN,2026-09-04T09:23:57Z,1.0.0,0,False,False
sif_guard_seed__OIL-00221,SIF-Guard project (internal),sif_guard_seed,N/A (internal project file),OIL-00221,real_ihm_stefanini,False,2016-09-21,Real-Local_03,oil_and_gas,Incident,Mining,"During the maintenance of the access, at the moment the assistant places the mini split set in the adapter, the clamp - which was locked - returns to its initial position hitting the collaborator's hand causing the described injury. At the time of the accident the team was in a sustained area, the arm of the jumbo was at a height of 0.80m from the floor and the employee was wearing rubber gloves.",Others,UNKNOWN,UNKNOWN,Unknown (not recorded in source),Unknown,UNKNOWN,UNKNOWN,No,UNKNOWN,Unmapped,UNKNOWN,UNKNOWN,UNKNOWN,UNKNOWN,2026-09-04T09:23:57Z,1.0.0,0,False,False
sif_guard_seed__OIL-00454,SIF-Guard project (internal),sif_guard_seed,N/A (internal project file),OIL-00454,synthetic,True,2025-01-17,Site E - Barekuri Pipeline,oil_and_gas,UA,Housekeeping,A field engineer found the water cooler in the rest area was not working; complaint logged. Logged for routine follow-up.,None identified,UNKNOWN,UNKNOWN,UNKNOWN,UNKNOWN,UNKNOWN,UNKNOWN,No,UNKNOWN,UNKNOWN,UNKNOWN,UNKNOWN,UNKNOWN,UNKNOWN,2026-09-04T09:23:57Z,1.0.0,0,False,False
sif_guard_seed__OIL-01240,SIF-Guard project (internal),sif_guard_seed,N/A (internal project file),OIL-01240,synthetic,True,2026-07-05,Site C - Kumchai,oil_and_gas,UA,Housekeeping,An operator reported a flickering light in the break room; maintenance ticket raised.,None identified,UNKNOWN,UNKNOWN,UNKNOWN,UNKNOWN,UNKNOWN,UNKNOWN,No,UNKNOWN,UNKNOWN,UNKNOWN,UNKNOWN,UNKNOWN,UNKNOWN,2026-09-04T09:23:57Z,1.0.0,0,False,False
sif_guard_seed__OIL-00399,SIF-Guard project (internal),sif_guard_seed,N/A (internal project file),OIL-00399,real_ihm_stefanini,False,2017-05-23,Real-Local_03,oil_and_gas,Incident,Mining,"In circumstances that the worker was walking along the straight line of level 2790, step on a rock of approximately 10 cm x 5 cm, bending the right ankle, which caused the injury described. After the event occurred, the worker decided not to report the accident because he did not feel pain, at 3:30 p.m. approximately, he begins to feel discomfort when walking and progressive mild pain in the ankle, in that moment he communicates the event.",Others,UNKNOWN,UNKNOWN,Unknown (not recorded in source),Unknown,UNKNOWN,UNKNOWN,Yes,UNKNOWN,Unmapped,UNKNOWN,UNKNOWN,UNKNOWN,UNKNOWN,2026-09-04T09:23:57Z,1.0.0,0,False,False
sif_guard_seed__OIL-01050,SIF-Guard project (internal),sif_guard_seed,N/A (internal project file),OIL-01050,synthetic,True,2026-03-03,Site C - Kumchai,oil_and_gas,UC,Maintenance,A maintenance crew member continued welding after the hot work permit had expired.,Explosion,UNKNOWN,UNKNOWN,Gas testing (flammable atmosphere),Failed,UNKNOWN,UNKNOWN,Yes,UNKNOWN,Hot Work,UNKNOWN,UNKNOWN,UNKNOWN,UNKNOWN,2026-09-04T09:23:57Z,1.0.0,0,False,False
sif_guard_seed__OIL-01204,SIF-Guard project (internal),sif_guard_seed,N/A (internal project file),OIL-01204,synthetic,True,2026-06-14,Site C - Kumchai,oil_and_gas,UA,Production Operations,A shift technician noted a squeaky door hinge in the changing room; lubricated same day. Corrected on the spot.,None identified,UNKNOWN,UNKNOWN,UNKNOWN,UNKNOWN,UNKNOWN,UNKNOWN,No,UNKNOWN,UNKNOWN,UNKNOWN,UNKNOWN,UNKNOWN,UNKNOWN,2026-09-04T09:23:57Z,1.0.0,0,False,False
sif_guard_seed__OIL-00274,SIF-Guard project (internal),sif_guard_seed,N/A (internal project file),OIL-00274,real_ihm_stefanini,False,2016-12-15,Real-Local_05,oil_and_gas,Incident,Metals,"Employee reports that when returning the anode to the easel the even bumped into the side of the easel coming to swing and hit his right shoulder, causing bruise.",Others,UNKNOWN,UNKNOWN,Unknown (not recorded in source),Unknown,UNKNOWN,UNKNOWN,No,UNKNOWN,Unmapped,UNKNOWN,UNKNOWN,UNKNOWN,UNKNOWN,2026-09-04T09:23:57Z,1.0.0,0,False,False
sif_guard_seed__OIL-00584,SIF-Guard project (internal),sif_guard_seed,N/A (internal project file),OIL-00584,synthetic,True,2025-04-20,Site B - Moran,oil_and_gas,UA,Housekeeping,A shift technician suggested better labeling for stationery cupboards in the office. No further action required.,None identified,UNKNOWN,UNKNOWN,UNKNOWN,UNKNOWN,UNKNOWN,UNKNOWN,No,UNKNOWN,UNKNOWN,UNKNOWN,UNKNOWN,UNKNOWN,UNKNOWN,2026-09-04T09:23:57Z,1.0.0,15381,False,False
sif_guard_seed__OIL-01231,SIF-Guard project (internal),sif_guard_seed,N/A (internal project file),OIL-01231,synthetic,True,2026-07-01,Site B - Moran,oil_and_gas,UA,Production Operations,A shift technician suggested better labeling for stationery cupboards in the office. No further action required.,None identified,UNKNOWN,UNKNOWN,UNKNOWN,UNKNOWN,UNKNOWN,UNKNOWN,No,UNKNOWN,UNKNOWN,UNKNOWN,UNKNOWN,UNKNOWN,UNKNOWN,2026-09-04T09:23:57Z,1.0.0,15381,False,False
sif_guard_seed__OIL-00422,SIF-Guard project (internal),sif_guard_seed,N/A (internal project file),OIL-00422,real_ihm_stefanini,False,2017-07-04,Real-Local_03,oil_and_gas,Incident,Mining,"The collaborator moved from the infrastructure office (Julio to the toilets, when the pin of the right shoe is hooked on the bra of the left shoe causing not to take the step and fall untimely, causing injury described.",Others,UNKNOWN,UNKNOWN,Unknown (not recorded in source),Unknown,UNKNOWN,UNKNOWN,No,UNKNOWN,Unmapped,UNKNOWN,UNKNOWN,UNKNOWN,UNKNOWN,2026-09-04T09:23:57Z,1.0.0,0,False,False
sif_guard_seed__OIL-01280,SIF-Guard project (internal),sif_guard_seed,N/A (internal project file),OIL-01280,synthetic,True,2026-08-02,Site B - Moran,oil_and_gas,UC,Production Operations,A loose floor tile was noticed by a shift technician in the administrative block corridor. Corrected on the spot.,None identified,UNKNOWN,UNKNOWN,UNKNOWN,UNKNOWN,UNKNOWN,UNKNOWN,No,UNKNOWN,UNKNOWN,UNKNOWN,UNKNOWN,UNKNOWN,UNKNOWN,2026-09-04T09:23:57Z,1.0.0,0,False,False
sif_guard_seed__OIL-00177,SIF-Guard project (internal),sif_guard_seed,N/A (internal project file),OIL-00177,real_ihm_stefanini,False,2016-07-20,Real-Local_05,oil_and_gas,Incident,Metals,"The employee reports that he was draining ammonia, used as a refrigerant, into a container of water when splashes of the solution drained onto his face.",Chemical substances,UNKNOWN,UNKNOWN,Unknown (not recorded in source),Unknown,UNKNOWN,UNKNOWN,No,UNKNOWN,Unmapped,UNKNOWN,UNKNOWN,UNKNOWN,UNKNOWN,2026-09-04T09:23:57Z,1.0.0,0,False,False
sif_guard_seed__OIL-00022,SIF-Guard project (internal),sif_guard_seed,N/A (internal project file),OIL-00022,real_ihm_stefanini,False,2016-02-09,Real-Local_03,oil_and_gas,Incident,Mining,"In the Raise chamber, when the operator and assistant removed the drilling bar from the 71R drilling machine - weight approx. 500 Kg - holding it at the top with a 2 TM stroke and assisted with jibs to move horizontally, the operator's jib on the bottom slides by moving the top of the drill bar causing the assistant's bar to enforce his assistant's hand between the bar and the piston of the equipment.",Others,UNKNOWN,UNKNOWN,Unknown (not recorded in source),Unknown,UNKNOWN,UNKNOWN,Yes,UNKNOWN,Unmapped,UNKNOWN,UNKNOWN,UNKNOWN,UNKNOWN,2026-09-04T09:23:57Z,1.0.0,0,False,False
sif_guard_seed__OIL-00424,SIF-Guard project (internal),sif_guard_seed,N/A (internal project file),OIL-00424,real_ihm_stefanini,False,2017-07-06,Real-Local_05,oil_and_gas,Incident,Metals,"The Employee performed the activity of stripping cathodes, when pulling the cathode sheet his hand hit the side of another cathode, causing a blunt cut on his 2nd finger of the left hand.",Cut,UNKNOWN,UNKNOWN,Unknown (not recorded in source),Unknown,UNKNOWN,UNKNOWN,No,UNKNOWN,Unmapped,UNKNOWN,UNKNOWN,UNKNOWN,UNKNOWN,2026-09-04T09:23:57Z,1.0.0,0,False,False
sif_guard_seed__OIL-00174,SIF-Guard project (internal),sif_guard_seed,N/A (internal project file),OIL-00174,real_ihm_stefanini,False,2016-07-15,Real-Local_05,oil_and_gas,Incident,Metals,"when handling a sample in the laboratory, the sleeve of the employee's coat had contact with nitric acid, absorbing a small amount that came to reach the left forearm, causing a 1st degree burn.",Chemical substances,UNKNOWN,UNKNOWN,Unknown (not recorded in source),Unknown,UNKNOWN,UNKNOWN,No,UNKNOWN,Unmapped,UNKNOWN,UNKNOWN,UNKNOWN,UNKNOWN,2026-09-04T09:23:57Z,1.0.0,0,False,False
sif_guard_seed__OIL-00157,SIF-Guard project (internal),sif_guard_seed,N/A (internal project file),OIL-00157,real_ihm_stefanini,False,2016-06-21,Real-Local_01,oil_and_gas,Incident,Mining,"When the mechanical technician proceeded to perform the maintenance of motor supports of a tipper, he decided to bring a wooden block, for which he moved to the temporary storage of materials - located at 10 m. of the tipper - in circumstances in which he sought the cue; the camera of a tire burst suddenly (it was on the right and 2 m. of the involved); the thunderous sound affected the right ear of the worker. The tire that exploded has 110 psi of pressure approximately, at the time of the event they were stacked 3 pneumatic, the second was the one that exploded (presented cut - place where the energy was released). The tire that was in the upper part was not projected. The tires were left by the previous guard (night shift), the storage area does not have a roof. In the place of the event only the affected mechanic was located (at 2m.) And at a distance of 70m. there were other workers. In the area 5 trucks were parked, none of them suffered damage to the glass.",Others,UNKNOWN,UNKNOWN,Unknown (not recorded in source),Unknown,UNKNOWN,UNKNOWN,No,UNKNOWN,Unmapped,UNKNOWN,UNKNOWN,UNKNOWN,UNKNOWN,2026-09-04T09:23:57Z,1.0.0,0,False,False
sif_guard_seed__OIL-00235,SIF-Guard project (internal),sif_guard_seed,N/A (internal project file),OIL-00235,real_ihm_stefanini,False,2016-10-10,Real-Local_03,oil_and_gas,Incident,Mining,"In the area of ​​equipment inspection, while the staff of the Atenuz EE, trying to remove the hydraulic hammer safety locks of the excavator, the mechanical lubricator holds with his right hand a hat-type chisel while the equipment mechanic hit the chisel with a 2-pound rubber bump to remove the safety, at which point one of the blows falls on the edge of the hat-type protector, causing it to slip and strike the fourth finger of the lubricant mechanic's right hand generating the described injury. At the time of the accident, the lubricator mechanic had put on the gloves type pad.",Others,UNKNOWN,UNKNOWN,Unknown (not recorded in source),Unknown,UNKNOWN,UNKNOWN,Yes,UNKNOWN,Unmapped,UNKNOWN,UNKNOWN,UNKNOWN,UNKNOWN,2026-09-04T09:23:57Z,1.0.0,0,False,False
sif_guard_seed__OIL-00651,SIF-Guard project (internal),sif_guard_seed,N/A (internal project file),OIL-00651,synthetic,True,2025-06-04,Site A - Duliajan,oil_and_gas,Near Miss,Maintenance,A new joinee suggested better labeling for stationery cupboards in the office.,None identified,UNKNOWN,UNKNOWN,UNKNOWN,UNKNOWN,UNKNOWN,UNKNOWN,No,UNKNOWN,UNKNOWN,UNKNOWN,UNKNOWN,UNKNOWN,UNKNOWN,2026-09-04T09:23:57Z,1.0.0,15368,False,False
sif_guard_seed__OIL-00682,SIF-Guard project (internal),sif_guard_seed,N/A (internal project file),OIL-00682,synthetic,True,2025-06-22,Site E - Barekuri Pipeline,oil_and_gas,UA,Housekeeping,A new joinee suggested better labeling for stationery cupboards in the office.,None identified,UNKNOWN,UNKNOWN,UNKNOWN,UNKNOWN,UNKNOWN,UNKNOWN,No,UNKNOWN,UNKNOWN,UNKNOWN,UNKNOWN,UNKNOWN,UNKNOWN,2026-09-04T09:23:57Z,1.0.0,15368,False,False
sif_guard_seed__OIL-01258,SIF-Guard project (internal),sif_guard_seed,N/A (internal project file),OIL-01258,synthetic,True,2026-07-20,Site E - Barekuri Pipeline,oil_and_gas,UA,Housekeeping,A new joinee suggested better labeling for stationery cupboards in the office.,None identified,UNKNOWN,UNKNOWN,UNKNOWN,UNKNOWN,UNKNOWN,UNKNOWN,No,UNKNOWN,UNKNOWN,UNKNOWN,UNKNOWN,UNKNOWN,UNKNOWN,2026-09-04T09:23:57Z,1.0.0,15368,False,False
sif_guard_seed__OIL-00734,SIF-Guard project (internal),sif_guard_seed,N/A (internal project file),OIL-00734,synthetic,True,2025-07-24,Site B - Moran,oil_and_gas,UA,Production Operations,A new joinee noted a squeaky door hinge in the changing room; lubricated same day. Noted during the daily safety walk.,None identified,UNKNOWN,UNKNOWN,UNKNOWN,UNKNOWN,UNKNOWN,UNKNOWN,No,UNKNOWN,UNKNOWN,UNKNOWN,UNKNOWN,UNKNOWN,UNKNOWN,2026-09-04T09:23:57Z,1.0.0,0,False,False
sif_guard_seed__OIL-00420,SIF-Guard project (internal),sif_guard_seed,N/A (internal project file),OIL-00420,real_ihm_stefanini,False,2017-06-29,Real-Local_02,oil_and_gas,Incident,Mining,"After maintenance on Boltec 03 at level 285 GTS of Rampa XXX, the mechanic and operator of the equipment performed tests on the equipment magazine. When the magazine carousel was turned on, the operator had his left middle finger pressed against the equipment frame.",Pressed,UNKNOWN,UNKNOWN,Unknown (not recorded in source),Unknown,UNKNOWN,UNKNOWN,No,UNKNOWN,Unmapped,UNKNOWN,UNKNOWN,UNKNOWN,UNKNOWN,2026-09-04T09:23:57Z,1.0.0,0,False,False
sif_guard_seed__OIL-00503,SIF-Guard project (internal),sif_guard_seed,N/A (internal project file),OIL-00503,synthetic,True,2025-02-28,Site D - Jorajan,oil_and_gas,Incident,Maintenance,A shift technician suggested better labeling for stationery cupboards in the office. Noted during the daily safety walk.,None identified,UNKNOWN,UNKNOWN,UNKNOWN,UNKNOWN,UNKNOWN,UNKNOWN,No,UNKNOWN,UNKNOWN,UNKNOWN,UNKNOWN,UNKNOWN,UNKNOWN,2026-09-04T09:23:57Z,1.0.0,0,False,False
sif_guard_seed__OIL-00369,SIF-Guard project (internal),sif_guard_seed,N/A (internal project file),OIL-00369,real_ihm_stefanini,False,2017-04-10,Real-Local_02,oil_and_gas,Incident,Mining,"Employee to perform painting of the floor of the fuel tank area, he needed cleaning, and by pouring water-thinner on the floor, the bucket slipped out of his hand and the mixture projected onto his left shoulder and lower lip, causing redness and burning.",Chemical substances,UNKNOWN,UNKNOWN,Unknown (not recorded in source),Unknown,UNKNOWN,UNKNOWN,No,UNKNOWN,Unmapped,UNKNOWN,UNKNOWN,UNKNOWN,UNKNOWN,2026-09-04T09:23:57Z,1.0.0,0,False,False
sif_guard_seed__OIL-00092,SIF-Guard project (internal),sif_guard_seed,N/A (internal project file),OIL-00092,real_ihm_stefanini,False,2016-04-16,Real-Local_04,oil_and_gas,Incident,Mining,"Being 2:40 am. Approximately, Luna - master loader of the company Incimet was carrying out the loading activity of the front in the Cruiser 771 of the 1970 level; in moments that was tying the pentacord of the crown and trying to reach the fanel on the left side, loses balance by a movement of the ladder and falls to the floor resulting in the accident.",Others,UNKNOWN,UNKNOWN,Unknown (not recorded in source),Unknown,UNKNOWN,UNKNOWN,No,UNKNOWN,Unmapped,UNKNOWN,UNKNOWN,UNKNOWN,UNKNOWN,2026-09-04T09:23:57Z,1.0.0,0,False,False
sif_guard_seed__OIL-00664,SIF-Guard project (internal),sif_guard_seed,N/A (internal project file),OIL-00664,synthetic,True,2025-06-11,Site C - Kumchai,oil_and_gas,UC,Maintenance,A rigger disabled a machine guard interlock to clear a jam on the hydraulic line without stopping the equipment. Corrective action was raised on the spot.,Disabled safety interlock,UNKNOWN,UNKNOWN,Interlock system,Bypassed,UNKNOWN,UNKNOWN,Yes,UNKNOWN,Bypassing Safety Controls,UNKNOWN,UNKNOWN,UNKNOWN,UNKNOWN,2026-09-04T09:23:57Z,1.0.0,0,False,False
sif_guard_seed__OIL-01230,SIF-Guard project (internal),sif_guard_seed,N/A (internal project file),OIL-01230,synthetic,True,2026-06-30,Site E - Barekuri Pipeline,oil_and_gas,UC,Maintenance,Signboard directing to the emergency assembly point was slightly bent; straightened by a contract technician. No further action required.,None identified,UNKNOWN,UNKNOWN,UNKNOWN,UNKNOWN,UNKNOWN,UNKNOWN,No,UNKNOWN,UNKNOWN,UNKNOWN,UNKNOWN,UNKNOWN,UNKNOWN,2026-09-04T09:23:57Z,1.0.0,0,False,False
sif_guard_seed__OIL-00576,SIF-Guard project (internal),sif_guard_seed,N/A (internal project file),OIL-00576,synthetic,True,2025-04-18,Site D - Jorajan,oil_and_gas,UC,Production Operations,A third-party worker was found not wearing safety glasses while filing paperwork in the site office.,None identified,UNKNOWN,UNKNOWN,UNKNOWN,UNKNOWN,UNKNOWN,UNKNOWN,No,UNKNOWN,UNKNOWN,UNKNOWN,UNKNOWN,UNKNOWN,UNKNOWN,2026-09-04T09:23:57Z,1.0.0,0,False,False
sif_guard_seed__OIL-01118,SIF-Guard project (internal),sif_guard_seed,N/A (internal project file),OIL-01118,synthetic,True,2026-04-13,Site E - Barekuri Pipeline,oil_and_gas,UA,Maintenance,Confined space entry permit was not obtained before a rigger entered the vessel for inspection.,Oxygen-deficient atmosphere,UNKNOWN,UNKNOWN,Gas testing,Bypassed,UNKNOWN,UNKNOWN,Yes,UNKNOWN,Confined Space,UNKNOWN,UNKNOWN,UNKNOWN,UNKNOWN,2026-09-04T09:23:57Z,1.0.0,0,False,False
sif_guard_seed__OIL-00378,SIF-Guard project (internal),sif_guard_seed,N/A (internal project file),OIL-00378,real_ihm_stefanini,False,2017-04-23,Real-Local_06,oil_and_gas,Incident,Metals,"Approx. 10:00 pm. Mr. Victor at the time he made a visual inspection of scaffolding, suffered a slight blow to the level of the right ear with the metallic extension of the chute of the conveyor chain.",Projection,UNKNOWN,UNKNOWN,Unknown (not recorded in source),Unknown,UNKNOWN,UNKNOWN,No,UNKNOWN,Line of Fire,UNKNOWN,UNKNOWN,UNKNOWN,UNKNOWN,2026-09-04T09:23:57Z,1.0.0,0,False,False
sif_guard_seed__OIL-00846,SIF-Guard project (internal),sif_guard_seed,N/A (internal project file),OIL-00846,synthetic,True,2025-10-07,Site D - Jorajan,oil_and_gas,UA,Production Operations,A shift technician reported that the office AC filter needed cleaning. Addressed before the shift ended.,None identified,UNKNOWN,UNKNOWN,UNKNOWN,UNKNOWN,UNKNOWN,UNKNOWN,No,UNKNOWN,UNKNOWN,UNKNOWN,UNKNOWN,UNKNOWN,UNKNOWN,2026-09-04T09:23:57Z,1.0.0,0,False,False
sif_guard_seed__OIL-00381,SIF-Guard project (internal),sif_guard_seed,N/A (internal project file),OIL-00381,real_ihm_stefanini,False,2017-04-25,Real-Local_01,oil_and_gas,Incident,Mining,"Performing the cleaning of material (Mineral) that accumulates between the steel plate and the concrete base on which it rests; As shown in the photograph (steel plate thickness = 1/2 in.), in order to complete this cleaning, the workers decide to weld on the steel plate a support eyelet type and at the other end as a fixed point and fastening a pin helical (support), in such a way to lift the plate with the help of a key and remove all the accumulated material. In the instant that they were pulling the chain of the tecla, the injured one had his left hand resting on the concrete wall (the line of fire), product of the tension exerted by the tecle, the helical bolt breaks and the chain lashes on the index finger generating the injury. At the time of the accident, the accident victim used all his epps, including his gloves.",Pressed,UNKNOWN,UNKNOWN,Unknown (not recorded in source),Unknown,UNKNOWN,UNKNOWN,Yes,UNKNOWN,Unmapped,UNKNOWN,UNKNOWN,UNKNOWN,UNKNOWN,2026-09-04T09:23:57Z,1.0.0,0,False,False
sif_guard_seed__OIL-00324,SIF-Guard project (internal),sif_guard_seed,N/A (internal project file),OIL-00324,real_ihm_stefanini,False,2017-02-09,Real-Local_03,oil_and_gas,Incident,Mining,"the Spillway circumstances where the worker was cleaning, with the use of an absorbent cloth, oil residues from the right edge of the Atlas AXS-186 compressor, with the bonnet open and in functioning; the rag falls inside the ompressor and in the attempt to remove it, it is hooked on the fan's propeller, pulling the worker's left hand toward the propeller causing the injury.",Power lock,UNKNOWN,UNKNOWN,Unknown (not recorded in source),Unknown,UNKNOWN,UNKNOWN,Yes,UNKNOWN,Energy Isolation,UNKNOWN,UNKNOWN,UNKNOWN,UNKNOWN,2026-09-04T09:23:57Z,1.0.0,0,False,False
sif_guard_seed__OIL-00931,SIF-Guard project (internal),sif_guard_seed,N/A (internal project file),OIL-00931,synthetic,True,2025-12-11,Site D - Jorajan,oil_and_gas,Near Miss,Lifting Operations,No competent banksman was present while a rigger directed a crane lift. This was flagged as a high-priority observation.,Crane instability,UNKNOWN,UNKNOWN,Load chart compliance,Failed,UNKNOWN,UNKNOWN,Yes,UNKNOWN,Safe Mechanical Lifting,UNKNOWN,UNKNOWN,UNKNOWN,UNKNOWN,2026-09-04T09:23:57Z,1.0.0,0,False,False
sif_guard_seed__OIL-00935,SIF-Guard project (internal),sif_guard_seed,N/A (internal project file),OIL-00935,synthetic,True,2025-12-12,Site D - Jorajan,oil_and_gas,Near Miss,Hot Work,An operator carried out grinding work without a valid hot work permit near the gas compressor skid. The activity was halted and the area was made safe.,Explosion,UNKNOWN,UNKNOWN,Gas testing (flammable atmosphere),Bypassed,UNKNOWN,UNKNOWN,Yes,UNKNOWN,Hot Work,UNKNOWN,UNKNOWN,UNKNOWN,UNKNOWN,2026-09-04T09:23:57Z,1.0.0,0,False,False
sif_guard_seed__OIL-01310,SIF-Guard project (internal),sif_guard_seed,N/A (internal project file),OIL-01310,synthetic,True,2026-08-25,Site E - Barekuri Pipeline,oil_and_gas,Incident,Confined Space Entry,A contract technician entered a pit for cable work without checking for oxygen deficiency; gas detector was not carried. This was flagged as a high-priority observation.,Toxic atmosphere,UNKNOWN,UNKNOWN,Gas testing,Bypassed,UNKNOWN,UNKNOWN,Yes,UNKNOWN,Confined Space,UNKNOWN,UNKNOWN,UNKNOWN,UNKNOWN,2026-09-04T09:23:57Z,1.0.0,0,False,False
sif_guard_seed__OIL-00142,SIF-Guard project (internal),sif_guard_seed,N/A (internal project file),OIL-00142,real_ihm_stefanini,False,2016-06-07,Real-Local_03,oil_and_gas,Incident,Mining,"In phase III of the concentrator plant, the maintenance personnel carried out the removal of transmission belt from the flotation cell of Pb cleaning; at the moment the mechanic removed the belt he leans on his left leg which slides towards the grating floor, leaving his foot between the two pipes generating the lesion described. The work was carried out at the floor level and at the time of the accident, the staff had put on their safety equipment.",Others,UNKNOWN,UNKNOWN,Unknown (not recorded in source),Unknown,UNKNOWN,UNKNOWN,No,UNKNOWN,Unmapped,UNKNOWN,UNKNOWN,UNKNOWN,UNKNOWN,2026-09-04T09:23:57Z,1.0.0,0,False,False
sif_guard_seed__OIL-00610,SIF-Guard project (internal),sif_guard_seed,N/A (internal project file),OIL-00610,synthetic,True,2025-05-08,Site A - Duliajan,oil_and_gas,UC,Production Operations,A shift technician observed a torn notice board sheet near the muster point; replaced during rounds. Addressed before the shift ended.,None identified,UNKNOWN,UNKNOWN,UNKNOWN,UNKNOWN,UNKNOWN,UNKNOWN,No,UNKNOWN,UNKNOWN,UNKNOWN,UNKNOWN,UNKNOWN,UNKNOWN,2026-09-04T09:23:57Z,1.0.0,0,False,False
sif_guard_seed__OIL-00730,SIF-Guard project (internal),sif_guard_seed,N/A (internal project file),OIL-00730,synthetic,True,2025-07-23,Site C - Kumchai,oil_and_gas,UC,Lifting Operations,A shift technician observed faded exclusion-zone markings near the hydraulic line; reported for repainting.,None identified,UNKNOWN,UNKNOWN,Signage,Adequate / Minor Gap,UNKNOWN,UNKNOWN,No,UNKNOWN,Line of Fire,UNKNOWN,UNKNOWN,UNKNOWN,UNKNOWN,2026-09-04T09:23:57Z,1.0.0,0,False,False
sif_guard_seed__OIL-00684,SIF-Guard project (internal),sif_guard_seed,N/A (internal project file),OIL-00684,synthetic,True,2025-06-24,Site D - Jorajan,oil_and_gas,UA,Maintenance,Fire watch bucket was found half full of sand instead of full; topped up as per checklist.,None identified,UNKNOWN,UNKNOWN,Fire extinguishing equipment on site,Adequate / Minor Gap,UNKNOWN,UNKNOWN,No,UNKNOWN,Hot Work,UNKNOWN,UNKNOWN,UNKNOWN,UNKNOWN,2026-09-04T09:23:57Z,1.0.0,15413,False,False
sif_guard_seed__OIL-00811,SIF-Guard project (internal),sif_guard_seed,N/A (internal project file),OIL-00811,synthetic,True,2025-09-16,Site C - Kumchai,oil_and_gas,UA,Hot Work,Fire watch bucket was found half full of sand instead of full; topped up as per checklist.,None identified,UNKNOWN,UNKNOWN,Fire watch,Adequate / Minor Gap,UNKNOWN,UNKNOWN,No,UNKNOWN,Hot Work,UNKNOWN,UNKNOWN,UNKNOWN,UNKNOWN,2026-09-04T09:23:57Z,1.0.0,15413,False,False
sif_guard_seed__OIL-01268,SIF-Guard project (internal),sif_guard_seed,N/A (internal project file),OIL-01268,synthetic,True,2026-07-25,Site A - Duliajan,oil_and_gas,UC,Maintenance,Fire watch bucket was found half full of sand instead of full; topped up as per checklist.,None identified,UNKNOWN,UNKNOWN,Fire extinguishing equipment on site,Adequate / Minor Gap,UNKNOWN,UNKNOWN,No,UNKNOWN,Hot Work,UNKNOWN,UNKNOWN,UNKNOWN,UNKNOWN,2026-09-04T09:23:57Z,1.0.0,15413,False,False
sif_guard_seed__OIL-00033,SIF-Guard project (internal),sif_guard_seed,N/A (internal project file),OIL-00033,real_ihm_stefanini,False,2016-02-21,Real-Local_01,oil_and_gas,Incident,Mining,"The worker Yaranga while working with barretilla in Stop 996, Level 3300. While unloading metal mesh, on the basket of an ampoloader with his operator Juan barretilla is embedded on safety boot, reacting immediately the worker removing the limb with force and managing to release the foot, but producing a wound on the right foot.",Others,UNKNOWN,UNKNOWN,Unknown (not recorded in source),Unknown,UNKNOWN,UNKNOWN,Yes,UNKNOWN,Unmapped,UNKNOWN,UNKNOWN,UNKNOWN,UNKNOWN,2026-09-04T09:23:57Z,1.0.0,0,False,False
sif_guard_seed__OIL-00496,SIF-Guard project (internal),sif_guard_seed,N/A (internal project file),OIL-00496,synthetic,True,2025-02-21,Site B - Moran,oil_and_gas,Near Miss,Lifting Operations,Rigging sling was found frayed but a rigger continued the lift without inspection. No injury occurred.,Rigging failure,UNKNOWN,UNKNOWN,Lift plan,Bypassed,UNKNOWN,UNKNOWN,Yes,UNKNOWN,Safe Mechanical Lifting,UNKNOWN,UNKNOWN,UNKNOWN,UNKNOWN,2026-09-04T09:23:57Z,1.0.0,0,False,False
sif_guard_seed__OIL-00143,SIF-Guard project (internal),sif_guard_seed,N/A (internal project file),OIL-00143,real_ihm_stefanini,False,2016-06-08,Real-Local_06,oil_and_gas,Incident,Metals,At approximately 6:20 p.m. on 08/06/16 the operator Eustaquio falls down from the metal platform that gives access to tank D-1021 of the strong acid leaching stage and suffers luxo-fractures in the wrist left when leaning on the floor with his hand. The operator was directed to the first tank of the strong acid leaching stage (Tk D-2040) to verify the entry of spent to the taque.,Fall prevention (same level),UNKNOWN,UNKNOWN,Unknown (not recorded in source),Unknown,UNKNOWN,UNKNOWN,Yes,UNKNOWN,Unmapped,UNKNOWN,UNKNOWN,UNKNOWN,UNKNOWN,2026-09-04T09:23:57Z,1.0.0,0,False,False
sif_guard_seed__OIL-00580,SIF-Guard project (internal),sif_guard_seed,N/A (internal project file),OIL-00580,synthetic,True,2025-04-19,Site A - Duliajan,oil_and_gas,UA,Maintenance,Noise from a printer in the office was reported as mildly disruptive. Logged for routine follow-up.,None identified,UNKNOWN,UNKNOWN,UNKNOWN,UNKNOWN,UNKNOWN,UNKNOWN,No,UNKNOWN,UNKNOWN,UNKNOWN,UNKNOWN,UNKNOWN,UNKNOWN,2026-09-04T09:23:57Z,1.0.0,15468,False,False
sif_guard_seed__OIL-00815,SIF-Guard project (internal),sif_guard_seed,N/A (internal project file),OIL-00815,synthetic,True,2025-09-18,Site B - Moran,oil_and_gas,UA,Maintenance,Noise from a printer in the office was reported as mildly disruptive. Logged for routine follow-up.,None identified,UNKNOWN,UNKNOWN,UNKNOWN,UNKNOWN,UNKNOWN,UNKNOWN,No,UNKNOWN,UNKNOWN,UNKNOWN,UNKNOWN,UNKNOWN,UNKNOWN,2026-09-04T09:23:57Z,1.0.0,15468,False,False
sif_guard_seed__OIL-01197,SIF-Guard project (internal),sif_guard_seed,N/A (internal project file),OIL-01197,synthetic,True,2026-06-11,Site A - Duliajan,oil_and_gas,UA,Production Operations,Noise from a printer in the office was reported as mildly disruptive. Logged for routine follow-up.,None identified,UNKNOWN,UNKNOWN,UNKNOWN,UNKNOWN,UNKNOWN,UNKNOWN,No,UNKNOWN,UNKNOWN,UNKNOWN,UNKNOWN,UNKNOWN,UNKNOWN,2026-09-04T09:23:57Z,1.0.0,15468,False,False
sif_guard_seed__OIL-00064,SIF-Guard project (internal),sif_guard_seed,N/A (internal project file),OIL-00064,real_ihm_stefanini,False,2016-03-14,Real-Local_05,oil_and_gas,Incident,Metals,The employee checked for acid leakage in the shipping area when he was hit by splashes of solution in his right hemiface.,Chemical substances,UNKNOWN,UNKNOWN,Unknown (not recorded in source),Unknown,UNKNOWN,UNKNOWN,Yes,UNKNOWN,Unmapped,UNKNOWN,UNKNOWN,UNKNOWN,UNKNOWN,2026-09-04T09:23:57Z,1.0.0,0,False,False
sif_guard_seed__OIL-01148,SIF-Guard project (internal),sif_guard_seed,N/A (internal project file),OIL-01148,synthetic,True,2026-05-03,Site C - Kumchai,oil_and_gas,UA,Maintenance,A shift technician disabled a machine guard interlock to clear a jam on the hydraulic line without stopping the equipment. The activity was halted and the area was made safe.,Removed machine guard,UNKNOWN,UNKNOWN,Safety guard,Bypassed,UNKNOWN,UNKNOWN,Yes,UNKNOWN,Bypassing Safety Controls,UNKNOWN,UNKNOWN,UNKNOWN,UNKNOWN,2026-09-04T09:23:57Z,1.0.0,0,False,False
sif_guard_seed__OIL-00665,SIF-Guard project (internal),sif_guard_seed,N/A (internal project file),OIL-00665,synthetic,True,2025-06-12,Site E - Barekuri Pipeline,oil_and_gas,UA,Maintenance,"A rigger noted the LOTO log entry had a minor formatting error, corrected on the spot. Addressed before the shift ended.",None identified,UNKNOWN,UNKNOWN,Zero-energy check,Adequate / Minor Gap,UNKNOWN,UNKNOWN,No,UNKNOWN,Energy Isolation,UNKNOWN,UNKNOWN,UNKNOWN,UNKNOWN,2026-09-04T09:23:57Z,1.0.0,0,False,False
sif_guard_seed__OIL-00504,SIF-Guard project (internal),sif_guard_seed,N/A (internal project file),OIL-00504,synthetic,True,2025-03-02,Site B - Moran,oil_and_gas,UC,Maintenance,A field engineer reported a flickering light in the break room; maintenance ticket raised. Corrected on the spot.,None identified,UNKNOWN,UNKNOWN,UNKNOWN,UNKNOWN,UNKNOWN,UNKNOWN,No,UNKNOWN,UNKNOWN,UNKNOWN,UNKNOWN,UNKNOWN,UNKNOWN,2026-09-04T09:23:57Z,1.0.0,15352,False,False
sif_guard_seed__OIL-00545,SIF-Guard project (internal),sif_guard_seed,N/A (internal project file),OIL-00545,synthetic,True,2025-04-02,Site B - Moran,oil_and_gas,UA,Maintenance,A field engineer reported a flickering light in the break room; maintenance ticket raised. Corrected on the spot.,None identified,UNKNOWN,UNKNOWN,UNKNOWN,UNKNOWN,UNKNOWN,UNKNOWN,No,UNKNOWN,UNKNOWN,UNKNOWN,UNKNOWN,UNKNOWN,UNKNOWN,2026-09-04T09:23:57Z,1.0.0,15352,False,False
sif_guard_seed__OIL-00827,SIF-Guard project (internal),sif_guard_seed,N/A (internal project file),OIL-00827,synthetic,True,2025-09-26,Site C - Kumchai,oil_and_gas,UC,Lifting Operations,A pipe section slipped from rigging and struck the barricade near where a new joinee was standing. Fortunately no one was in the immediate vicinity at the time.,Suspended load,UNKNOWN,UNKNOWN,Barricading/exclusion zone,Bypassed,UNKNOWN,UNKNOWN,Yes,UNKNOWN,Line of Fire,UNKNOWN,UNKNOWN,UNKNOWN,UNKNOWN,2026-09-04T09:23:57Z,1.0.0,0,False,False
sif_guard_seed__OIL-00589,SIF-Guard project (internal),sif_guard_seed,N/A (internal project file),OIL-00589,synthetic,True,2025-04-25,Site C - Kumchai,oil_and_gas,Near Miss,Transportation,A pipe section slipped from rigging and struck the barricade near where a rigger was standing. No injury occurred.,Pressure release,UNKNOWN,UNKNOWN,Barricading/exclusion zone,Failed,UNKNOWN,UNKNOWN,Yes,UNKNOWN,Line of Fire,UNKNOWN,UNKNOWN,UNKNOWN,UNKNOWN,2026-09-04T09:23:57Z,1.0.0,0,False,False
sif_guard_seed__OIL-00499,SIF-Guard project (internal),sif_guard_seed,N/A (internal project file),OIL-00499,synthetic,True,2025-02-25,Site E - Barekuri Pipeline,oil_and_gas,UA,Working at Height,A rigger noted a minor gap in toe-board on a low-height platform; corrected same day. Noted during the daily safety walk.,None identified,UNKNOWN,UNKNOWN,Anchor point verification,Adequate / Minor Gap,UNKNOWN,UNKNOWN,No,UNKNOWN,Working at Height,UNKNOWN,UNKNOWN,UNKNOWN,UNKNOWN,2026-09-04T09:23:57Z,1.0.0,0,False,False
sif_guard_seed__OIL-00440,SIF-Guard project (internal),sif_guard_seed,N/A (internal project file),OIL-00440,synthetic,True,2025-01-07,Site B - Moran,oil_and_gas,UC,Maintenance,A first-aid box in the admin building was found to be missing a few bandages; restocked.,None identified,UNKNOWN,UNKNOWN,UNKNOWN,UNKNOWN,UNKNOWN,UNKNOWN,No,UNKNOWN,UNKNOWN,UNKNOWN,UNKNOWN,UNKNOWN,UNKNOWN,2026-09-04T09:23:57Z,1.0.0,15353,False,False
sif_guard_seed__OIL-00542,SIF-Guard project (internal),sif_guard_seed,N/A (internal project file),OIL-00542,synthetic,True,2025-03-31,Site D - Jorajan,oil_and_gas,Incident,Production Operations,A first-aid box in the admin building was found to be missing a few bandages; restocked.,None identified,UNKNOWN,UNKNOWN,UNKNOWN,UNKNOWN,UNKNOWN,UNKNOWN,No,UNKNOWN,UNKNOWN,UNKNOWN,UNKNOWN,UNKNOWN,UNKNOWN,2026-09-04T09:23:57Z,1.0.0,15353,False,False
sif_guard_seed__OIL-01032,SIF-Guard project (internal),sif_guard_seed,N/A (internal project file),OIL-01032,synthetic,True,2026-02-24,Site D - Jorajan,oil_and_gas,Near Miss,Maintenance,A first-aid box in the admin building was found to be missing a few bandages; restocked.,None identified,UNKNOWN,UNKNOWN,UNKNOWN,UNKNOWN,UNKNOWN,UNKNOWN,No,UNKNOWN,UNKNOWN,UNKNOWN,UNKNOWN,UNKNOWN,UNKNOWN,2026-09-04T09:23:57Z,1.0.0,15353,False,False
sif_guard_seed__OIL-01205,SIF-Guard project (internal),sif_guard_seed,N/A (internal project file),OIL-01205,synthetic,True,2026-06-17,Site A - Duliajan,oil_and_gas,UA,Maintenance,A first-aid box in the admin building was found to be missing a few bandages; restocked.,None identified,UNKNOWN,UNKNOWN,UNKNOWN,UNKNOWN,UNKNOWN,UNKNOWN,No,UNKNOWN,UNKNOWN,UNKNOWN,UNKNOWN,UNKNOWN,UNKNOWN,2026-09-04T09:23:57Z,1.0.0,15353,False,False
sif_guard_seed__OIL-01232,SIF-Guard project (internal),sif_guard_seed,N/A (internal project file),OIL-01232,synthetic,True,2026-07-01,Site A - Duliajan,oil_and_gas,UA,Housekeeping,A first-aid box in the admin building was found to be missing a few bandages; restocked.,None identified,UNKNOWN,UNKNOWN,UNKNOWN,UNKNOWN,UNKNOWN,UNKNOWN,No,UNKNOWN,UNKNOWN,UNKNOWN,UNKNOWN,UNKNOWN,UNKNOWN,2026-09-04T09:23:57Z,1.0.0,15353,False,False
sif_guard_seed__OIL-01312,SIF-Guard project (internal),sif_guard_seed,N/A (internal project file),OIL-01312,synthetic,True,2026-08-26,Site C - Kumchai,oil_and_gas,Near Miss,Production Operations,A first-aid box in the admin building was found to be missing a few bandages; restocked.,None identified,UNKNOWN,UNKNOWN,UNKNOWN,UNKNOWN,UNKNOWN,UNKNOWN,No,UNKNOWN,UNKNOWN,UNKNOWN,UNKNOWN,UNKNOWN,UNKNOWN,2026-09-04T09:23:57Z,1.0.0,15353,False,False
sif_guard_seed__OIL-01188,SIF-Guard project (internal),sif_guard_seed,N/A (internal project file),OIL-01188,synthetic,True,2026-06-06,Site D - Jorajan,oil_and_gas,UA,Hot Work,A maintenance crew member continued welding after the hot work permit had expired. This was flagged as a high-priority observation.,Explosion,UNKNOWN,UNKNOWN,Hot work permit,Missing,UNKNOWN,UNKNOWN,Yes,UNKNOWN,Hot Work,UNKNOWN,UNKNOWN,UNKNOWN,UNKNOWN,2026-09-04T09:23:57Z,1.0.0,0,False,False
sif_guard_seed__OIL-00154,SIF-Guard project (internal),sif_guard_seed,N/A (internal project file),OIL-00154,real_ihm_stefanini,False,2016-06-18,Real-Local_10,oil_and_gas,Incident,Others,"When moving in the field to make geological mapping, the prospector Marcos who was accompanied by the geologist Manoel stooped to deviate from the vegetation, at that moment, received a whistling sting in the ring finger of his right hand. There was no allergic reaction and activities followed normally after the event.",Bees,UNKNOWN,UNKNOWN,Unknown (not recorded in source),Unknown,UNKNOWN,UNKNOWN,No,UNKNOWN,Unmapped,UNKNOWN,UNKNOWN,UNKNOWN,UNKNOWN,2026-09-04T09:23:57Z,1.0.0,0,False,False
sif_guard_seed__OIL-00269,SIF-Guard project (internal),sif_guard_seed,N/A (internal project file),OIL-00269,real_ihm_stefanini,False,2016-12-12,Real-Local_08,oil_and_gas,Incident,Metals,"When entering the caustic soda containment basin to place the hose to make the suction, at this stage there was steam formation, striking the employee in the right and left calf.",Others,UNKNOWN,UNKNOWN,Unknown (not recorded in source),Unknown,UNKNOWN,UNKNOWN,No,UNKNOWN,Unmapped,UNKNOWN,UNKNOWN,UNKNOWN,UNKNOWN,2026-09-04T09:23:57Z,1.0.0,0,False,False
sif_guard_seed__OIL-00549,SIF-Guard project (internal),sif_guard_seed,N/A (internal project file),OIL-00549,synthetic,True,2025-04-03,Site D - Jorajan,oil_and_gas,Near Miss,Production Operations,A new joinee found the water cooler in the rest area was not working; complaint logged. Logged for routine follow-up.,None identified,UNKNOWN,UNKNOWN,UNKNOWN,UNKNOWN,UNKNOWN,UNKNOWN,No,UNKNOWN,UNKNOWN,UNKNOWN,UNKNOWN,UNKNOWN,UNKNOWN,2026-09-04T09:23:57Z,1.0.0,0,False,False
sif_guard_seed__OIL-00124,SIF-Guard project (internal),sif_guard_seed,N/A (internal project file),OIL-00124,real_ihm_stefanini,False,2016-05-20,Real-Local_06,oil_and_gas,Incident,Metals,"In circumstances that the collaborator Juveni performed the washing of the tabolas in the pot washing area, she suffers a feeling of dizziness and faintness causing the fall the same level and producing a slight concussion in the head.",Fall prevention (same level),UNKNOWN,UNKNOWN,Unknown (not recorded in source),Unknown,UNKNOWN,UNKNOWN,No,UNKNOWN,Unmapped,UNKNOWN,UNKNOWN,UNKNOWN,UNKNOWN,2026-09-04T09:23:57Z,1.0.0,0,False,False
sif_guard_seed__OIL-00945,SIF-Guard project (internal),sif_guard_seed,N/A (internal project file),OIL-00945,synthetic,True,2025-12-19,Site D - Jorajan,oil_and_gas,Near Miss,Hot Work,Hot work was started by a contract technician without gas testing the surrounding area for flammable vapors.,Explosion,UNKNOWN,UNKNOWN,Fire watch,Bypassed,UNKNOWN,UNKNOWN,Yes,UNKNOWN,Hot Work,UNKNOWN,UNKNOWN,UNKNOWN,UNKNOWN,2026-09-04T09:23:57Z,1.0.0,0,False,False
sif_guard_seed__OIL-00002,SIF-Guard project (internal),sif_guard_seed,N/A (internal project file),OIL-00002,real_ihm_stefanini,False,2016-01-02,Real-Local_02,oil_and_gas,Incident,Mining,"During the activation of a sodium sulphide pump, the piping was uncoupled and the sulfide solution was designed in the area to reach the maid. Immediately she made use of the emergency shower and was directed to the ambulatory doctor and later to the hospital. Note: of sulphide solution = 48 grams / liter.",Pressurized Systems,UNKNOWN,UNKNOWN,Unknown (not recorded in source),Unknown,UNKNOWN,UNKNOWN,Yes,UNKNOWN,Energy Isolation,UNKNOWN,UNKNOWN,UNKNOWN,UNKNOWN,2026-09-04T09:23:57Z,1.0.0,0,False,False
sif_guard_seed__OIL-00038,SIF-Guard project (internal),sif_guard_seed,N/A (internal project file),OIL-00038,real_ihm_stefanini,False,2016-02-24,Real-Local_07,oil_and_gas,Incident,Mining,When starting the activity of removing a coil of electric cables in the warehouse with the help of forklift truck the operator did not notice that there was a beehive in it. Due to the movement of the coil the bees were excited. Realizing the fact the operator turned off the equipment and left the area. People passing by were stung.,Others,UNKNOWN,UNKNOWN,Unknown (not recorded in source),Unknown,UNKNOWN,UNKNOWN,Yes,UNKNOWN,Unmapped,UNKNOWN,UNKNOWN,UNKNOWN,UNKNOWN,2026-09-04T09:23:57Z,1.0.0,15510,False,False
sif_guard_seed__OIL-00039,SIF-Guard project (internal),sif_guard_seed,N/A (internal project file),OIL-00039,real_ihm_stefanini,False,2016-02-24,Real-Local_07,oil_and_gas,Incident,Mining,When starting the activity of removing a coil of electric cables in the warehouse with the help of forklift truck the operator did not notice that there was a beehive in it. Due to the movement of the coil the bees were excited. Realizing the fact the operator turned off the equipment and left the area. People passing by were stung.,Others,UNKNOWN,UNKNOWN,Unknown (not recorded in source),Unknown,UNKNOWN,UNKNOWN,Yes,UNKNOWN,Unmapped,UNKNOWN,UNKNOWN,UNKNOWN,UNKNOWN,2026-09-04T09:23:57Z,1.0.0,15510,False,False
sif_guard_seed__OIL-01094,SIF-Guard project (internal),sif_guard_seed,N/A (internal project file),OIL-01094,synthetic,True,2026-04-05,Site E - Barekuri Pipeline,oil_and_gas,UA,Working at Height,A contract technician was working at height on scaffolding without a harness properly anchored.,Fall from height,UNKNOWN,UNKNOWN,Guardrails,Missing,UNKNOWN,UNKNOWN,Yes,UNKNOWN,Working at Height,UNKNOWN,UNKNOWN,UNKNOWN,UNKNOWN,2026-09-04T09:23:57Z,1.0.0,0,False,False
sif_guard_seed__OIL-01098,SIF-Guard project (internal),sif_guard_seed,N/A (internal project file),OIL-01098,synthetic,True,2026-04-06,Site E - Barekuri Pipeline,oil_and_gas,Incident,Electrical Work,Isolation point signage near the transformer bay was partially obscured by dust; cleaned during routine round.,None identified,UNKNOWN,UNKNOWN,Zero-energy check,Adequate / Minor Gap,UNKNOWN,UNKNOWN,No,UNKNOWN,Energy Isolation,UNKNOWN,UNKNOWN,UNKNOWN,UNKNOWN,2026-09-04T09:23:57Z,1.0.0,0,False,False
sif_guard_seed__OIL-00638,SIF-Guard project (internal),sif_guard_seed,N/A (internal project file),OIL-00638,synthetic,True,2025-05-29,Site C - Kumchai,oil_and_gas,UC,Housekeeping,A dustbin lid was found broken in the parking area; replacement requested. Noted during the daily safety walk.,None identified,UNKNOWN,UNKNOWN,UNKNOWN,UNKNOWN,UNKNOWN,UNKNOWN,No,UNKNOWN,UNKNOWN,UNKNOWN,UNKNOWN,UNKNOWN,UNKNOWN,2026-09-04T09:23:57Z,1.0.0,0,False,False
sif_guard_seed__OIL-00084,SIF-Guard project (internal),sif_guard_seed,N/A (internal project file),OIL-00084,real_ihm_stefanini,False,2016-04-05,Real-Local_06,oil_and_gas,Incident,Metals,"The worker carried out the disassembly of 03 scaffolding bodies in the pulpomatic of the thickener D2251. the dismantling of the base of the scaffold, located approximately one meter high from the floor of the sump, the rivets of the anchor support of the platform were broken, causing the fall of the worker and impacting the right knee with the support that I am anchored in one of the horizontals of the scaffolding structure.",Fall prevention (same level),UNKNOWN,UNKNOWN,Unknown (not recorded in source),Unknown,UNKNOWN,UNKNOWN,No,UNKNOWN,Unmapped,UNKNOWN,UNKNOWN,UNKNOWN,UNKNOWN,2026-09-04T09:23:57Z,1.0.0,0,False,False
sif_guard_seed__OIL-00045,SIF-Guard project (internal),sif_guard_seed,N/A (internal project file),OIL-00045,real_ihm_stefanini,False,2016-03-02,Real-Local_06,oil_and_gas,Incident,Metals,"During the start of the neutral leaching process, the employee Jhonatan proceeds to open the air valve of the tank Airlift a circumstance in which the process solution returns through the chimney, the solution coming into contact with the arm and right foot.",Blocking and isolation of energies,UNKNOWN,UNKNOWN,Unknown (not recorded in source),Unknown,UNKNOWN,UNKNOWN,No,UNKNOWN,Energy Isolation,UNKNOWN,UNKNOWN,UNKNOWN,UNKNOWN,2026-09-04T09:23:57Z,1.0.0,0,False,False
sif_guard_seed__OIL-00967,SIF-Guard project (internal),sif_guard_seed,N/A (internal project file),OIL-00967,synthetic,True,2026-01-06,Site E - Barekuri Pipeline,oil_and_gas,UC,Confined Space Entry,Continuous atmosphere monitoring was not maintained while a shift technician worked inside the tank; monitor was left outside. The activity was halted and the area was made safe.,Entrapment,UNKNOWN,UNKNOWN,Gas testing,Bypassed,UNKNOWN,UNKNOWN,Yes,UNKNOWN,Confined Space,UNKNOWN,UNKNOWN,UNKNOWN,UNKNOWN,2026-09-04T09:23:57Z,1.0.0,0,False,False
sif_guard_seed__OIL-01167,SIF-Guard project (internal),sif_guard_seed,N/A (internal project file),OIL-01167,synthetic,True,2026-05-17,Site C - Kumchai,oil_and_gas,UC,Production Operations,An operator positioned themselves in the line of fire while a pressurized hose was being disconnected from the electrical panel. Corrective action was raised on the spot.,Struck by falling/moving object,UNKNOWN,UNKNOWN,Positioning awareness,Bypassed,UNKNOWN,UNKNOWN,Yes,UNKNOWN,Line of Fire,UNKNOWN,UNKNOWN,UNKNOWN,UNKNOWN,2026-09-04T09:23:57Z,1.0.0,0,False,False
sif_guard_seed__OIL-00475,SIF-Guard project (internal),sif_guard_seed,N/A (internal project file),OIL-00475,synthetic,True,2025-02-03,Site E - Barekuri Pipeline,oil_and_gas,UC,Maintenance,Alarm panel indicator light was flickering; replaced during preventive maintenance.,None identified,UNKNOWN,UNKNOWN,Permit conditions,Adequate / Minor Gap,UNKNOWN,UNKNOWN,No,UNKNOWN,Bypassing Safety Controls,UNKNOWN,UNKNOWN,UNKNOWN,UNKNOWN,2026-09-04T09:23:57Z,1.0.0,15385,False,False
sif_guard_seed__OIL-00573,SIF-Guard project (internal),sif_guard_seed,N/A (internal project file),OIL-00573,synthetic,True,2025-04-17,Site E - Barekuri Pipeline,oil_and_gas,UC,Production Operations,Alarm panel indicator light was flickering; replaced during preventive maintenance.,None identified,UNKNOWN,UNKNOWN,Permit conditions,Adequate / Minor Gap,UNKNOWN,UNKNOWN,No,UNKNOWN,Bypassing Safety Controls,UNKNOWN,UNKNOWN,UNKNOWN,UNKNOWN,2026-09-04T09:23:57Z,1.0.0,15385,False,False
sif_guard_seed__OIL-00585,SIF-Guard project (internal),sif_guard_seed,N/A (internal project file),OIL-00585,synthetic,True,2025-04-20,Site D - Jorajan,oil_and_gas,UA,Production Operations,Alarm panel indicator light was flickering; replaced during preventive maintenance.,None identified,UNKNOWN,UNKNOWN,Permit conditions,Adequate / Minor Gap,UNKNOWN,UNKNOWN,No,UNKNOWN,Bypassing Safety Controls,UNKNOWN,UNKNOWN,UNKNOWN,UNKNOWN,2026-09-04T09:23:57Z,1.0.0,15385,False,False
sif_guard_seed__OIL-01311,SIF-Guard project (internal),sif_guard_seed,N/A (internal project file),OIL-01311,synthetic,True,2026-08-26,Site C - Kumchai,oil_and_gas,UC,Production Operations,Alarm panel indicator light was flickering; replaced during preventive maintenance.,None identified,UNKNOWN,UNKNOWN,Permit conditions,Adequate / Minor Gap,UNKNOWN,UNKNOWN,No,UNKNOWN,Bypassing Safety Controls,UNKNOWN,UNKNOWN,UNKNOWN,UNKNOWN,2026-09-04T09:23:57Z,1.0.0,15385,False,False
sif_guard_seed__OIL-00657,SIF-Guard project (internal),sif_guard_seed,N/A (internal project file),OIL-00657,synthetic,True,2025-06-09,Site E - Barekuri Pipeline,oil_and_gas,UC,Production Operations,A third-party worker observed a torn notice board sheet near the muster point; replaced during rounds.,None identified,UNKNOWN,UNKNOWN,UNKNOWN,UNKNOWN,UNKNOWN,UNKNOWN,No,UNKNOWN,UNKNOWN,UNKNOWN,UNKNOWN,UNKNOWN,UNKNOWN,2026-09-04T09:23:57Z,1.0.0,15383,False,False
sif_guard_seed__OIL-00886,SIF-Guard project (internal),sif_guard_seed,N/A (internal project file),OIL-00886,synthetic,True,2025-11-07,Site E - Barekuri Pipeline,oil_and_gas,Near Miss,Housekeeping,A third-party worker observed a torn notice board sheet near the muster point; replaced during rounds.,None identified,UNKNOWN,UNKNOWN,UNKNOWN,UNKNOWN,UNKNOWN,UNKNOWN,No,UNKNOWN,UNKNOWN,UNKNOWN,UNKNOWN,UNKNOWN,UNKNOWN,2026-09-04T09:23:57Z,1.0.0,15383,False,False
sif_guard_seed__OIL-00547,SIF-Guard project (internal),sif_guard_seed,N/A (internal project file),OIL-00547,synthetic,True,2025-04-03,Site B - Moran,oil_and_gas,Near Miss,Confined Space Entry,Confined space entry permit was not obtained before a field engineer entered the vessel for inspection.,Entrapment,UNKNOWN,UNKNOWN,Continuous atmosphere monitoring,Failed,UNKNOWN,UNKNOWN,Yes,UNKNOWN,Confined Space,UNKNOWN,UNKNOWN,UNKNOWN,UNKNOWN,2026-09-04T09:23:57Z,1.0.0,0,False,False
sif_guard_seed__OIL-00578,SIF-Guard project (internal),sif_guard_seed,N/A (internal project file),OIL-00578,synthetic,True,2025-04-19,Site E - Barekuri Pipeline,oil_and_gas,Near Miss,Maintenance,A contract technician suggested better labeling for stationery cupboards in the office. No further action required.,None identified,UNKNOWN,UNKNOWN,UNKNOWN,UNKNOWN,UNKNOWN,UNKNOWN,No,UNKNOWN,UNKNOWN,UNKNOWN,UNKNOWN,UNKNOWN,UNKNOWN,2026-09-04T09:23:57Z,1.0.0,0,False,False
sif_guard_seed__OIL-00722,SIF-Guard project (internal),sif_guard_seed,N/A (internal project file),OIL-00722,synthetic,True,2025-07-18,Site C - Kumchai,oil_and_gas,UA,Hot Work,Fire watch bucket was found half full of sand instead of full; topped up as per checklist. No further action required.,None identified,UNKNOWN,UNKNOWN,Fire watch,Adequate / Minor Gap,UNKNOWN,UNKNOWN,No,UNKNOWN,Hot Work,UNKNOWN,UNKNOWN,UNKNOWN,UNKNOWN,2026-09-04T09:23:57Z,1.0.0,15416,False,False
sif_guard_seed__OIL-00924,SIF-Guard project (internal),sif_guard_seed,N/A (internal project file),OIL-00924,synthetic,True,2025-12-06,Site E - Barekuri Pipeline,oil_and_gas,UC,Maintenance,Fire watch bucket was found half full of sand instead of full; topped up as per checklist. No further action required.,None identified,UNKNOWN,UNKNOWN,Fire extinguishing equipment on site,Adequate / Minor Gap,UNKNOWN,UNKNOWN,No,UNKNOWN,Hot Work,UNKNOWN,UNKNOWN,UNKNOWN,UNKNOWN,2026-09-04T09:23:57Z,1.0.0,15416,False,False
sif_guard_seed__OIL-01013,SIF-Guard project (internal),sif_guard_seed,N/A (internal project file),OIL-01013,synthetic,True,2026-02-10,Site A - Duliajan,oil_and_gas,Near Miss,Maintenance,Fire watch bucket was found half full of sand instead of full; topped up as per checklist. No further action required.,None identified,UNKNOWN,UNKNOWN,Fire watch,Adequate / Minor Gap,UNKNOWN,UNKNOWN,No,UNKNOWN,Hot Work,UNKNOWN,UNKNOWN,UNKNOWN,UNKNOWN,2026-09-04T09:23:57Z,1.0.0,15416,False,False
sif_guard_seed__OIL-01074,SIF-Guard project (internal),sif_guard_seed,N/A (internal project file),OIL-01074,synthetic,True,2026-03-22,Site E - Barekuri Pipeline,oil_and_gas,UA,Hot Work,Fire watch bucket was found half full of sand instead of full; topped up as per checklist. No further action required.,None identified,UNKNOWN,UNKNOWN,Gas testing (flammable atmosphere),Adequate / Minor Gap,UNKNOWN,UNKNOWN,No,UNKNOWN,Hot Work,UNKNOWN,UNKNOWN,UNKNOWN,UNKNOWN,2026-09-04T09:23:57Z,1.0.0,15416,False,False
sif_guard_seed__OIL-01169,SIF-Guard project (internal),sif_guard_seed,N/A (internal project file),OIL-01169,synthetic,True,2026-05-18,Site D - Jorajan,oil_and_gas,UC,Production Operations,A third-party worker reported that the office AC filter needed cleaning. Corrected on the spot.,None identified,UNKNOWN,UNKNOWN,UNKNOWN,UNKNOWN,UNKNOWN,UNKNOWN,No,UNKNOWN,UNKNOWN,UNKNOWN,UNKNOWN,UNKNOWN,UNKNOWN,2026-09-04T09:23:57Z,1.0.0,0,False,False
sif_guard_seed__OIL-01244,SIF-Guard project (internal),sif_guard_seed,N/A (internal project file),OIL-01244,synthetic,True,2026-07-06,Site B - Moran,oil_and_gas,UA,Maintenance,A new joinee entered a pit for cable work without checking for oxygen deficiency; gas detector was not carried. Work was stopped immediately once observed.,Toxic atmosphere,UNKNOWN,UNKNOWN,Confined space entry permit,Bypassed,UNKNOWN,UNKNOWN,Yes,UNKNOWN,Confined Space,UNKNOWN,UNKNOWN,UNKNOWN,UNKNOWN,2026-09-04T09:23:57Z,1.0.0,0,False,False
sif_guard_seed__OIL-00210,SIF-Guard project (internal),sif_guard_seed,N/A (internal project file),OIL-00210,real_ihm_stefanini,False,2016-09-05,Real-Local_05,oil_and_gas,Incident,Metals,By participating in the general DDS held in the outside area of ​​the central locker room the employee was bitten by a bee.,Venomous Animals,UNKNOWN,UNKNOWN,Unknown (not recorded in source),Unknown,UNKNOWN,UNKNOWN,No,UNKNOWN,Unmapped,UNKNOWN,UNKNOWN,UNKNOWN,UNKNOWN,2026-09-04T09:23:57Z,1.0.0,0,False,False
sif_guard_seed__OIL-00527,SIF-Guard project (internal),sif_guard_seed,N/A (internal project file),OIL-00527,synthetic,True,2025-03-21,Site E - Barekuri Pipeline,oil_and_gas,UC,Maintenance,Fire watch bucket was found half full of sand instead of full; topped up as per checklist. Noted during the daily safety walk.,None identified,UNKNOWN,UNKNOWN,Fire extinguishing equipment on site,Adequate / Minor Gap,UNKNOWN,UNKNOWN,No,UNKNOWN,Hot Work,UNKNOWN,UNKNOWN,UNKNOWN,UNKNOWN,2026-09-04T09:23:57Z,1.0.0,15417,False,False
sif_guard_seed__OIL-00778,SIF-Guard project (internal),sif_guard_seed,N/A (internal project file),OIL-00778,synthetic,True,2025-08-29,Site B - Moran,oil_and_gas,UC,Maintenance,Fire watch bucket was found half full of sand instead of full; topped up as per checklist. Noted during the daily safety walk.,None identified,UNKNOWN,UNKNOWN,Fire watch,Adequate / Minor Gap,UNKNOWN,UNKNOWN,No,UNKNOWN,Hot Work,UNKNOWN,UNKNOWN,UNKNOWN,UNKNOWN,2026-09-04T09:23:57Z,1.0.0,15417,False,False
sif_guard_seed__OIL-00809,SIF-Guard project (internal),sif_guard_seed,N/A (internal project file),OIL-00809,synthetic,True,2025-09-14,Site B - Moran,oil_and_gas,Near Miss,Maintenance,Fire watch bucket was found half full of sand instead of full; topped up as per checklist. Noted during the daily safety walk.,None identified,UNKNOWN,UNKNOWN,Fire extinguishing equipment on site,Adequate / Minor Gap,UNKNOWN,UNKNOWN,No,UNKNOWN,Hot Work,UNKNOWN,UNKNOWN,UNKNOWN,UNKNOWN,2026-09-04T09:23:57Z,1.0.0,15417,False,False
sif_guard_seed__OIL-00293,SIF-Guard project (internal),sif_guard_seed,N/A (internal project file),OIL-00293,real_ihm_stefanini,False,2017-01-09,Real-Local_01,oil_and_gas,Incident,Mining,"In circumstances where the worker hit the support of the drill beam advance cylinder to align the base of the beam with the holes of the beam and place the bolt, mechanical hammer slips and by inertia the mechanic's hand hits the edge of the beam causing the injury. At the time of the accident the employee had all the PPE for this activity.",Others,UNKNOWN,UNKNOWN,Unknown (not recorded in source),Unknown,UNKNOWN,UNKNOWN,No,UNKNOWN,Unmapped,UNKNOWN,UNKNOWN,UNKNOWN,UNKNOWN,2026-09-04T09:23:57Z,1.0.0,0,False,False
sif_guard_seed__OIL-00283,SIF-Guard project (internal),sif_guard_seed,N/A (internal project file),OIL-00283,real_ihm_stefanini,False,2016-12-28,Real-Local_05,oil_and_gas,Incident,Metals,"Employee reports that when trying to remove one of the plates from the overflow system of the Ustulador oven, the 5th finger of the right hand was pressed between the tool (wrench with extension) and the overflow flange of the Ustulador oven, located behind the performer.",Others,UNKNOWN,UNKNOWN,Unknown (not recorded in source),Unknown,UNKNOWN,UNKNOWN,Yes,UNKNOWN,Unmapped,UNKNOWN,UNKNOWN,UNKNOWN,UNKNOWN,2026-09-04T09:23:57Z,1.0.0,0,False,False
sif_guard_seed__OIL-00147,SIF-Guard project (internal),sif_guard_seed,N/A (internal project file),OIL-00147,real_ihm_stefanini,False,2016-06-13,Real-Local_01,oil_and_gas,Incident,Mining,"Once the mooring of the faneles in the detonating cord has been completed, the injured person proceeds to tie the detonating cord in the safety guide (slow wick) at a distance of 2.0 meters from the top of the work. At that moment, to finish mooring, a rock bank (30cm x 50cm x 15cm; 67.5 Kg.) the same front, from a height of 1.60 meters, which falls to the floor very close to the injured, disintegrates in several fragments, one of which (12cmx10cmx3cm, 2.0 Kg.) slides between the fragments of rock and impacts with the left leg of the victim. At the time of the accident the operator used his safety boots and was accompanied by a supervisor.",Others,UNKNOWN,UNKNOWN,Unknown (not recorded in source),Unknown,UNKNOWN,UNKNOWN,Yes,UNKNOWN,Unmapped,UNKNOWN,UNKNOWN,UNKNOWN,UNKNOWN,2026-09-04T09:23:57Z,1.0.0,0,False,False
sif_guard_seed__OIL-00662,SIF-Guard project (internal),sif_guard_seed,N/A (internal project file),OIL-00662,synthetic,True,2025-06-10,Site D - Jorajan,oil_and_gas,UA,Production Operations,Isolation tag on the transformer bay was found slightly faded and needs replacement; work was not affected. No further action required.,None identified,UNKNOWN,UNKNOWN,Isolation verification,Adequate / Minor Gap,UNKNOWN,UNKNOWN,No,UNKNOWN,Energy Isolation,UNKNOWN,UNKNOWN,UNKNOWN,UNKNOWN,2026-09-04T09:23:57Z,1.0.0,0,False,False
sif_guard_seed__OIL-00609,SIF-Guard project (internal),sif_guard_seed,N/A (internal project file),OIL-00609,synthetic,True,2025-05-08,Site E - Barekuri Pipeline,oil_and_gas,Near Miss,Production Operations,Minor housekeeping issue observed near office area; walkway was cluttered with empty boxes. Logged for routine follow-up.,None identified,UNKNOWN,UNKNOWN,UNKNOWN,UNKNOWN,UNKNOWN,UNKNOWN,No,UNKNOWN,UNKNOWN,UNKNOWN,UNKNOWN,UNKNOWN,UNKNOWN,2026-09-04T09:23:57Z,1.0.0,15459,False,False
sif_guard_seed__OIL-00775,SIF-Guard project (internal),sif_guard_seed,N/A (internal project file),OIL-00775,synthetic,True,2025-08-27,Site A - Duliajan,oil_and_gas,UA,Production Operations,Minor housekeeping issue observed near office area; walkway was cluttered with empty boxes. Logged for routine follow-up.,None identified,UNKNOWN,UNKNOWN,UNKNOWN,UNKNOWN,UNKNOWN,UNKNOWN,No,UNKNOWN,UNKNOWN,UNKNOWN,UNKNOWN,UNKNOWN,UNKNOWN,2026-09-04T09:23:57Z,1.0.0,15459,False,False
sif_guard_seed__OIL-01055,SIF-Guard project (internal),sif_guard_seed,N/A (internal project file),OIL-01055,synthetic,True,2026-03-09,Site A - Duliajan,oil_and_gas,UA,Production Operations,Minor housekeeping issue observed near office area; walkway was cluttered with empty boxes. Logged for routine follow-up.,None identified,UNKNOWN,UNKNOWN,UNKNOWN,UNKNOWN,UNKNOWN,UNKNOWN,No,UNKNOWN,UNKNOWN,UNKNOWN,UNKNOWN,UNKNOWN,UNKNOWN,2026-09-04T09:23:57Z,1.0.0,15459,False,False
sif_guard_seed__OIL-00097,SIF-Guard project (internal),sif_guard_seed,N/A (internal project file),OIL-00097,real_ihm_stefanini,False,2016-04-21,Real-Local_02,oil_and_gas,Incident,Mining,"When performing cleaning with LHD in block F 9970 at level 420, the operator was surprised by a rock block displacement of the side of the gallery, reaching his right leg causing him superficial injury",Others,UNKNOWN,UNKNOWN,Unknown (not recorded in source),Unknown,UNKNOWN,UNKNOWN,Yes,UNKNOWN,Unmapped,UNKNOWN,UNKNOWN,UNKNOWN,UNKNOWN,2026-09-04T09:23:57Z,1.0.0,0,False,False
sif_guard_seed__OIL-01002,SIF-Guard project (internal),sif_guard_seed,N/A (internal project file),OIL-01002,synthetic,True,2026-02-02,Site D - Jorajan,oil_and_gas,UA,Housekeeping,A field engineer observed a torn notice board sheet near the muster point; replaced during rounds. Logged for routine follow-up.,None identified,UNKNOWN,UNKNOWN,UNKNOWN,UNKNOWN,UNKNOWN,UNKNOWN,No,UNKNOWN,UNKNOWN,UNKNOWN,UNKNOWN,UNKNOWN,UNKNOWN,2026-09-04T09:23:57Z,1.0.0,0,False,False
sif_guard_seed__OIL-00691,SIF-Guard project (internal),sif_guard_seed,N/A (internal project file),OIL-00691,synthetic,True,2025-06-26,Site D - Jorajan,oil_and_gas,UC,Maintenance,Interlock test was carried out as per schedule with no deviation found. No further action required.,None identified,UNKNOWN,UNKNOWN,Interlock system,Adequate / Minor Gap,UNKNOWN,UNKNOWN,No,UNKNOWN,Bypassing Safety Controls,UNKNOWN,UNKNOWN,UNKNOWN,UNKNOWN,2026-09-04T09:23:57Z,1.0.0,15438,False,False
sif_guard_seed__OIL-01170,SIF-Guard project (internal),sif_guard_seed,N/A (internal project file),OIL-01170,synthetic,True,2026-05-21,Site E - Barekuri Pipeline,oil_and_gas,UA,Production Operations,Interlock test was carried out as per schedule with no deviation found. No further action required.,None identified,UNKNOWN,UNKNOWN,Permit conditions,Adequate / Minor Gap,UNKNOWN,UNKNOWN,No,UNKNOWN,Bypassing Safety Controls,UNKNOWN,UNKNOWN,UNKNOWN,UNKNOWN,2026-09-04T09:23:57Z,1.0.0,15438,False,False
sif_guard_seed__OIL-00129,SIF-Guard project (internal),sif_guard_seed,N/A (internal project file),OIL-00129,real_ihm_stefanini,False,2016-05-27,Real-Local_02,oil_and_gas,Incident,Mining,"When checking voltage at the power outlet of the the plug and socket to make sure the connection was correct, when there was a small electrical arc in the power cord, causing a slight burn in the right hand wrist. The protection system acted immediately.",Others,UNKNOWN,UNKNOWN,Unknown (not recorded in source),Unknown,UNKNOWN,UNKNOWN,Yes,UNKNOWN,Unmapped,UNKNOWN,UNKNOWN,UNKNOWN,UNKNOWN,2026-09-04T09:23:57Z,1.0.0,0,False,False
sif_guard_seed__OIL-00096,SIF-Guard project (internal),sif_guard_seed,N/A (internal project file),OIL-00096,real_ihm_stefanini,False,2016-04-18,Real-Local_03,oil_and_gas,Incident,Mining,"When moving a roll of electro-welded mesh of 95 kg of weight to place on the hopper of the truck, two operators pull the roll of mesh to bring it to the hopper of the truck at which time the imprisonment of the left hand of one of the operators between the mesh and the body of the hopper generating the described injury. At the time of the accident, both operators were wearing PVC-type safety gloves.",Others,UNKNOWN,UNKNOWN,Unknown (not recorded in source),Unknown,UNKNOWN,UNKNOWN,No,UNKNOWN,Unmapped,UNKNOWN,UNKNOWN,UNKNOWN,UNKNOWN,2026-09-04T09:23:57Z,1.0.0,0,False,False
sif_guard_seed__OIL-00565,SIF-Guard project (internal),sif_guard_seed,N/A (internal project file),OIL-00565,synthetic,True,2025-04-15,Site A - Duliajan,oil_and_gas,UA,Electrical Work,"An operator began repair work on the wellhead valve assembly without confirming zero-energy state, panel was later found live. The activity was halted and the area was made safe.",Unexpected energy release,UNKNOWN,UNKNOWN,Lockout/Tagout (LOTO),Failed,UNKNOWN,UNKNOWN,Yes,UNKNOWN,Energy Isolation,UNKNOWN,UNKNOWN,UNKNOWN,UNKNOWN,2026-09-04T09:23:57Z,1.0.0,0,False,False
sif_guard_seed__OIL-00843,SIF-Guard project (internal),sif_guard_seed,N/A (internal project file),OIL-00843,synthetic,True,2025-10-05,Site D - Jorajan,oil_and_gas,UA,Production Operations,A new joinee bypassed the LOTO tag and re-energized the gas compressor skid while another crew was still working on it.,Unexpected energy release,UNKNOWN,UNKNOWN,Isolation verification,Missing,UNKNOWN,UNKNOWN,Yes,UNKNOWN,Energy Isolation,UNKNOWN,UNKNOWN,UNKNOWN,UNKNOWN,2026-09-04T09:23:57Z,1.0.0,0,False,False
sif_guard_seed__OIL-00500,SIF-Guard project (internal),sif_guard_seed,N/A (internal project file),OIL-00500,synthetic,True,2025-02-27,Site E - Barekuri Pipeline,oil_and_gas,UC,Housekeeping,Stationery shelf in the site office was found disorganized during a routine walk-through. Logged for routine follow-up.,None identified,UNKNOWN,UNKNOWN,UNKNOWN,UNKNOWN,UNKNOWN,UNKNOWN,No,UNKNOWN,UNKNOWN,UNKNOWN,UNKNOWN,UNKNOWN,UNKNOWN,2026-09-04T09:23:57Z,1.0.0,15500,False,False
sif_guard_seed__OIL-00823,SIF-Guard project (internal),sif_guard_seed,N/A (internal project file),OIL-00823,synthetic,True,2025-09-23,Site E - Barekuri Pipeline,oil_and_gas,UA,Production Operations,Stationery shelf in the site office was found disorganized during a routine walk-through. Logged for routine follow-up.,None identified,UNKNOWN,UNKNOWN,UNKNOWN,UNKNOWN,UNKNOWN,UNKNOWN,No,UNKNOWN,UNKNOWN,UNKNOWN,UNKNOWN,UNKNOWN,UNKNOWN,2026-09-04T09:23:57Z,1.0.0,15500,False,False
sif_guard_seed__OIL-01061,SIF-Guard project (internal),sif_guard_seed,N/A (internal project file),OIL-01061,synthetic,True,2026-03-12,Site E - Barekuri Pipeline,oil_and_gas,UC,Housekeeping,Stationery shelf in the site office was found disorganized during a routine walk-through. Logged for routine follow-up.,None identified,UNKNOWN,UNKNOWN,UNKNOWN,UNKNOWN,UNKNOWN,UNKNOWN,No,UNKNOWN,UNKNOWN,UNKNOWN,UNKNOWN,UNKNOWN,UNKNOWN,2026-09-04T09:23:57Z,1.0.0,15500,False,False
sif_guard_seed__OIL-00661,SIF-Guard project (internal),sif_guard_seed,N/A (internal project file),OIL-00661,synthetic,True,2025-06-10,Site D - Jorajan,oil_and_gas,Incident,Maintenance,Noise from a printer in the office was reported as mildly disruptive. Addressed before the shift ended.,None identified,UNKNOWN,UNKNOWN,UNKNOWN,UNKNOWN,UNKNOWN,UNKNOWN,No,UNKNOWN,UNKNOWN,UNKNOWN,UNKNOWN,UNKNOWN,UNKNOWN,2026-09-04T09:23:57Z,1.0.0,15466,False,False
sif_guard_seed__OIL-00786,SIF-Guard project (internal),sif_guard_seed,N/A (internal project file),OIL-00786,synthetic,True,2025-09-03,Site A - Duliajan,oil_and_gas,UA,Production Operations,Noise from a printer in the office was reported as mildly disruptive. Addressed before the shift ended.,None identified,UNKNOWN,UNKNOWN,UNKNOWN,UNKNOWN,UNKNOWN,UNKNOWN,No,UNKNOWN,UNKNOWN,UNKNOWN,UNKNOWN,UNKNOWN,UNKNOWN,2026-09-04T09:23:57Z,1.0.0,15466,False,False
sif_guard_seed__OIL-01089,SIF-Guard project (internal),sif_guard_seed,N/A (internal project file),OIL-01089,synthetic,True,2026-04-01,Site C - Kumchai,oil_and_gas,UC,Housekeeping,Noise from a printer in the office was reported as mildly disruptive. Addressed before the shift ended.,None identified,UNKNOWN,UNKNOWN,UNKNOWN,UNKNOWN,UNKNOWN,UNKNOWN,No,UNKNOWN,UNKNOWN,UNKNOWN,UNKNOWN,UNKNOWN,UNKNOWN,2026-09-04T09:23:57Z,1.0.0,15466,False,False
sif_guard_seed__OIL-00567,SIF-Guard project (internal),sif_guard_seed,N/A (internal project file),OIL-00567,synthetic,True,2025-04-15,Site E - Barekuri Pipeline,oil_and_gas,UC,Maintenance,An operator reported that the office AC filter needed cleaning. No further action required.,None identified,UNKNOWN,UNKNOWN,UNKNOWN,UNKNOWN,UNKNOWN,UNKNOWN,No,UNKNOWN,UNKNOWN,UNKNOWN,UNKNOWN,UNKNOWN,UNKNOWN,2026-09-04T09:23:57Z,1.0.0,0,False,False
sif_guard_seed__OIL-01284,SIF-Guard project (internal),sif_guard_seed,N/A (internal project file),OIL-01284,synthetic,True,2026-08-05,Site C - Kumchai,oil_and_gas,UC,Production Operations,Interlock test was carried out as per schedule with no deviation found. Addressed before the shift ended.,None identified,UNKNOWN,UNKNOWN,Alarm system,Adequate / Minor Gap,UNKNOWN,UNKNOWN,No,UNKNOWN,Bypassing Safety Controls,UNKNOWN,UNKNOWN,UNKNOWN,UNKNOWN,2026-09-04T09:23:57Z,1.0.0,0,False,False
sif_guard_seed__OIL-01239,SIF-Guard project (internal),sif_guard_seed,N/A (internal project file),OIL-01239,synthetic,True,2026-07-05,Site B - Moran,oil_and_gas,UA,Production Operations,Supervisor authorization was missing but a maintenance crew member commenced work on the pressurized system. Work was stopped immediately once observed.,Unauthorized/uncontrolled work start,UNKNOWN,UNKNOWN,Risk assessment / JSA,Failed,UNKNOWN,UNKNOWN,Yes,UNKNOWN,Work Authorisation,UNKNOWN,UNKNOWN,UNKNOWN,UNKNOWN,2026-09-04T09:23:57Z,1.0.0,0,False,False
sif_guard_seed__OIL-00559,SIF-Guard project (internal),sif_guard_seed,N/A (internal project file),OIL-00559,synthetic,True,2025-04-10,Site C - Kumchai,oil_and_gas,UC,Lifting Operations,A field engineer was working within the swing radius of the excavator without barricading in place. The activity was halted and the area was made safe.,Pressure release,UNKNOWN,UNKNOWN,Positioning awareness,Failed,UNKNOWN,UNKNOWN,Yes,UNKNOWN,Line of Fire,UNKNOWN,UNKNOWN,UNKNOWN,UNKNOWN,2026-09-04T09:23:57Z,1.0.0,0,False,False
sif_guard_seed__OIL-00656,SIF-Guard project (internal),sif_guard_seed,N/A (internal project file),OIL-00656,synthetic,True,2025-06-07,Site E - Barekuri Pipeline,oil_and_gas,UA,Housekeeping,A loose floor tile was noticed by a shift technician in the administrative block corridor. Addressed before the shift ended.,None identified,UNKNOWN,UNKNOWN,UNKNOWN,UNKNOWN,UNKNOWN,UNKNOWN,No,UNKNOWN,UNKNOWN,UNKNOWN,UNKNOWN,UNKNOWN,UNKNOWN,2026-09-04T09:23:57Z,1.0.0,0,False,False
sif_guard_seed__OIL-00532,SIF-Guard project (internal),sif_guard_seed,N/A (internal project file),OIL-00532,synthetic,True,2025-03-24,Site A - Duliajan,oil_and_gas,Near Miss,Production Operations,A maintenance crew member bypassed the LOTO tag and re-energized the electrical panel while another crew was still working on it. This was flagged as a high-priority observation.,Stored/residual energy,UNKNOWN,UNKNOWN,Zero-energy check,Bypassed,UNKNOWN,UNKNOWN,Yes,UNKNOWN,Energy Isolation,UNKNOWN,UNKNOWN,UNKNOWN,UNKNOWN,2026-09-04T09:23:57Z,1.0.0,0,False,False
sif_guard_seed__OIL-00318,SIF-Guard project (internal),sif_guard_seed,N/A (internal project file),OIL-00318,real_ihm_stefanini,False,2017-02-07,Real-Local_03,oil_and_gas,Incident,Mining,"In Level 2900 - OP 5 the worker performed the chuteo ore from the hopper to the second car, perceived a slip of water and mud through the hopper, decided to leave the platform and when he was already down the second rung of the ladder of access, the water increases and a fragment of rock slides and hits the back of the worker causing it to fall and hit the right forearm and left knee.",remains of choco,UNKNOWN,UNKNOWN,Unknown (not recorded in source),Unknown,UNKNOWN,UNKNOWN,Yes,UNKNOWN,Unmapped,UNKNOWN,UNKNOWN,UNKNOWN,UNKNOWN,2026-09-04T09:23:57Z,1.0.0,0,False,False
sif_guard_seed__OIL-00588,SIF-Guard project (internal),sif_guard_seed,N/A (internal project file),OIL-00588,synthetic,True,2025-04-24,Site D - Jorajan,oil_and_gas,Near Miss,Production Operations,A rigger observed mild clutter of files near the printer station; tidied up. Addressed before the shift ended.,None identified,UNKNOWN,UNKNOWN,UNKNOWN,UNKNOWN,UNKNOWN,UNKNOWN,No,UNKNOWN,UNKNOWN,UNKNOWN,UNKNOWN,UNKNOWN,UNKNOWN,2026-09-04T09:23:57Z,1.0.0,0,False,False
sif_guard_seed__OIL-00495,SIF-Guard project (internal),sif_guard_seed,N/A (internal project file),OIL-00495,synthetic,True,2025-02-21,Site A - Duliajan,oil_and_gas,UA,Transportation,Journey management plan was not filed before a contract technician undertook a long-distance site transfer. The activity was halted and the area was made safe.,Vehicle collision,UNKNOWN,UNKNOWN,Speed compliance,Bypassed,UNKNOWN,UNKNOWN,Yes,UNKNOWN,Driving,UNKNOWN,UNKNOWN,UNKNOWN,UNKNOWN,2026-09-04T09:23:57Z,1.0.0,0,False,False
sif_guard_seed__OIL-00669,SIF-Guard project (internal),sif_guard_seed,N/A (internal project file),OIL-00669,synthetic,True,2025-06-14,Site E - Barekuri Pipeline,oil_and_gas,UC,Confined Space Entry,Gas testing equipment battery indicator was low but was replaced before any entry occurred. Corrected on the spot.,None identified,UNKNOWN,UNKNOWN,Rescue plan/standby,Adequate / Minor Gap,UNKNOWN,UNKNOWN,No,UNKNOWN,Confined Space,UNKNOWN,UNKNOWN,UNKNOWN,UNKNOWN,2026-09-04T09:23:57Z,1.0.0,15420,False,False
sif_guard_seed__OIL-00952,SIF-Guard project (internal),sif_guard_seed,N/A (internal project file),OIL-00952,synthetic,True,2025-12-25,Site B - Moran,oil_and_gas,UC,Maintenance,Gas testing equipment battery indicator was low but was replaced before any entry occurred. Corrected on the spot.,None identified,UNKNOWN,UNKNOWN,Gas testing,Adequate / Minor Gap,UNKNOWN,UNKNOWN,No,UNKNOWN,Confined Space,UNKNOWN,UNKNOWN,UNKNOWN,UNKNOWN,2026-09-04T09:23:57Z,1.0.0,15420,False,False
sif_guard_seed__OIL-01095,SIF-Guard project (internal),sif_guard_seed,N/A (internal project file),OIL-01095,synthetic,True,2026-04-05,Site C - Kumchai,oil_and_gas,UC,Production Operations,A minor paint peel was noticed on the safety information board near the electrical panel. Logged for routine follow-up.,None identified,UNKNOWN,UNKNOWN,UNKNOWN,UNKNOWN,UNKNOWN,UNKNOWN,No,UNKNOWN,UNKNOWN,UNKNOWN,UNKNOWN,UNKNOWN,UNKNOWN,2026-09-04T09:23:57Z,1.0.0,0,False,False
sif_guard_seed__OIL-00777,SIF-Guard project (internal),sif_guard_seed,N/A (internal project file),OIL-00777,synthetic,True,2025-08-28,Site D - Jorajan,oil_and_gas,UA,Housekeeping,Signboard directing to the emergency assembly point was slightly bent; straightened by a shift technician.,None identified,UNKNOWN,UNKNOWN,UNKNOWN,UNKNOWN,UNKNOWN,UNKNOWN,No,UNKNOWN,UNKNOWN,UNKNOWN,UNKNOWN,UNKNOWN,UNKNOWN,2026-09-04T09:23:57Z,1.0.0,0,False,False
sif_guard_seed__OIL-00296,SIF-Guard project (internal),sif_guard_seed,N/A (internal project file),OIL-00296,real_ihm_stefanini,False,2017-01-12,Real-Local_08,oil_and_gas,Incident,Metals,"During the reduction activity in the tube, the employee attached the tube to the walrus, and when he hit the tube with the hammer, he untied the walrus by reaching his finger.",Manual Tools,UNKNOWN,UNKNOWN,Unknown (not recorded in source),Unknown,UNKNOWN,UNKNOWN,No,UNKNOWN,Unmapped,UNKNOWN,UNKNOWN,UNKNOWN,UNKNOWN,2026-09-04T09:23:57Z,1.0.0,0,False,False
sif_guard_seed__OIL-00387,SIF-Guard project (internal),sif_guard_seed,N/A (internal project file),OIL-00387,real_ihm_stefanini,False,2017-05-06,Real-Local_01,oil_and_gas,Incident,Mining,"In Circumstances that the staff was performing the rhyming of caving HW, the 1.5 m HW pipe was suspended Approximately 5 cm from the floor, the assistant placed the stilson key No. 36 on the HW pipe to fit the pipe at a height of 10 cm from the base of the rod holder, which the operator operates the chuck to slide this back, causing the pipe to slide causing the tip of the fourth finger of the assistant's right hand to be caught between the stilson key and the base of the rod holder. At the time of the event the collaborator used all his Epps.",Manual Tools,UNKNOWN,UNKNOWN,Unknown (not recorded in source),Unknown,UNKNOWN,UNKNOWN,Yes,UNKNOWN,Unmapped,UNKNOWN,UNKNOWN,UNKNOWN,UNKNOWN,2026-09-04T09:23:57Z,1.0.0,0,False,False
sif_guard_seed__OIL-00245,SIF-Guard project (internal),sif_guard_seed,N/A (internal project file),OIL-00245,real_ihm_stefanini,False,2016-10-26,Real-Local_01,oil_and_gas,Incident,Mining,"Once the ore loading in the LT-30 locomotive was completed; the penultimate car derails (7th car), by the presence of fragment of rock in the railway line, (weight of the car with mineral 8 tons), and to get it back on track the mining car, the victim makes use of a metal tube (length 1.20 meters and 4 ""diameter) to maneuver and reposition the mining car; at that moment the metallic tube loses stability and imprisons the victim's hand against the strut of the mining car. The collaborator at the time of the event towards the use of his leather gloves.",Others,UNKNOWN,UNKNOWN,Unknown (not recorded in source),Unknown,UNKNOWN,UNKNOWN,Yes,UNKNOWN,Unmapped,UNKNOWN,UNKNOWN,UNKNOWN,UNKNOWN,2026-09-04T09:23:57Z,1.0.0,0,False,False
sif_guard_seed__OIL-01269,SIF-Guard project (internal),sif_guard_seed,N/A (internal project file),OIL-01269,synthetic,True,2026-07-25,Site A - Duliajan,oil_and_gas,UA,Maintenance,A first-aid box in the admin building was found to be missing a few bandages; restocked. Addressed before the shift ended.,None identified,UNKNOWN,UNKNOWN,UNKNOWN,UNKNOWN,UNKNOWN,UNKNOWN,No,UNKNOWN,UNKNOWN,UNKNOWN,UNKNOWN,UNKNOWN,UNKNOWN,2026-09-04T09:23:57Z,1.0.0,0,False,False
sif_guard_seed__OIL-00366,SIF-Guard project (internal),sif_guard_seed,N/A (internal project file),OIL-00366,real_ihm_stefanini,False,2017-04-04,Real-Local_10,oil_and_gas,Incident,Others,"On 04/04/2017, around 13: 30hs, during the current sediment activity the collaborator Warley took a bee sting in the neck, the same was using the screen, but the bee entered the bottom of the screen . After the sting the team decided to leave the workplace due to the presence of other bees. The collaborator had no reaction and continued to work normally.",Venomous Animals,UNKNOWN,UNKNOWN,Unknown (not recorded in source),Unknown,UNKNOWN,UNKNOWN,No,UNKNOWN,Unmapped,UNKNOWN,UNKNOWN,UNKNOWN,UNKNOWN,2026-09-04T09:23:57Z,1.0.0,0,False,False
sif_guard_seed__OIL-00710,SIF-Guard project (internal),sif_guard_seed,N/A (internal project file),OIL-00710,synthetic,True,2025-07-07,Site E - Barekuri Pipeline,oil_and_gas,Near Miss,Production Operations,Permit to work had a minor clerical omission in the time field; corrected before work start.,None identified,UNKNOWN,UNKNOWN,Supervisory authorization,Adequate / Minor Gap,UNKNOWN,UNKNOWN,No,UNKNOWN,Work Authorisation,UNKNOWN,UNKNOWN,UNKNOWN,UNKNOWN,2026-09-04T09:23:57Z,1.0.0,15472,False,False
sif_guard_seed__OIL-00748,SIF-Guard project (internal),sif_guard_seed,N/A (internal project file),OIL-00748,synthetic,True,2025-08-01,Site D - Jorajan,oil_and_gas,UC,Drilling Operations,Permit to work had a minor clerical omission in the time field; corrected before work start.,None identified,UNKNOWN,UNKNOWN,Permit to Work (PTW),Adequate / Minor Gap,UNKNOWN,UNKNOWN,No,UNKNOWN,Work Authorisation,UNKNOWN,UNKNOWN,UNKNOWN,UNKNOWN,2026-09-04T09:23:57Z,1.0.0,15472,False,False
sif_guard_seed__OIL-00758,SIF-Guard project (internal),sif_guard_seed,N/A (internal project file),OIL-00758,synthetic,True,2025-08-12,Site D - Jorajan,oil_and_gas,UA,Maintenance,Permit to work had a minor clerical omission in the time field; corrected before work start.,None identified,UNKNOWN,UNKNOWN,Supervisory authorization,Adequate / Minor Gap,UNKNOWN,UNKNOWN,No,UNKNOWN,Work Authorisation,UNKNOWN,UNKNOWN,UNKNOWN,UNKNOWN,2026-09-04T09:23:57Z,1.0.0,15472,False,False
sif_guard_seed__OIL-00871,SIF-Guard project (internal),sif_guard_seed,N/A (internal project file),OIL-00871,synthetic,True,2025-10-30,Site E - Barekuri Pipeline,oil_and_gas,Incident,Production Operations,Permit to work had a minor clerical omission in the time field; corrected before work start.,None identified,UNKNOWN,UNKNOWN,Supervisory authorization,Adequate / Minor Gap,UNKNOWN,UNKNOWN,No,UNKNOWN,Work Authorisation,UNKNOWN,UNKNOWN,UNKNOWN,UNKNOWN,2026-09-04T09:23:57Z,1.0.0,15472,False,False
sif_guard_seed__OIL-00954,SIF-Guard project (internal),sif_guard_seed,N/A (internal project file),OIL-00954,synthetic,True,2025-12-29,Site C - Kumchai,oil_and_gas,UA,Drilling Operations,Permit to work had a minor clerical omission in the time field; corrected before work start.,None identified,UNKNOWN,UNKNOWN,Supervisory authorization,Adequate / Minor Gap,UNKNOWN,UNKNOWN,No,UNKNOWN,Work Authorisation,UNKNOWN,UNKNOWN,UNKNOWN,UNKNOWN,2026-09-04T09:23:57Z,1.0.0,15472,False,False
sif_guard_seed__OIL-00713,SIF-Guard project (internal),sif_guard_seed,N/A (internal project file),OIL-00713,synthetic,True,2025-07-09,Site B - Moran,oil_and_gas,UA,Housekeeping,A third-party worker found the water cooler in the rest area was not working; complaint logged. Addressed before the shift ended.,None identified,UNKNOWN,UNKNOWN,UNKNOWN,UNKNOWN,UNKNOWN,UNKNOWN,No,UNKNOWN,UNKNOWN,UNKNOWN,UNKNOWN,UNKNOWN,UNKNOWN,2026-09-04T09:23:57Z,1.0.0,0,False,False
sif_guard_seed__OIL-00476,SIF-Guard project (internal),sif_guard_seed,N/A (internal project file),OIL-00476,synthetic,True,2025-02-03,Site B - Moran,oil_and_gas,UC,Hot Work,Hot work permit was signed but the copy at the site was slightly torn; replaced with new copy.,None identified,UNKNOWN,UNKNOWN,Gas testing (flammable atmosphere),Adequate / Minor Gap,UNKNOWN,UNKNOWN,No,UNKNOWN,Hot Work,UNKNOWN,UNKNOWN,UNKNOWN,UNKNOWN,2026-09-04T09:23:57Z,1.0.0,15427,False,False
sif_guard_seed__OIL-00558,SIF-Guard project (internal),sif_guard_seed,N/A (internal project file),OIL-00558,synthetic,True,2025-04-10,Site E - Barekuri Pipeline,oil_and_gas,Near Miss,Maintenance,Hot work permit was signed but the copy at the site was slightly torn; replaced with new copy.,None identified,UNKNOWN,UNKNOWN,Fire extinguishing equipment on site,Adequate / Minor Gap,UNKNOWN,UNKNOWN,No,UNKNOWN,Hot Work,UNKNOWN,UNKNOWN,UNKNOWN,UNKNOWN,2026-09-04T09:23:57Z,1.0.0,15427,False,False
sif_guard_seed__OIL-00762,SIF-Guard project (internal),sif_guard_seed,N/A (internal project file),OIL-00762,synthetic,True,2025-08-14,Site D - Jorajan,oil_and_gas,UA,Maintenance,Hot work permit was signed but the copy at the site was slightly torn; replaced with new copy.,None identified,UNKNOWN,UNKNOWN,Fire watch,Adequate / Minor Gap,UNKNOWN,UNKNOWN,No,UNKNOWN,Hot Work,UNKNOWN,UNKNOWN,UNKNOWN,UNKNOWN,2026-09-04T09:23:57Z,1.0.0,15427,False,False
sif_guard_seed__OIL-01191,SIF-Guard project (internal),sif_guard_seed,N/A (internal project file),OIL-01191,synthetic,True,2026-06-08,Site A - Duliajan,oil_and_gas,UA,Hot Work,Hot work permit was signed but the copy at the site was slightly torn; replaced with new copy.,None identified,UNKNOWN,UNKNOWN,Fire extinguishing equipment on site,Adequate / Minor Gap,UNKNOWN,UNKNOWN,No,UNKNOWN,Hot Work,UNKNOWN,UNKNOWN,UNKNOWN,UNKNOWN,2026-09-04T09:23:57Z,1.0.0,15427,False,False
sif_guard_seed__OIL-00215,SIF-Guard project (internal),sif_guard_seed,N/A (internal project file),OIL-00215,real_ihm_stefanini,False,2016-09-15,Real-Local_10,oil_and_gas,Incident,Others,"When cutting the vegetation to open the bite, using a sickle, the assistant struck the vine twice. When the liana ruptured, the top of the branch projected against the face of the auxiliary causing the cut in the upper lip.",Others,UNKNOWN,UNKNOWN,Unknown (not recorded in source),Unknown,UNKNOWN,UNKNOWN,No,UNKNOWN,Unmapped,UNKNOWN,UNKNOWN,UNKNOWN,UNKNOWN,2026-09-04T09:23:57Z,1.0.0,0,False,False
sif_guard_seed__OIL-00492,SIF-Guard project (internal),sif_guard_seed,N/A (internal project file),OIL-00492,synthetic,True,2025-02-18,Site D - Jorajan,oil_and_gas,Near Miss,Maintenance,Hot work was started by a new joinee without gas testing the surrounding area for flammable vapors. Work was stopped immediately once observed.,Explosion,UNKNOWN,UNKNOWN,Fire watch,Missing,UNKNOWN,UNKNOWN,Yes,UNKNOWN,Hot Work,UNKNOWN,UNKNOWN,UNKNOWN,UNKNOWN,2026-09-04T09:23:57Z,1.0.0,15432,False,False
sif_guard_seed__OIL-01263,SIF-Guard project (internal),sif_guard_seed,N/A (internal project file),OIL-01263,synthetic,True,2026-07-22,Site C - Kumchai,oil_and_gas,Near Miss,Hot Work,Hot work was started by a new joinee without gas testing the surrounding area for flammable vapors. Work was stopped immediately once observed.,Fire,UNKNOWN,UNKNOWN,Fire watch,Bypassed,UNKNOWN,UNKNOWN,Yes,UNKNOWN,Hot Work,UNKNOWN,UNKNOWN,UNKNOWN,UNKNOWN,2026-09-04T09:23:57Z,1.0.0,15432,False,False
sif_guard_seed__OIL-00701,SIF-Guard project (internal),sif_guard_seed,N/A (internal project file),OIL-00701,synthetic,True,2025-07-02,Site E - Barekuri Pipeline,oil_and_gas,UC,Drilling Operations,An operator exceeded the load chart limit while lifting equipment near the wellhead. No injury occurred.,Load drop,UNKNOWN,UNKNOWN,Load chart compliance,Missing,UNKNOWN,UNKNOWN,Yes,UNKNOWN,Safe Mechanical Lifting,UNKNOWN,UNKNOWN,UNKNOWN,UNKNOWN,2026-09-04T09:23:57Z,1.0.0,0,False,False
sif_guard_seed__OIL-00839,SIF-Guard project (internal),sif_guard_seed,N/A (internal project file),OIL-00839,synthetic,True,2025-10-03,Site E - Barekuri Pipeline,oil_and_gas,UA,Housekeeping,A shift technician observed a torn notice board sheet near the muster point; replaced during rounds. No further action required.,None identified,UNKNOWN,UNKNOWN,UNKNOWN,UNKNOWN,UNKNOWN,UNKNOWN,No,UNKNOWN,UNKNOWN,UNKNOWN,UNKNOWN,UNKNOWN,UNKNOWN,2026-09-04T09:23:57Z,1.0.0,0,False,False
sif_guard_seed__OIL-00505,SIF-Guard project (internal),sif_guard_seed,N/A (internal project file),OIL-00505,synthetic,True,2025-03-02,Site E - Barekuri Pipeline,oil_and_gas,UC,Working at Height,Scaffold inspection tag was missing but a third-party worker used the scaffold to access elevated piping. No injury occurred.,Dropped object,UNKNOWN,UNKNOWN,Guardrails,Missing,UNKNOWN,UNKNOWN,Yes,UNKNOWN,Working at Height,UNKNOWN,UNKNOWN,UNKNOWN,UNKNOWN,2026-09-04T09:23:57Z,1.0.0,0,False,False
sif_guard_seed__OIL-00537,SIF-Guard project (internal),sif_guard_seed,N/A (internal project file),OIL-00537,synthetic,True,2025-03-28,Site A - Duliajan,oil_and_gas,Incident,Maintenance,Fire extinguisher signage in the corridor was found slightly faded; repainting scheduled. Logged for routine follow-up.,None identified,UNKNOWN,UNKNOWN,UNKNOWN,UNKNOWN,UNKNOWN,UNKNOWN,No,UNKNOWN,UNKNOWN,UNKNOWN,UNKNOWN,UNKNOWN,UNKNOWN,2026-09-04T09:23:57Z,1.0.0,15410,False,False
sif_guard_seed__OIL-00920,SIF-Guard project (internal),sif_guard_seed,N/A (internal project file),OIL-00920,synthetic,True,2025-12-03,Site E - Barekuri Pipeline,oil_and_gas,Near Miss,Housekeeping,Fire extinguisher signage in the corridor was found slightly faded; repainting scheduled. Logged for routine follow-up.,None identified,UNKNOWN,UNKNOWN,UNKNOWN,UNKNOWN,UNKNOWN,UNKNOWN,No,UNKNOWN,UNKNOWN,UNKNOWN,UNKNOWN,UNKNOWN,UNKNOWN,2026-09-04T09:23:57Z,1.0.0,15410,False,False
sif_guard_seed__OIL-01104,SIF-Guard project (internal),sif_guard_seed,N/A (internal project file),OIL-01104,synthetic,True,2026-04-08,Site E - Barekuri Pipeline,oil_and_gas,UA,Maintenance,Fire extinguisher signage in the corridor was found slightly faded; repainting scheduled. Logged for routine follow-up.,None identified,UNKNOWN,UNKNOWN,UNKNOWN,UNKNOWN,UNKNOWN,UNKNOWN,No,UNKNOWN,UNKNOWN,UNKNOWN,UNKNOWN,UNKNOWN,UNKNOWN,2026-09-04T09:23:57Z,1.0.0,15410,False,False
sif_guard_seed__OIL-01221,SIF-Guard project (internal),sif_guard_seed,N/A (internal project file),OIL-01221,synthetic,True,2026-06-23,Site A - Duliajan,oil_and_gas,UC,Housekeeping,Fire extinguisher signage in the corridor was found slightly faded; repainting scheduled. Logged for routine follow-up.,None identified,UNKNOWN,UNKNOWN,UNKNOWN,UNKNOWN,UNKNOWN,UNKNOWN,No,UNKNOWN,UNKNOWN,UNKNOWN,UNKNOWN,UNKNOWN,UNKNOWN,2026-09-04T09:23:57Z,1.0.0,15410,False,False
sif_guard_seed__OIL-00704,SIF-Guard project (internal),sif_guard_seed,N/A (internal project file),OIL-00704,synthetic,True,2025-07-04,Site C - Kumchai,oil_and_gas,Near Miss,Maintenance,Isolation tag on the compressor unit was found slightly faded and needs replacement; work was not affected. No further action required.,None identified,UNKNOWN,UNKNOWN,Isolation certificate,Adequate / Minor Gap,UNKNOWN,UNKNOWN,No,UNKNOWN,Energy Isolation,UNKNOWN,UNKNOWN,UNKNOWN,UNKNOWN,2026-09-04T09:23:57Z,1.0.0,0,False,False
sif_guard_seed__OIL-00006,SIF-Guard project (internal),sif_guard_seed,N/A (internal project file),OIL-00006,real_ihm_stefanini,False,2016-01-12,Real-Local_05,oil_and_gas,Incident,Metals,"During the unloading operation of the ustulado Bag there was a need to unclog the discharge mouth of the silo truck. In performing this procedure, there was a maneuver of unhooking the hose without the total depressurisation of the mouth, projecting ustulado powder in the collaborator caused irritation in the eyes.",Pressurized Systems,UNKNOWN,UNKNOWN,Unknown (not recorded in source),Unknown,UNKNOWN,UNKNOWN,No,UNKNOWN,Energy Isolation,UNKNOWN,UNKNOWN,UNKNOWN,UNKNOWN,2026-09-04T09:23:57Z,1.0.0,0,False,False
sif_guard_seed__OIL-00061,SIF-Guard project (internal),sif_guard_seed,N/A (internal project file),OIL-00061,real_ihm_stefanini,False,2016-03-16,Real-Local_08,oil_and_gas,Incident,Metals,"The employee, when performing the adjustment / tightening operation of the cutter blade with which he worked, was neglected, the key to slip, causing the blade of the equipment to hit him, causing a blunt cut on his right forearm.",Manual Tools,UNKNOWN,UNKNOWN,Unknown (not recorded in source),Unknown,UNKNOWN,UNKNOWN,No,UNKNOWN,Unmapped,UNKNOWN,UNKNOWN,UNKNOWN,UNKNOWN,2026-09-04T09:23:57Z,1.0.0,0,False,False
sif_guard_seed__OIL-00614,SIF-Guard project (internal),sif_guard_seed,N/A (internal project file),OIL-00614,synthetic,True,2025-05-11,Site A - Duliajan,oil_and_gas,UC,Maintenance,A new joinee reported that the office AC filter needed cleaning.,None identified,UNKNOWN,UNKNOWN,UNKNOWN,UNKNOWN,UNKNOWN,UNKNOWN,No,UNKNOWN,UNKNOWN,UNKNOWN,UNKNOWN,UNKNOWN,UNKNOWN,2026-09-04T09:23:57Z,1.0.0,15367,False,False
sif_guard_seed__OIL-01260,SIF-Guard project (internal),sif_guard_seed,N/A (internal project file),OIL-01260,synthetic,True,2026-07-21,Site D - Jorajan,oil_and_gas,UC,Maintenance,A new joinee reported that the office AC filter needed cleaning.,None identified,UNKNOWN,UNKNOWN,UNKNOWN,UNKNOWN,UNKNOWN,UNKNOWN,No,UNKNOWN,UNKNOWN,UNKNOWN,UNKNOWN,UNKNOWN,UNKNOWN,2026-09-04T09:23:57Z,1.0.0,15367,False,False
sif_guard_seed__OIL-01294,SIF-Guard project (internal),sif_guard_seed,N/A (internal project file),OIL-01294,synthetic,True,2026-08-14,Site D - Jorajan,oil_and_gas,UA,Production Operations,An alarm on the electrical panel was silenced by a contract technician without investigating the cause. Corrective action was raised on the spot.,Overridden alarm,UNKNOWN,UNKNOWN,Alarm system,Missing,UNKNOWN,UNKNOWN,Yes,UNKNOWN,Bypassing Safety Controls,UNKNOWN,UNKNOWN,UNKNOWN,UNKNOWN,2026-09-04T09:23:57Z,1.0.0,0,False,False
sif_guard_seed__OIL-00918,SIF-Guard project (internal),sif_guard_seed,N/A (internal project file),OIL-00918,synthetic,True,2025-12-01,Site E - Barekuri Pipeline,oil_and_gas,UC,Production Operations,An operator reported that the office AC filter needed cleaning. Logged for routine follow-up.,None identified,UNKNOWN,UNKNOWN,UNKNOWN,UNKNOWN,UNKNOWN,UNKNOWN,No,UNKNOWN,UNKNOWN,UNKNOWN,UNKNOWN,UNKNOWN,UNKNOWN,2026-09-04T09:23:57Z,1.0.0,0,False,False
sif_guard_seed__OIL-00317,SIF-Guard project (internal),sif_guard_seed,N/A (internal project file),OIL-00317,real_ihm_stefanini,False,2017-02-07,Real-Local_04,oil_and_gas,Incident,Mining,"The collaborator completed the misalignment of the nut on the left side of the chute scraper of strip No. 9-2, when he gets up he turns and hits the head guard with the railing, hitting the lenses generating the injury.",Others,UNKNOWN,UNKNOWN,Unknown (not recorded in source),Unknown,UNKNOWN,UNKNOWN,No,UNKNOWN,Unmapped,UNKNOWN,UNKNOWN,UNKNOWN,UNKNOWN,2026-09-04T09:23:57Z,1.0.0,0,False,False
sif_guard_seed__OIL-00553,SIF-Guard project (internal),sif_guard_seed,N/A (internal project file),OIL-00553,synthetic,True,2025-04-09,Site E - Barekuri Pipeline,oil_and_gas,UA,Confined Space Entry,"Confined space permit paperwork had a minor date entry error, corrected before entry. Logged for routine follow-up.",None identified,UNKNOWN,UNKNOWN,Rescue plan/standby,Adequate / Minor Gap,UNKNOWN,UNKNOWN,No,UNKNOWN,Confined Space,UNKNOWN,UNKNOWN,UNKNOWN,UNKNOWN,2026-09-04T09:23:57Z,1.0.0,15399,False,False
sif_guard_seed__OIL-00870,SIF-Guard project (internal),sif_guard_seed,N/A (internal project file),OIL-00870,synthetic,True,2025-10-29,Site E - Barekuri Pipeline,oil_and_gas,UA,Confined Space Entry,"Confined space permit paperwork had a minor date entry error, corrected before entry. Logged for routine follow-up.",None identified,UNKNOWN,UNKNOWN,Gas testing,Adequate / Minor Gap,UNKNOWN,UNKNOWN,No,UNKNOWN,Confined Space,UNKNOWN,UNKNOWN,UNKNOWN,UNKNOWN,2026-09-04T09:23:57Z,1.0.0,15399,False,False
sif_guard_seed__OIL-01121,SIF-Guard project (internal),sif_guard_seed,N/A (internal project file),OIL-01121,synthetic,True,2026-04-14,Site B - Moran,oil_and_gas,UA,Confined Space Entry,"Confined space permit paperwork had a minor date entry error, corrected before entry. Logged for routine follow-up.",None identified,UNKNOWN,UNKNOWN,Continuous atmosphere monitoring,Adequate / Minor Gap,UNKNOWN,UNKNOWN,No,UNKNOWN,Confined Space,UNKNOWN,UNKNOWN,UNKNOWN,UNKNOWN,2026-09-04T09:23:57Z,1.0.0,15399,False,False
sif_guard_seed__OIL-01138,SIF-Guard project (internal),sif_guard_seed,N/A (internal project file),OIL-01138,synthetic,True,2026-04-26,Site C - Kumchai,oil_and_gas,UC,Maintenance,"Confined space permit paperwork had a minor date entry error, corrected before entry. Logged for routine follow-up.",None identified,UNKNOWN,UNKNOWN,Confined space entry permit,Adequate / Minor Gap,UNKNOWN,UNKNOWN,No,UNKNOWN,Confined Space,UNKNOWN,UNKNOWN,UNKNOWN,UNKNOWN,2026-09-04T09:23:57Z,1.0.0,15399,False,False
sif_guard_seed__OIL-00569,SIF-Guard project (internal),sif_guard_seed,N/A (internal project file),OIL-00569,synthetic,True,2025-04-16,Site C - Kumchai,oil_and_gas,UC,Maintenance,Isolation tag on the wellhead valve assembly was found slightly faded and needs replacement; work was not affected. No further action required.,None identified,UNKNOWN,UNKNOWN,Lockout/Tagout (LOTO),Adequate / Minor Gap,UNKNOWN,UNKNOWN,No,UNKNOWN,Energy Isolation,UNKNOWN,UNKNOWN,UNKNOWN,UNKNOWN,2026-09-04T09:23:57Z,1.0.0,0,False,False
sif_guard_seed__OIL-01127,SIF-Guard project (internal),sif_guard_seed,N/A (internal project file),OIL-01127,synthetic,True,2026-04-17,Site E - Barekuri Pipeline,oil_and_gas,Near Miss,Housekeeping,A new joinee suggested better labeling for stationery cupboards in the office. Addressed before the shift ended.,None identified,UNKNOWN,UNKNOWN,UNKNOWN,UNKNOWN,UNKNOWN,UNKNOWN,No,UNKNOWN,UNKNOWN,UNKNOWN,UNKNOWN,UNKNOWN,UNKNOWN,2026-09-04T09:23:57Z,1.0.0,0,False,False
sif_guard_seed__OIL-00408,SIF-Guard project (internal),sif_guard_seed,N/A (internal project file),OIL-00408,real_ihm_stefanini,False,2017-06-14,Real-Local_02,oil_and_gas,Incident,Mining,"The employee performed insertion and adjustment of the joint in the blind flange of a 54 ""tubing, when one of the wedges shifted, causing movement in the flange, causing the 3rd and 4th fingers of the left hand to be pressed.",Pressed,UNKNOWN,UNKNOWN,Unknown (not recorded in source),Unknown,UNKNOWN,UNKNOWN,Yes,UNKNOWN,Unmapped,UNKNOWN,UNKNOWN,UNKNOWN,UNKNOWN,2026-09-04T09:23:57Z,1.0.0,0,False,False
sif_guard_seed__OIL-01227,SIF-Guard project (internal),sif_guard_seed,N/A (internal project file),OIL-01227,synthetic,True,2026-06-28,Site E - Barekuri Pipeline,oil_and_gas,UC,Housekeeping,An operator observed mild clutter of files near the printer station; tidied up. Corrected on the spot.,None identified,UNKNOWN,UNKNOWN,UNKNOWN,UNKNOWN,UNKNOWN,UNKNOWN,No,UNKNOWN,UNKNOWN,UNKNOWN,UNKNOWN,UNKNOWN,UNKNOWN,2026-09-04T09:23:57Z,1.0.0,0,False,False
sif_guard_seed__OIL-00240,SIF-Guard project (internal),sif_guard_seed,N/A (internal project file),OIL-00240,real_ihm_stefanini,False,2016-10-18,Real-Local_03,oil_and_gas,Incident,Mining,"In circumstances that the assistant of mine was arranging to advance the hose of flexible nylon of 1 ""of diameter, to proceed with the watered of shot fired, positioning itself under a zone with the support deteriorated by the last blasting, moment in which it gives off a block of rock (25cmx10cmx5cm; 3.5 Kg) of the roof of the work of a height of 5.2 meters which when falling hits by rebound in the left leg of the collaborator causing the described injury.",Others,UNKNOWN,UNKNOWN,Unknown (not recorded in source),Unknown,UNKNOWN,UNKNOWN,Yes,UNKNOWN,Unmapped,UNKNOWN,UNKNOWN,UNKNOWN,UNKNOWN,2026-09-04T09:23:57Z,1.0.0,0,False,False
sif_guard_seed__OIL-00790,SIF-Guard project (internal),sif_guard_seed,N/A (internal project file),OIL-00790,synthetic,True,2025-09-04,Site C - Kumchai,oil_and_gas,Near Miss,Production Operations,A field engineer positioned themselves in the line of fire while a pressurized hose was being disconnected from the main isolation valve.,Pressure release,UNKNOWN,UNKNOWN,Suspended load control,Bypassed,UNKNOWN,UNKNOWN,Yes,UNKNOWN,Line of Fire,UNKNOWN,UNKNOWN,UNKNOWN,UNKNOWN,2026-09-04T09:23:57Z,1.0.0,0,False,False
sif_guard_seed__OIL-00594,SIF-Guard project (internal),sif_guard_seed,N/A (internal project file),OIL-00594,synthetic,True,2025-04-30,Site E - Barekuri Pipeline,oil_and_gas,UA,Housekeeping,A shift technician found the water cooler in the rest area was not working; complaint logged.,None identified,UNKNOWN,UNKNOWN,UNKNOWN,UNKNOWN,UNKNOWN,UNKNOWN,No,UNKNOWN,UNKNOWN,UNKNOWN,UNKNOWN,UNKNOWN,UNKNOWN,2026-09-04T09:23:57Z,1.0.0,15375,False,False
sif_guard_seed__OIL-01166,SIF-Guard project (internal),sif_guard_seed,N/A (internal project file),OIL-01166,synthetic,True,2026-05-16,Site A - Duliajan,oil_and_gas,UC,Housekeeping,A shift technician found the water cooler in the rest area was not working; complaint logged.,None identified,UNKNOWN,UNKNOWN,UNKNOWN,UNKNOWN,UNKNOWN,UNKNOWN,No,UNKNOWN,UNKNOWN,UNKNOWN,UNKNOWN,UNKNOWN,UNKNOWN,2026-09-04T09:23:57Z,1.0.0,15375,False,False
sif_guard_seed__OIL-00568,SIF-Guard project (internal),sif_guard_seed,N/A (internal project file),OIL-00568,synthetic,True,2025-04-16,Site E - Barekuri Pipeline,oil_and_gas,UC,Production Operations,A loose floor tile was noticed by a rigger in the administrative block corridor. Addressed before the shift ended.,None identified,UNKNOWN,UNKNOWN,UNKNOWN,UNKNOWN,UNKNOWN,UNKNOWN,No,UNKNOWN,UNKNOWN,UNKNOWN,UNKNOWN,UNKNOWN,UNKNOWN,2026-09-04T09:23:57Z,1.0.0,15359,False,False
sif_guard_seed__OIL-01147,SIF-Guard project (internal),sif_guard_seed,N/A (internal project file),OIL-01147,synthetic,True,2026-05-01,Site B - Moran,oil_and_gas,UC,Maintenance,A loose floor tile was noticed by a rigger in the administrative block corridor. Addressed before the shift ended.,None identified,UNKNOWN,UNKNOWN,UNKNOWN,UNKNOWN,UNKNOWN,UNKNOWN,No,UNKNOWN,UNKNOWN,UNKNOWN,UNKNOWN,UNKNOWN,UNKNOWN,2026-09-04T09:23:57Z,1.0.0,15359,False,False
sif_guard_seed__OIL-01250,SIF-Guard project (internal),sif_guard_seed,N/A (internal project file),OIL-01250,synthetic,True,2026-07-14,Site E - Barekuri Pipeline,oil_and_gas,UC,Production Operations,A shift technician was found not wearing safety glasses while filing paperwork in the site office. Addressed before the shift ended.,None identified,UNKNOWN,UNKNOWN,UNKNOWN,UNKNOWN,UNKNOWN,UNKNOWN,No,UNKNOWN,UNKNOWN,UNKNOWN,UNKNOWN,UNKNOWN,UNKNOWN,2026-09-04T09:23:57Z,1.0.0,0,False,False
sif_guard_seed__OIL-00268,SIF-Guard project (internal),sif_guard_seed,N/A (internal project file),OIL-00268,real_ihm_stefanini,False,2016-12-10,Real-Local_04,oil_and_gas,Incident,Mining,"At 18:40 hours, in moments when Mr. Claudio tipper operator readjusted the nuts of the rear tire on the right side of his vehicle, using a wheel wrench and a tube as an extension to generate greater force of torque; which was Mr. Wilber held him in his back; suffers a contusion in the palm of the right hand as the extension to his partner slips from his hands.",Others,UNKNOWN,UNKNOWN,Unknown (not recorded in source),Unknown,UNKNOWN,UNKNOWN,No,UNKNOWN,Unmapped,UNKNOWN,UNKNOWN,UNKNOWN,UNKNOWN,2026-09-04T09:23:57Z,1.0.0,0,False,False
sif_guard_seed__OIL-01031,SIF-Guard project (internal),sif_guard_seed,N/A (internal project file),OIL-01031,synthetic,True,2026-02-24,Site E - Barekuri Pipeline,oil_and_gas,UC,Production Operations,A maintenance crew member found the water cooler in the rest area was not working; complaint logged. Addressed before the shift ended.,None identified,UNKNOWN,UNKNOWN,UNKNOWN,UNKNOWN,UNKNOWN,UNKNOWN,No,UNKNOWN,UNKNOWN,UNKNOWN,UNKNOWN,UNKNOWN,UNKNOWN,2026-09-04T09:23:57Z,1.0.0,0,False,False
sif_guard_seed__OIL-00484,SIF-Guard project (internal),sif_guard_seed,N/A (internal project file),OIL-00484,synthetic,True,2025-02-12,Site E - Barekuri Pipeline,oil_and_gas,UA,Housekeeping,Signboard directing to the emergency assembly point was slightly bent; straightened by an operator. Corrected on the spot.,None identified,UNKNOWN,UNKNOWN,UNKNOWN,UNKNOWN,UNKNOWN,UNKNOWN,No,UNKNOWN,UNKNOWN,UNKNOWN,UNKNOWN,UNKNOWN,UNKNOWN,2026-09-04T09:23:57Z,1.0.0,0,False,False
sif_guard_seed__OIL-00506,SIF-Guard project (internal),sif_guard_seed,N/A (internal project file),OIL-00506,synthetic,True,2025-03-06,Site A - Duliajan,oil_and_gas,UC,Scaffolding,Scaffold tag was found slightly discolored and hard to read; replaced during routine check. Corrected on the spot.,None identified,UNKNOWN,UNKNOWN,Anchor point verification,Adequate / Minor Gap,UNKNOWN,UNKNOWN,No,UNKNOWN,Working at Height,UNKNOWN,UNKNOWN,UNKNOWN,UNKNOWN,2026-09-04T09:23:57Z,1.0.0,15485,False,False
sif_guard_seed__OIL-01081,SIF-Guard project (internal),sif_guard_seed,N/A (internal project file),OIL-01081,synthetic,True,2026-03-25,Site C - Kumchai,oil_and_gas,UC,Working at Height,Scaffold tag was found slightly discolored and hard to read; replaced during routine check. Corrected on the spot.,None identified,UNKNOWN,UNKNOWN,Scaffold inspection tag,Adequate / Minor Gap,UNKNOWN,UNKNOWN,No,UNKNOWN,Working at Height,UNKNOWN,UNKNOWN,UNKNOWN,UNKNOWN,2026-09-04T09:23:57Z,1.0.0,15485,False,False
sif_guard_seed__OIL-00515,SIF-Guard project (internal),sif_guard_seed,N/A (internal project file),OIL-00515,synthetic,True,2025-03-13,Site B - Moran,oil_and_gas,Near Miss,Housekeeping,A loose floor tile was noticed by a maintenance crew member in the administrative block corridor.,None identified,UNKNOWN,UNKNOWN,UNKNOWN,UNKNOWN,UNKNOWN,UNKNOWN,No,UNKNOWN,UNKNOWN,UNKNOWN,UNKNOWN,UNKNOWN,UNKNOWN,2026-09-04T09:23:57Z,1.0.0,0,False,False
sif_guard_seed__OIL-00561,SIF-Guard project (internal),sif_guard_seed,N/A (internal project file),OIL-00561,synthetic,True,2025-04-11,Site B - Moran,oil_and_gas,Near Miss,Confined Space Entry,Continuous atmosphere monitoring was not maintained while a third-party worker worked inside the tank; monitor was left outside. Work was stopped immediately once observed.,Oxygen-deficient atmosphere,UNKNOWN,UNKNOWN,Continuous atmosphere monitoring,Bypassed,UNKNOWN,UNKNOWN,Yes,UNKNOWN,Confined Space,UNKNOWN,UNKNOWN,UNKNOWN,UNKNOWN,2026-09-04T09:23:57Z,1.0.0,0,False,False
sif_guard_seed__OIL-01320,SIF-Guard project (internal),sif_guard_seed,N/A (internal project file),OIL-01320,synthetic,True,2026-08-30,Site C - Kumchai,oil_and_gas,UA,Housekeeping,A minor paint peel was noticed on the safety information board near the main isolation valve.,None identified,UNKNOWN,UNKNOWN,UNKNOWN,UNKNOWN,UNKNOWN,UNKNOWN,No,UNKNOWN,UNKNOWN,UNKNOWN,UNKNOWN,UNKNOWN,UNKNOWN,2026-09-04T09:23:57Z,1.0.0,0,False,False
sif_guard_seed__OIL-00764,SIF-Guard project (internal),sif_guard_seed,N/A (internal project file),OIL-00764,synthetic,True,2025-08-19,Site C - Kumchai,oil_and_gas,UA,Production Operations,A rigger was working within the swing radius of the excavator without barricading in place. Corrective action was raised on the spot.,Pressure release,UNKNOWN,UNKNOWN,Signage,Missing,UNKNOWN,UNKNOWN,Yes,UNKNOWN,Line of Fire,UNKNOWN,UNKNOWN,UNKNOWN,UNKNOWN,2026-09-04T09:23:57Z,1.0.0,0,False,False
sif_guard_seed__OIL-00536,SIF-Guard project (internal),sif_guard_seed,N/A (internal project file),OIL-00536,synthetic,True,2025-03-28,Site C - Kumchai,oil_and_gas,UA,Housekeeping,Minor housekeeping: cables in the office area were not properly bundled. Addressed before the shift ended.,None identified,UNKNOWN,UNKNOWN,UNKNOWN,UNKNOWN,UNKNOWN,UNKNOWN,No,UNKNOWN,UNKNOWN,UNKNOWN,UNKNOWN,UNKNOWN,UNKNOWN,2026-09-04T09:23:57Z,1.0.0,15451,False,False
sif_guard_seed__OIL-00888,SIF-Guard project (internal),sif_guard_seed,N/A (internal project file),OIL-00888,synthetic,True,2025-11-07,Site D - Jorajan,oil_and_gas,UA,Maintenance,Minor housekeeping: cables in the office area were not properly bundled. Addressed before the shift ended.,None identified,UNKNOWN,UNKNOWN,UNKNOWN,UNKNOWN,UNKNOWN,UNKNOWN,No,UNKNOWN,UNKNOWN,UNKNOWN,UNKNOWN,UNKNOWN,UNKNOWN,2026-09-04T09:23:57Z,1.0.0,15451,False,False
sif_guard_seed__OIL-00036,SIF-Guard project (internal),sif_guard_seed,N/A (internal project file),OIL-00036,real_ihm_stefanini,False,2016-02-18,Real-Local_05,oil_and_gas,Incident,Metals,"When replacing the telescopic expansion joint of the HDPE pipe of the storm drainage pumping system, it reports that the piece involuntarily moved when it was positioned in the holder, pressing its finger against the holder, causing a wound 1 right chemo.",Pressed,UNKNOWN,UNKNOWN,Unknown (not recorded in source),Unknown,UNKNOWN,UNKNOWN,No,UNKNOWN,Unmapped,UNKNOWN,UNKNOWN,UNKNOWN,UNKNOWN,2026-09-04T09:23:57Z,1.0.0,0,False,False
sif_guard_seed__OIL-00755,SIF-Guard project (internal),sif_guard_seed,N/A (internal project file),OIL-00755,synthetic,True,2025-08-09,Site E - Barekuri Pipeline,oil_and_gas,Incident,Housekeeping,Signboard directing to the emergency assembly point was slightly bent; straightened by a new joinee. Addressed before the shift ended.,None identified,UNKNOWN,UNKNOWN,UNKNOWN,UNKNOWN,UNKNOWN,UNKNOWN,No,UNKNOWN,UNKNOWN,UNKNOWN,UNKNOWN,UNKNOWN,UNKNOWN,2026-09-04T09:23:57Z,1.0.0,0,False,False
sif_guard_seed__OIL-00797,SIF-Guard project (internal),sif_guard_seed,N/A (internal project file),OIL-00797,synthetic,True,2025-09-08,Site B - Moran,oil_and_gas,UC,Maintenance,Continuous atmosphere monitoring was not maintained while a contract technician worked inside the tank; monitor was left outside.,Engulfment,UNKNOWN,UNKNOWN,Continuous atmosphere monitoring,Bypassed,UNKNOWN,UNKNOWN,Yes,UNKNOWN,Confined Space,UNKNOWN,UNKNOWN,UNKNOWN,UNKNOWN,2026-09-04T09:23:57Z,1.0.0,0,False,False
sif_guard_seed__OIL-00246,SIF-Guard project (internal),sif_guard_seed,N/A (internal project file),OIL-00246,real_ihm_stefanini,False,2016-10-27,Real-Local_03,oil_and_gas,Incident,Mining,"At a time when the heavy equipment operator got on the equipment to check the right front headlight (defective) of the scooptram # 181, position on the rim position # 2 his left leg which slides, causing the heavy equipment operator to fall from a height of 0.60 cm",Others,UNKNOWN,UNKNOWN,Unknown (not recorded in source),Unknown,UNKNOWN,UNKNOWN,Yes,UNKNOWN,Unmapped,UNKNOWN,UNKNOWN,UNKNOWN,UNKNOWN,2026-09-04T09:23:57Z,1.0.0,0,False,False
sif_guard_seed__OIL-00508,SIF-Guard project (internal),sif_guard_seed,N/A (internal project file),OIL-00508,synthetic,True,2025-03-09,Site A - Duliajan,oil_and_gas,UA,Drilling Operations,Risk assessment was not completed before a third-party worker began work on the main isolation valve. Corrective action was raised on the spot.,Unauthorized/uncontrolled work start,UNKNOWN,UNKNOWN,Risk assessment / JSA,Bypassed,UNKNOWN,UNKNOWN,Yes,UNKNOWN,Work Authorisation,UNKNOWN,UNKNOWN,UNKNOWN,UNKNOWN,2026-09-04T09:23:57Z,1.0.0,0,False,False
sif_guard_seed__OIL-00709,SIF-Guard project (internal),sif_guard_seed,N/A (internal project file),OIL-00709,synthetic,True,2025-07-06,Site D - Jorajan,oil_and_gas,UA,Maintenance,Risk assessment was not completed before a contract technician began work on the wellhead valve assembly.,Missing risk assessment,UNKNOWN,UNKNOWN,Supervisory authorization,Failed,UNKNOWN,UNKNOWN,Yes,UNKNOWN,Work Authorisation,UNKNOWN,UNKNOWN,UNKNOWN,UNKNOWN,2026-09-04T09:23:57Z,1.0.0,0,False,False
sif_guard_seed__OIL-00116,SIF-Guard project (internal),sif_guard_seed,N/A (internal project file),OIL-00116,real_ihm_stefanini,False,2016-05-11,Real-Local_03,oil_and_gas,Incident,Mining,"In the welding workshop of level 3620 (Ex -450 tunnel quinoa), in moments that the assistant raised a wooden strut - 3m long x 4 ""diameter - 20 Kg of weight, to place it on the work table at 1.30 m of height, treads another wooden strut placed on the floor losing the balance falling at the same level lying laterally on a concrete wall causing a bruise on the left shoulder.",Others,UNKNOWN,UNKNOWN,Unknown (not recorded in source),Unknown,UNKNOWN,UNKNOWN,No,UNKNOWN,Unmapped,UNKNOWN,UNKNOWN,UNKNOWN,UNKNOWN,2026-09-04T09:23:57Z,1.0.0,0,False,False
sif_guard_seed__OIL-00416,SIF-Guard project (internal),sif_guard_seed,N/A (internal project file),OIL-00416,real_ihm_stefanini,False,2017-06-23,Real-Local_05,oil_and_gas,Incident,Metals,"Employee reports that by removing the zinc sheet from the cathode to take it to the easel, it slipped from his hand, fell and hit his left foot.",Others,UNKNOWN,UNKNOWN,Unknown (not recorded in source),Unknown,UNKNOWN,UNKNOWN,No,UNKNOWN,Unmapped,UNKNOWN,UNKNOWN,UNKNOWN,UNKNOWN,2026-09-04T09:23:57Z,1.0.0,0,False,False
sif_guard_seed__OIL-00234,SIF-Guard project (internal),sif_guard_seed,N/A (internal project file),OIL-00234,real_ihm_stefanini,False,2016-10-08,Real-Local_04,oil_and_gas,Incident,Mining,"At the offices of Incimmet, in circumstances that an environment was being set up to place cleaning materials, a wooden strip was placed between the staircase structure and the container, this strip was not cut to size, so the accident victim He coordinated with his partner to put it under pressure using a hammer while holding with his right hand the frame, this pressure placed strip pushed to that side of the container creating an opening between the corrugated iron and the wall, at that time, continuing to hit the ribbon, This falls causing the wall of the container to return to its initial position, pressing the tip of the little finger of the right hand against the corrugated iron causing the accident.",Others,UNKNOWN,UNKNOWN,Unknown (not recorded in source),Unknown,UNKNOWN,UNKNOWN,No,UNKNOWN,Unmapped,UNKNOWN,UNKNOWN,UNKNOWN,UNKNOWN,2026-09-04T09:23:57Z,1.0.0,0,False,False
sif_guard_seed__OIL-00882,SIF-Guard project (internal),sif_guard_seed,N/A (internal project file),OIL-00882,synthetic,True,2025-11-04,Site D - Jorajan,oil_and_gas,UA,Drilling Operations,Lift plan paperwork was completed but filed a day late; no impact on the lift itself. No further action required.,None identified,UNKNOWN,UNKNOWN,Rigging inspection,Adequate / Minor Gap,UNKNOWN,UNKNOWN,No,UNKNOWN,Safe Mechanical Lifting,UNKNOWN,UNKNOWN,UNKNOWN,UNKNOWN,2026-09-04T09:23:57Z,1.0.0,15448,False,False
sif_guard_seed__OIL-00884,SIF-Guard project (internal),sif_guard_seed,N/A (internal project file),OIL-00884,synthetic,True,2025-11-06,Site D - Jorajan,oil_and_gas,UC,Lifting Operations,Lift plan paperwork was completed but filed a day late; no impact on the lift itself. No further action required.,None identified,UNKNOWN,UNKNOWN,Competent rigger/banksman,Adequate / Minor Gap,UNKNOWN,UNKNOWN,No,UNKNOWN,Safe Mechanical Lifting,UNKNOWN,UNKNOWN,UNKNOWN,UNKNOWN,2026-09-04T09:23:57Z,1.0.0,15448,False,False
sif_guard_seed__OIL-01128,SIF-Guard project (internal),sif_guard_seed,N/A (internal project file),OIL-01128,synthetic,True,2026-04-18,Site C - Kumchai,oil_and_gas,UA,Drilling Operations,Lift plan paperwork was completed but filed a day late; no impact on the lift itself. No further action required.,None identified,UNKNOWN,UNKNOWN,Load chart compliance,Adequate / Minor Gap,UNKNOWN,UNKNOWN,No,UNKNOWN,Safe Mechanical Lifting,UNKNOWN,UNKNOWN,UNKNOWN,UNKNOWN,2026-09-04T09:23:57Z,1.0.0,15448,False,False
sif_guard_seed__OIL-00571,SIF-Guard project (internal),sif_guard_seed,N/A (internal project file),OIL-00571,synthetic,True,2025-04-16,Site D - Jorajan,oil_and_gas,Near Miss,Hot Work,No fire extinguisher was available at the hot work location where a contract technician was cutting pipe. Corrective action was raised on the spot.,Explosion,UNKNOWN,UNKNOWN,Fire extinguishing equipment on site,Failed,UNKNOWN,UNKNOWN,Yes,UNKNOWN,Hot Work,UNKNOWN,UNKNOWN,UNKNOWN,UNKNOWN,2026-09-04T09:23:57Z,1.0.0,0,False,False
sif_guard_seed__OIL-00057,SIF-Guard project (internal),sif_guard_seed,N/A (internal project file),OIL-00057,real_ihm_stefanini,False,2016-03-13,Real-Local_03,oil_and_gas,Incident,Mining,"In circumstances that the Operator 176 was going from level 620 to level 640, he noticed that the hydraulic pump's inspection cover (18 ""x32"" x3 / 8 "", 15 Kg approx.) Was about to fall, so he stopped the equipment, activates the cats and climbs up the upper part of the equipment and in moments that accommodated the cover it slides on its middle finger causing the injury.",Others,UNKNOWN,UNKNOWN,Unknown (not recorded in source),Unknown,UNKNOWN,UNKNOWN,No,UNKNOWN,Unmapped,UNKNOWN,UNKNOWN,UNKNOWN,UNKNOWN,2026-09-04T09:23:57Z,1.0.0,0,False,False
sif_guard_seed__OIL-00522,SIF-Guard project (internal),sif_guard_seed,N/A (internal project file),OIL-00522,synthetic,True,2025-03-20,Site E - Barekuri Pipeline,oil_and_gas,UC,Maintenance,Continuous atmosphere monitoring was not maintained while an operator worked inside the tank; monitor was left outside. Fortunately no one was in the immediate vicinity at the time.,Toxic atmosphere,UNKNOWN,UNKNOWN,Continuous atmosphere monitoring,Bypassed,UNKNOWN,UNKNOWN,Yes,UNKNOWN,Confined Space,UNKNOWN,UNKNOWN,UNKNOWN,UNKNOWN,2026-09-04T09:23:57Z,1.0.0,0,False,False
sif_guard_seed__OIL-00059,SIF-Guard project (internal),sif_guard_seed,N/A (internal project file),OIL-00059,real_ihm_stefanini,False,2016-03-10,Real-Local_05,oil_and_gas,Incident,Metals,"The employee reports that when he lowered the cloths in the purification, he arranged the cart so that it would not grab the pipe, pressing his left hand between the cloths and the cart.",Pressed,UNKNOWN,UNKNOWN,Unknown (not recorded in source),Unknown,UNKNOWN,UNKNOWN,No,UNKNOWN,Unmapped,UNKNOWN,UNKNOWN,UNKNOWN,UNKNOWN,2026-09-04T09:23:57Z,1.0.0,0,False,False
sif_guard_seed__OIL-00837,SIF-Guard project (internal),sif_guard_seed,N/A (internal project file),OIL-00837,synthetic,True,2025-09-30,Site B - Moran,oil_and_gas,UA,Housekeeping,A third-party worker found the water cooler in the rest area was not working; complaint logged. Noted during the daily safety walk.,None identified,UNKNOWN,UNKNOWN,UNKNOWN,UNKNOWN,UNKNOWN,UNKNOWN,No,UNKNOWN,UNKNOWN,UNKNOWN,UNKNOWN,UNKNOWN,UNKNOWN,2026-09-04T09:23:57Z,1.0.0,0,False,False
sif_guard_seed__OIL-00686,SIF-Guard project (internal),sif_guard_seed,N/A (internal project file),OIL-00686,synthetic,True,2025-06-24,Site B - Moran,oil_and_gas,Near Miss,Maintenance,A rigger was found not wearing safety glasses while filing paperwork in the site office. No further action required.,None identified,UNKNOWN,UNKNOWN,UNKNOWN,UNKNOWN,UNKNOWN,UNKNOWN,No,UNKNOWN,UNKNOWN,UNKNOWN,UNKNOWN,UNKNOWN,UNKNOWN,2026-09-04T09:23:57Z,1.0.0,0,False,False
sif_guard_seed__OIL-00073,SIF-Guard project (internal),sif_guard_seed,N/A (internal project file),OIL-00073,real_ihm_stefanini,False,2016-03-31,Real-Local_08,oil_and_gas,Incident,Metals,"The employee, performing the truck's unloading operation, an iron bundle pressed his right finger and injured his left arm.",Pressed,UNKNOWN,UNKNOWN,Unknown (not recorded in source),Unknown,UNKNOWN,UNKNOWN,No,UNKNOWN,Unmapped,UNKNOWN,UNKNOWN,UNKNOWN,UNKNOWN,2026-09-04T09:23:57Z,1.0.0,0,False,False
sif_guard_seed__OIL-00477,SIF-Guard project (internal),sif_guard_seed,N/A (internal project file),OIL-00477,synthetic,True,2025-02-05,Site B - Moran,oil_and_gas,Near Miss,Housekeeping,Minor housekeeping issue observed near office area; walkway was cluttered with empty boxes. Corrected on the spot.,None identified,UNKNOWN,UNKNOWN,UNKNOWN,UNKNOWN,UNKNOWN,UNKNOWN,No,UNKNOWN,UNKNOWN,UNKNOWN,UNKNOWN,UNKNOWN,UNKNOWN,2026-09-04T09:23:57Z,1.0.0,15458,False,False
sif_guard_seed__OIL-00725,SIF-Guard project (internal),sif_guard_seed,N/A (internal project file),OIL-00725,synthetic,True,2025-07-19,Site D - Jorajan,oil_and_gas,UC,Production Operations,Minor housekeeping issue observed near office area; walkway was cluttered with empty boxes. Corrected on the spot.,None identified,UNKNOWN,UNKNOWN,UNKNOWN,UNKNOWN,UNKNOWN,UNKNOWN,No,UNKNOWN,UNKNOWN,UNKNOWN,UNKNOWN,UNKNOWN,UNKNOWN,2026-09-04T09:23:57Z,1.0.0,15458,False,False
sif_guard_seed__OIL-01067,SIF-Guard project (internal),sif_guard_seed,N/A (internal project file),OIL-01067,synthetic,True,2026-03-18,Site A - Duliajan,oil_and_gas,UC,Housekeeping,Minor housekeeping issue observed near office area; walkway was cluttered with empty boxes. Corrected on the spot.,None identified,UNKNOWN,UNKNOWN,UNKNOWN,UNKNOWN,UNKNOWN,UNKNOWN,No,UNKNOWN,UNKNOWN,UNKNOWN,UNKNOWN,UNKNOWN,UNKNOWN,2026-09-04T09:23:57Z,1.0.0,15458,False,False
sif_guard_seed__OIL-01117,SIF-Guard project (internal),sif_guard_seed,N/A (internal project file),OIL-01117,synthetic,True,2026-04-13,Site C - Kumchai,oil_and_gas,UA,Housekeeping,Minor housekeeping issue observed near office area; walkway was cluttered with empty boxes. Corrected on the spot.,None identified,UNKNOWN,UNKNOWN,UNKNOWN,UNKNOWN,UNKNOWN,UNKNOWN,No,UNKNOWN,UNKNOWN,UNKNOWN,UNKNOWN,UNKNOWN,UNKNOWN,2026-09-04T09:23:57Z,1.0.0,15458,False,False
sif_guard_seed__OIL-01158,SIF-Guard project (internal),sif_guard_seed,N/A (internal project file),OIL-01158,synthetic,True,2026-05-12,Site D - Jorajan,oil_and_gas,UC,Production Operations,Minor housekeeping issue observed near office area; walkway was cluttered with empty boxes. Corrected on the spot.,None identified,UNKNOWN,UNKNOWN,UNKNOWN,UNKNOWN,UNKNOWN,UNKNOWN,No,UNKNOWN,UNKNOWN,UNKNOWN,UNKNOWN,UNKNOWN,UNKNOWN,2026-09-04T09:23:57Z,1.0.0,15458,False,False
sif_guard_seed__OIL-00767,SIF-Guard project (internal),sif_guard_seed,N/A (internal project file),OIL-00767,synthetic,True,2025-08-22,Site E - Barekuri Pipeline,oil_and_gas,Near Miss,Lifting Operations,Barricade tape near the work area was found loose; retightened without incident. Addressed before the shift ended.,None identified,UNKNOWN,UNKNOWN,Positioning awareness,Adequate / Minor Gap,UNKNOWN,UNKNOWN,No,UNKNOWN,Line of Fire,UNKNOWN,UNKNOWN,UNKNOWN,UNKNOWN,2026-09-04T09:23:57Z,1.0.0,15393,False,False
sif_guard_seed__OIL-00773,SIF-Guard project (internal),sif_guard_seed,N/A (internal project file),OIL-00773,synthetic,True,2025-08-27,Site E - Barekuri Pipeline,oil_and_gas,Incident,Transportation,Barricade tape near the work area was found loose; retightened without incident. Addressed before the shift ended.,None identified,UNKNOWN,UNKNOWN,Signage,Adequate / Minor Gap,UNKNOWN,UNKNOWN,No,UNKNOWN,Line of Fire,UNKNOWN,UNKNOWN,UNKNOWN,UNKNOWN,2026-09-04T09:23:57Z,1.0.0,15393,False,False
sif_guard_seed__OIL-00932,SIF-Guard project (internal),sif_guard_seed,N/A (internal project file),OIL-00932,synthetic,True,2025-12-12,Site E - Barekuri Pipeline,oil_and_gas,UC,Excavation,Barricade tape near the work area was found loose; retightened without incident. Addressed before the shift ended.,None identified,UNKNOWN,UNKNOWN,Suspended load control,Adequate / Minor Gap,UNKNOWN,UNKNOWN,No,UNKNOWN,Line of Fire,UNKNOWN,UNKNOWN,UNKNOWN,UNKNOWN,2026-09-04T09:23:57Z,1.0.0,15393,False,False
sif_guard_seed__OIL-01040,SIF-Guard project (internal),sif_guard_seed,N/A (internal project file),OIL-01040,synthetic,True,2026-03-01,Site A - Duliajan,oil_and_gas,UA,Transportation,Barricade tape near the work area was found loose; retightened without incident. Addressed before the shift ended.,None identified,UNKNOWN,UNKNOWN,Suspended load control,Adequate / Minor Gap,UNKNOWN,UNKNOWN,No,UNKNOWN,Line of Fire,UNKNOWN,UNKNOWN,UNKNOWN,UNKNOWN,2026-09-04T09:23:57Z,1.0.0,15393,False,False
sif_guard_seed__OIL-00789,SIF-Guard project (internal),sif_guard_seed,N/A (internal project file),OIL-00789,synthetic,True,2025-09-04,Site D - Jorajan,oil_and_gas,UC,Excavation,A new joinee observed faded exclusion-zone markings near the pump P-204; reported for repainting. Noted during the daily safety walk.,None identified,UNKNOWN,UNKNOWN,Signage,Adequate / Minor Gap,UNKNOWN,UNKNOWN,No,UNKNOWN,Line of Fire,UNKNOWN,UNKNOWN,UNKNOWN,UNKNOWN,2026-09-04T09:23:57Z,1.0.0,0,False,False
sif_guard_seed__OIL-01062,SIF-Guard project (internal),sif_guard_seed,N/A (internal project file),OIL-01062,synthetic,True,2026-03-13,Site E - Barekuri Pipeline,oil_and_gas,Near Miss,Production Operations,LOTO was not applied before an operator attempted to remove a valve on the transformer bay; potential for unexpected energy release. The activity was halted and the area was made safe.,Electrical shock,UNKNOWN,UNKNOWN,Zero-energy check,Bypassed,UNKNOWN,UNKNOWN,Yes,UNKNOWN,Energy Isolation,UNKNOWN,UNKNOWN,UNKNOWN,UNKNOWN,2026-09-04T09:23:57Z,1.0.0,0,False,False
sif_guard_seed__OIL-00818,SIF-Guard project (internal),sif_guard_seed,N/A (internal project file),OIL-00818,synthetic,True,2025-09-19,Site D - Jorajan,oil_and_gas,Near Miss,Lifting Operations,Barricade tape near the work area was found loose; retightened without incident.,None identified,UNKNOWN,UNKNOWN,Positioning awareness,Adequate / Minor Gap,UNKNOWN,UNKNOWN,No,UNKNOWN,Line of Fire,UNKNOWN,UNKNOWN,UNKNOWN,UNKNOWN,2026-09-04T09:23:57Z,1.0.0,15392,False,False
sif_guard_seed__OIL-00901,SIF-Guard project (internal),sif_guard_seed,N/A (internal project file),OIL-00901,synthetic,True,2025-11-18,Site D - Jorajan,oil_and_gas,UC,Production Operations,Barricade tape near the work area was found loose; retightened without incident.,None identified,UNKNOWN,UNKNOWN,Suspended load control,Adequate / Minor Gap,UNKNOWN,UNKNOWN,No,UNKNOWN,Line of Fire,UNKNOWN,UNKNOWN,UNKNOWN,UNKNOWN,2026-09-04T09:23:57Z,1.0.0,15392,False,False
sif_guard_seed__OIL-00926,SIF-Guard project (internal),sif_guard_seed,N/A (internal project file),OIL-00926,synthetic,True,2025-12-06,Site B - Moran,oil_and_gas,UA,Excavation,Barricade tape near the work area was found loose; retightened without incident.,None identified,UNKNOWN,UNKNOWN,Positioning awareness,Adequate / Minor Gap,UNKNOWN,UNKNOWN,No,UNKNOWN,Line of Fire,UNKNOWN,UNKNOWN,UNKNOWN,UNKNOWN,2026-09-04T09:23:57Z,1.0.0,15392,False,False
sif_guard_seed__OIL-01091,SIF-Guard project (internal),sif_guard_seed,N/A (internal project file),OIL-01091,synthetic,True,2026-04-02,Site D - Jorajan,oil_and_gas,UC,Production Operations,Barricade tape near the work area was found loose; retightened without incident.,None identified,UNKNOWN,UNKNOWN,Positioning awareness,Adequate / Minor Gap,UNKNOWN,UNKNOWN,No,UNKNOWN,Line of Fire,UNKNOWN,UNKNOWN,UNKNOWN,UNKNOWN,2026-09-04T09:23:57Z,1.0.0,15392,False,False
sif_guard_seed__OIL-01213,SIF-Guard project (internal),sif_guard_seed,N/A (internal project file),OIL-01213,synthetic,True,2026-06-20,Site E - Barekuri Pipeline,oil_and_gas,UA,Lifting Operations,Barricade tape near the work area was found loose; retightened without incident.,None identified,UNKNOWN,UNKNOWN,Barricading/exclusion zone,Adequate / Minor Gap,UNKNOWN,UNKNOWN,No,UNKNOWN,Line of Fire,UNKNOWN,UNKNOWN,UNKNOWN,UNKNOWN,2026-09-04T09:23:57Z,1.0.0,15392,False,False
sif_guard_seed__OIL-01252,SIF-Guard project (internal),sif_guard_seed,N/A (internal project file),OIL-01252,synthetic,True,2026-07-14,Site E - Barekuri Pipeline,oil_and_gas,UA,Excavation,Barricade tape near the work area was found loose; retightened without incident.,None identified,UNKNOWN,UNKNOWN,Barricading/exclusion zone,Adequate / Minor Gap,UNKNOWN,UNKNOWN,No,UNKNOWN,Line of Fire,UNKNOWN,UNKNOWN,UNKNOWN,UNKNOWN,2026-09-04T09:23:57Z,1.0.0,15392,False,False
sif_guard_seed__OIL-00687,SIF-Guard project (internal),sif_guard_seed,N/A (internal project file),OIL-00687,synthetic,True,2025-06-25,Site D - Jorajan,oil_and_gas,Near Miss,Electrical Work,Isolation point signage near the hydraulic line was partially obscured by dust; cleaned during routine round.,None identified,UNKNOWN,UNKNOWN,Isolation certificate,Adequate / Minor Gap,UNKNOWN,UNKNOWN,No,UNKNOWN,Energy Isolation,UNKNOWN,UNKNOWN,UNKNOWN,UNKNOWN,2026-09-04T09:23:57Z,1.0.0,0,False,False
sif_guard_seed__OIL-01236,SIF-Guard project (internal),sif_guard_seed,N/A (internal project file),OIL-01236,synthetic,True,2026-07-02,Site A - Duliajan,oil_and_gas,UA,Working at Height,A field engineer noted a minor gap in toe-board on a low-height platform; corrected same day. Corrected on the spot.,None identified,UNKNOWN,UNKNOWN,Fall protection/harness,Adequate / Minor Gap,UNKNOWN,UNKNOWN,No,UNKNOWN,Working at Height,UNKNOWN,UNKNOWN,UNKNOWN,UNKNOWN,2026-09-04T09:23:57Z,1.0.0,0,False,False
sif_guard_seed__OIL-01051,SIF-Guard project (internal),sif_guard_seed,N/A (internal project file),OIL-01051,synthetic,True,2026-03-06,Site E - Barekuri Pipeline,oil_and_gas,UC,Transportation,"During crane operation, an operator walked under the boom while the load was still suspended. No injury occurred.",Suspended load,UNKNOWN,UNKNOWN,Signage,Bypassed,UNKNOWN,UNKNOWN,Yes,UNKNOWN,Line of Fire,UNKNOWN,UNKNOWN,UNKNOWN,UNKNOWN,2026-09-04T09:23:57Z,1.0.0,0,False,False
sif_guard_seed__OIL-00458,SIF-Guard project (internal),sif_guard_seed,N/A (internal project file),OIL-00458,synthetic,True,2025-01-20,Site B - Moran,oil_and_gas,UC,Production Operations,A minor paint peel was noticed on the safety information board near the hydraulic line. Noted during the daily safety walk.,None identified,UNKNOWN,UNKNOWN,UNKNOWN,UNKNOWN,UNKNOWN,UNKNOWN,No,UNKNOWN,UNKNOWN,UNKNOWN,UNKNOWN,UNKNOWN,UNKNOWN,2026-09-04T09:23:57Z,1.0.0,15362,False,False
sif_guard_seed__OIL-00462,SIF-Guard project (internal),sif_guard_seed,N/A (internal project file),OIL-00462,synthetic,True,2025-01-23,Site E - Barekuri Pipeline,oil_and_gas,Incident,Maintenance,A minor paint peel was noticed on the safety information board near the hydraulic line. Noted during the daily safety walk.,None identified,UNKNOWN,UNKNOWN,UNKNOWN,UNKNOWN,UNKNOWN,UNKNOWN,No,UNKNOWN,UNKNOWN,UNKNOWN,UNKNOWN,UNKNOWN,UNKNOWN,2026-09-04T09:23:57Z,1.0.0,15362,False,False
sif_guard_seed__OIL-00516,SIF-Guard project (internal),sif_guard_seed,N/A (internal project file),OIL-00516,synthetic,True,2025-03-16,Site D - Jorajan,oil_and_gas,UA,Production Operations,"During maintenance, a shift technician started work on the gas compressor skid before energy isolation was verified; the line was found still energized. Fortunately no one was in the immediate vicinity at the time.",Electrical shock,UNKNOWN,UNKNOWN,Isolation certificate,Missing,UNKNOWN,UNKNOWN,Yes,UNKNOWN,Energy Isolation,UNKNOWN,UNKNOWN,UNKNOWN,UNKNOWN,2026-09-04T09:23:57Z,1.0.0,0,False,False
sif_guard_seed__OIL-01321,SIF-Guard project (internal),sif_guard_seed,N/A (internal project file),OIL-01321,synthetic,True,2026-08-31,Site B - Moran,oil_and_gas,UA,Maintenance,Continuous atmosphere monitoring was not maintained while a rigger worked inside the tank; monitor was left outside.,Oxygen-deficient atmosphere,UNKNOWN,UNKNOWN,Gas testing,Bypassed,UNKNOWN,UNKNOWN,Yes,UNKNOWN,Confined Space,UNKNOWN,UNKNOWN,UNKNOWN,UNKNOWN,2026-09-04T09:23:57Z,1.0.0,0,False,False
sif_guard_seed__OIL-00801,SIF-Guard project (internal),sif_guard_seed,N/A (internal project file),OIL-00801,synthetic,True,2025-09-12,Site A - Duliajan,oil_and_gas,UA,Production Operations,A field engineer reported that the office AC filter needed cleaning. No further action required.,None identified,UNKNOWN,UNKNOWN,UNKNOWN,UNKNOWN,UNKNOWN,UNKNOWN,No,UNKNOWN,UNKNOWN,UNKNOWN,UNKNOWN,UNKNOWN,UNKNOWN,2026-09-04T09:23:57Z,1.0.0,0,False,False
sif_guard_seed__OIL-00327,SIF-Guard project (internal),sif_guard_seed,N/A (internal project file),OIL-00327,real_ihm_stefanini,False,2017-02-13,Real-Local_05,oil_and_gas,Incident,Metals,"During the maintenance of the peristaltic pump 02BP0166 to change the internal hose, the rupture tubing of the reserve pump 02BP0167 ruptured after it started to operate, designing solution heated towards the employee, reaching his left forearm causing irritation in the skin.",Projection,UNKNOWN,UNKNOWN,Unknown (not recorded in source),Unknown,UNKNOWN,UNKNOWN,Yes,UNKNOWN,Line of Fire,UNKNOWN,UNKNOWN,UNKNOWN,UNKNOWN,2026-09-04T09:23:57Z,1.0.0,0,False,False
sif_guard_seed__OIL-00948,SIF-Guard project (internal),sif_guard_seed,N/A (internal project file),OIL-00948,synthetic,True,2025-12-21,Site B - Moran,oil_and_gas,Near Miss,Electrical Work,"During pipeline maintenance, the line was not completely isolated before valve removal by a contract technician. This was flagged as a high-priority observation.",Unexpected energy release,UNKNOWN,UNKNOWN,Isolation verification,Bypassed,UNKNOWN,UNKNOWN,Yes,UNKNOWN,Energy Isolation,UNKNOWN,UNKNOWN,UNKNOWN,UNKNOWN,2026-09-04T09:23:57Z,1.0.0,0,False,False
sif_guard_seed__OIL-00053,SIF-Guard project (internal),sif_guard_seed,N/A (internal project file),OIL-00053,real_ihm_stefanini,False,2016-03-11,Real-Local_03,oil_and_gas,Incident,Mining,"In circumstances that two workers of the company INCIMMET fectuaban the loading of explosives using an equipment anfoloader, in a front of the work - sustained with shotcreterepentinamente of the right superior part of the crown, a piece of rock of approx. 9. kg, (0.2mx0.15mx0.10m), impacting on the basket and on the back of the helper who was in the basket suspended at 2.2 m height, moments later a block of rock is detached from the wall of the gable approx. 1,500 kg. (1.20mx1.10mx0.40m), which impacts the ampoloader team and part of this block injures the operator of the ampoloader team who was standing on the ground. The equipment anfoloader has a cabin with protection ROPs and FOPs, at the time of the accident both workers used helmets and safety boots. Both suffered polyontusions and minor scoria injuries.",Others,UNKNOWN,UNKNOWN,Unknown (not recorded in source),Unknown,UNKNOWN,UNKNOWN,Yes,UNKNOWN,Unmapped,UNKNOWN,UNKNOWN,UNKNOWN,UNKNOWN,2026-09-04T09:23:57Z,1.0.0,0,False,False
sif_guard_seed__OIL-00494,SIF-Guard project (internal),sif_guard_seed,N/A (internal project file),OIL-00494,synthetic,True,2025-02-20,Site E - Barekuri Pipeline,oil_and_gas,UC,Production Operations,A new joinee observed faded exclusion-zone markings near the pump P-204; reported for repainting. Corrected on the spot.,None identified,UNKNOWN,UNKNOWN,Barricading/exclusion zone,Adequate / Minor Gap,UNKNOWN,UNKNOWN,No,UNKNOWN,Line of Fire,UNKNOWN,UNKNOWN,UNKNOWN,UNKNOWN,2026-09-04T09:23:57Z,1.0.0,0,False,False
sif_guard_seed__OIL-00605,SIF-Guard project (internal),sif_guard_seed,N/A (internal project file),OIL-00605,synthetic,True,2025-05-05,Site A - Duliajan,oil_and_gas,Incident,Production Operations,Permit to work had a minor clerical omission in the time field; corrected before work start. Addressed before the shift ended.,None identified,UNKNOWN,UNKNOWN,Risk assessment / JSA,Adequate / Minor Gap,UNKNOWN,UNKNOWN,No,UNKNOWN,Work Authorisation,UNKNOWN,UNKNOWN,UNKNOWN,UNKNOWN,2026-09-04T09:23:57Z,1.0.0,15473,False,False
sif_guard_seed__OIL-00626,SIF-Guard project (internal),sif_guard_seed,N/A (internal project file),OIL-00626,synthetic,True,2025-05-21,Site D - Jorajan,oil_and_gas,UA,Production Operations,Permit to work had a minor clerical omission in the time field; corrected before work start. Addressed before the shift ended.,None identified,UNKNOWN,UNKNOWN,Risk assessment / JSA,Adequate / Minor Gap,UNKNOWN,UNKNOWN,No,UNKNOWN,Work Authorisation,UNKNOWN,UNKNOWN,UNKNOWN,UNKNOWN,2026-09-04T09:23:57Z,1.0.0,15473,False,False
sif_guard_seed__OIL-01206,SIF-Guard project (internal),sif_guard_seed,N/A (internal project file),OIL-01206,synthetic,True,2026-06-18,Site A - Duliajan,oil_and_gas,Near Miss,Maintenance,A third-party worker observed mild clutter of files near the printer station; tidied up. Corrected on the spot.,None identified,UNKNOWN,UNKNOWN,UNKNOWN,UNKNOWN,UNKNOWN,UNKNOWN,No,UNKNOWN,UNKNOWN,UNKNOWN,UNKNOWN,UNKNOWN,UNKNOWN,2026-09-04T09:23:57Z,1.0.0,0,False,False
sif_guard_seed__OIL-00050,SIF-Guard project (internal),sif_guard_seed,N/A (internal project file),OIL-00050,real_ihm_stefanini,False,2016-03-06,Real-Local_03,oil_and_gas,Incident,Mining,"At a time when a worker and another partner were preparing to move an oil cylinder (55 gallons) on a mobile platform mounted on rails (platform weighing approximately 200 kg) it is derailed (leaves the rail). In order to place the platform on the rail, both workers lift the platform and in those instants the right hand of one of them is trapped between the rail and the platform structure where it was held (metallic tube protruding from the platform). This accident caused a bruised wound on the index finger of the right hand, there was no fracture. At the time of the accident they both wore leather-type safety gloves.",Others,UNKNOWN,UNKNOWN,Unknown (not recorded in source),Unknown,UNKNOWN,UNKNOWN,Yes,UNKNOWN,Unmapped,UNKNOWN,UNKNOWN,UNKNOWN,UNKNOWN,2026-09-04T09:23:57Z,1.0.0,0,False,False
sif_guard_seed__OIL-00780,SIF-Guard project (internal),sif_guard_seed,N/A (internal project file),OIL-00780,synthetic,True,2025-08-30,Site B - Moran,oil_and_gas,Near Miss,Maintenance,A third-party worker entered a storage tank without prior gas testing being completed.,Oxygen-deficient atmosphere,UNKNOWN,UNKNOWN,Continuous atmosphere monitoring,Missing,UNKNOWN,UNKNOWN,Yes,UNKNOWN,Confined Space,UNKNOWN,UNKNOWN,UNKNOWN,UNKNOWN,2026-09-04T09:23:57Z,1.0.0,0,False,False
sif_guard_seed__OIL-00864,SIF-Guard project (internal),sif_guard_seed,N/A (internal project file),OIL-00864,synthetic,True,2025-10-20,Site C - Kumchai,oil_and_gas,UC,Housekeeping,Minor housekeeping: cables in the office area were not properly bundled. Logged for routine follow-up.,None identified,UNKNOWN,UNKNOWN,UNKNOWN,UNKNOWN,UNKNOWN,UNKNOWN,No,UNKNOWN,UNKNOWN,UNKNOWN,UNKNOWN,UNKNOWN,UNKNOWN,2026-09-04T09:23:57Z,1.0.0,15453,False,False
sif_guard_seed__OIL-01245,SIF-Guard project (internal),sif_guard_seed,N/A (internal project file),OIL-01245,synthetic,True,2026-07-07,Site D - Jorajan,oil_and_gas,UA,Maintenance,Minor housekeeping: cables in the office area were not properly bundled. Logged for routine follow-up.,None identified,UNKNOWN,UNKNOWN,UNKNOWN,UNKNOWN,UNKNOWN,UNKNOWN,No,UNKNOWN,UNKNOWN,UNKNOWN,UNKNOWN,UNKNOWN,UNKNOWN,2026-09-04T09:23:57Z,1.0.0,15453,False,False
sif_guard_seed__OIL-00521,SIF-Guard project (internal),sif_guard_seed,N/A (internal project file),OIL-00521,synthetic,True,2025-03-18,Site A - Duliajan,oil_and_gas,Near Miss,Production Operations,Isolation certificate was not issued but a shift technician proceeded to open the transformer bay for inspection. Corrective action was raised on the spot.,Electrical shock,UNKNOWN,UNKNOWN,Isolation certificate,Failed,UNKNOWN,UNKNOWN,Yes,UNKNOWN,Energy Isolation,UNKNOWN,UNKNOWN,UNKNOWN,UNKNOWN,2026-09-04T09:23:57Z,1.0.0,0,False,False
sif_guard_seed__OIL-00857,SIF-Guard project (internal),sif_guard_seed,N/A (internal project file),OIL-00857,synthetic,True,2025-10-15,Site A - Duliajan,oil_and_gas,UC,Maintenance,A field engineer observed mild clutter of files near the printer station; tidied up. No further action required.,None identified,UNKNOWN,UNKNOWN,UNKNOWN,UNKNOWN,UNKNOWN,UNKNOWN,No,UNKNOWN,UNKNOWN,UNKNOWN,UNKNOWN,UNKNOWN,UNKNOWN,2026-09-04T09:23:57Z,1.0.0,0,False,False
sif_guard_seed__OIL-00325,SIF-Guard project (internal),sif_guard_seed,N/A (internal project file),OIL-00325,real_ihm_stefanini,False,2017-02-08,Real-Local_06,oil_and_gas,Incident,Metals,"Performing carpentry work, the collaborator hit the second finger of the left hand with the hammer, which he held with his right hand, causing a bruise at the height of the nail. The evaluation was carried out at the medical center of the unit, the final diagnosis being contusion on the finger.",Manual Tools,UNKNOWN,UNKNOWN,Unknown (not recorded in source),Unknown,UNKNOWN,UNKNOWN,No,UNKNOWN,Unmapped,UNKNOWN,UNKNOWN,UNKNOWN,UNKNOWN,2026-09-04T09:23:57Z,1.0.0,0,False,False
sif_guard_seed__OIL-00784,SIF-Guard project (internal),sif_guard_seed,N/A (internal project file),OIL-00784,synthetic,True,2025-09-02,Site C - Kumchai,oil_and_gas,UC,Working at Height,A shift technician noted a minor gap in toe-board on a low-height platform; corrected same day. Logged for routine follow-up.,None identified,UNKNOWN,UNKNOWN,Guardrails,Adequate / Minor Gap,UNKNOWN,UNKNOWN,No,UNKNOWN,Working at Height,UNKNOWN,UNKNOWN,UNKNOWN,UNKNOWN,2026-09-04T09:23:57Z,1.0.0,15376,False,False
sif_guard_seed__OIL-01275,SIF-Guard project (internal),sif_guard_seed,N/A (internal project file),OIL-01275,synthetic,True,2026-07-30,Site C - Kumchai,oil_and_gas,UC,Working at Height,A shift technician noted a minor gap in toe-board on a low-height platform; corrected same day. Logged for routine follow-up.,None identified,UNKNOWN,UNKNOWN,Scaffold inspection tag,Adequate / Minor Gap,UNKNOWN,UNKNOWN,No,UNKNOWN,Working at Height,UNKNOWN,UNKNOWN,UNKNOWN,UNKNOWN,2026-09-04T09:23:57Z,1.0.0,15376,False,False
sif_guard_seed__OIL-00879,SIF-Guard project (internal),sif_guard_seed,N/A (internal project file),OIL-00879,synthetic,True,2025-11-03,Site D - Jorajan,oil_and_gas,UA,Lifting Operations,Rigging equipment tag was due for renewal within the week; flagged for scheduling. Logged for routine follow-up.,None identified,UNKNOWN,UNKNOWN,Load chart compliance,Adequate / Minor Gap,UNKNOWN,UNKNOWN,No,UNKNOWN,Safe Mechanical Lifting,UNKNOWN,UNKNOWN,UNKNOWN,UNKNOWN,2026-09-04T09:23:57Z,1.0.0,15481,False,False
sif_guard_seed__OIL-01039,SIF-Guard project (internal),sif_guard_seed,N/A (internal project file),OIL-01039,synthetic,True,2026-02-28,Site E - Barekuri Pipeline,oil_and_gas,UA,Drilling Operations,Rigging equipment tag was due for renewal within the week; flagged for scheduling. Logged for routine follow-up.,None identified,UNKNOWN,UNKNOWN,Load chart compliance,Adequate / Minor Gap,UNKNOWN,UNKNOWN,No,UNKNOWN,Safe Mechanical Lifting,UNKNOWN,UNKNOWN,UNKNOWN,UNKNOWN,2026-09-04T09:23:57Z,1.0.0,15481,False,False
sif_guard_seed__OIL-01174,SIF-Guard project (internal),sif_guard_seed,N/A (internal project file),OIL-01174,synthetic,True,2026-05-25,Site A - Duliajan,oil_and_gas,UA,Drilling Operations,Rigging equipment tag was due for renewal within the week; flagged for scheduling. Logged for routine follow-up.,None identified,UNKNOWN,UNKNOWN,Competent rigger/banksman,Adequate / Minor Gap,UNKNOWN,UNKNOWN,No,UNKNOWN,Safe Mechanical Lifting,UNKNOWN,UNKNOWN,UNKNOWN,UNKNOWN,2026-09-04T09:23:57Z,1.0.0,15481,False,False
sif_guard_seed__OIL-00509,SIF-Guard project (internal),sif_guard_seed,N/A (internal project file),OIL-00509,synthetic,True,2025-03-10,Site D - Jorajan,oil_and_gas,UA,Confined Space Entry,No standby/rescue personnel was posted while an operator entered the confined space to clear a blockage. Corrective action was raised on the spot.,Engulfment,UNKNOWN,UNKNOWN,Continuous atmosphere monitoring,Missing,UNKNOWN,UNKNOWN,Yes,UNKNOWN,Confined Space,UNKNOWN,UNKNOWN,UNKNOWN,UNKNOWN,2026-09-04T09:23:57Z,1.0.0,0,False,False
sif_guard_seed__OIL-00726,SIF-Guard project (internal),sif_guard_seed,N/A (internal project file),OIL-00726,synthetic,True,2025-07-19,Site E - Barekuri Pipeline,oil_and_gas,UC,Lifting Operations,Rigging equipment tag was due for renewal within the week; flagged for scheduling. Corrected on the spot.,None identified,UNKNOWN,UNKNOWN,Competent rigger/banksman,Adequate / Minor Gap,UNKNOWN,UNKNOWN,No,UNKNOWN,Safe Mechanical Lifting,UNKNOWN,UNKNOWN,UNKNOWN,UNKNOWN,2026-09-04T09:23:57Z,1.0.0,15480,False,False
sif_guard_seed__OIL-01085,SIF-Guard project (internal),sif_guard_seed,N/A (internal project file),OIL-01085,synthetic,True,2026-03-29,Site A - Duliajan,oil_and_gas,UA,Lifting Operations,Rigging equipment tag was due for renewal within the week; flagged for scheduling. Corrected on the spot.,None identified,UNKNOWN,UNKNOWN,Load chart compliance,Adequate / Minor Gap,UNKNOWN,UNKNOWN,No,UNKNOWN,Safe Mechanical Lifting,UNKNOWN,UNKNOWN,UNKNOWN,UNKNOWN,2026-09-04T09:23:57Z,1.0.0,15480,False,False
sif_guard_seed__OIL-00961,SIF-Guard project (internal),sif_guard_seed,N/A (internal project file),OIL-00961,synthetic,True,2026-01-03,Site A - Duliajan,oil_and_gas,UA,Maintenance,Isolation tag on the hydraulic line was found slightly faded and needs replacement; work was not affected. Logged for routine follow-up.,None identified,UNKNOWN,UNKNOWN,Isolation verification,Adequate / Minor Gap,UNKNOWN,UNKNOWN,No,UNKNOWN,Energy Isolation,UNKNOWN,UNKNOWN,UNKNOWN,UNKNOWN,2026-09-04T09:23:57Z,1.0.0,0,False,False
sif_guard_seed__OIL-00634,SIF-Guard project (internal),sif_guard_seed,N/A (internal project file),OIL-00634,synthetic,True,2025-05-25,Site E - Barekuri Pipeline,oil_and_gas,UC,Maintenance,Fire watch bucket was found half full of sand instead of full; topped up as per checklist. Logged for routine follow-up.,None identified,UNKNOWN,UNKNOWN,Gas testing (flammable atmosphere),Adequate / Minor Gap,UNKNOWN,UNKNOWN,No,UNKNOWN,Hot Work,UNKNOWN,UNKNOWN,UNKNOWN,UNKNOWN,2026-09-04T09:23:57Z,1.0.0,15415,False,False
sif_guard_seed__OIL-00637,SIF-Guard project (internal),sif_guard_seed,N/A (internal project file),OIL-00637,synthetic,True,2025-05-29,Site D - Jorajan,oil_and_gas,UA,Hot Work,Fire watch bucket was found half full of sand instead of full; topped up as per checklist. Logged for routine follow-up.,None identified,UNKNOWN,UNKNOWN,Hot work permit,Adequate / Minor Gap,UNKNOWN,UNKNOWN,No,UNKNOWN,Hot Work,UNKNOWN,UNKNOWN,UNKNOWN,UNKNOWN,2026-09-04T09:23:57Z,1.0.0,15415,False,False
sif_guard_seed__OIL-00798,SIF-Guard project (internal),sif_guard_seed,N/A (internal project file),OIL-00798,synthetic,True,2025-09-09,Site E - Barekuri Pipeline,oil_and_gas,UA,Hot Work,Fire watch bucket was found half full of sand instead of full; topped up as per checklist. Logged for routine follow-up.,None identified,UNKNOWN,UNKNOWN,Fire extinguishing equipment on site,Adequate / Minor Gap,UNKNOWN,UNKNOWN,No,UNKNOWN,Hot Work,UNKNOWN,UNKNOWN,UNKNOWN,UNKNOWN,2026-09-04T09:23:57Z,1.0.0,15415,False,False
sif_guard_seed__OIL-00800,SIF-Guard project (internal),sif_guard_seed,N/A (internal project file),OIL-00800,synthetic,True,2025-09-12,Site C - Kumchai,oil_and_gas,UC,Hot Work,Fire watch bucket was found half full of sand instead of full; topped up as per checklist. Logged for routine follow-up.,None identified,UNKNOWN,UNKNOWN,Fire extinguishing equipment on site,Adequate / Minor Gap,UNKNOWN,UNKNOWN,No,UNKNOWN,Hot Work,UNKNOWN,UNKNOWN,UNKNOWN,UNKNOWN,2026-09-04T09:23:57Z,1.0.0,15415,False,False
sif_guard_seed__OIL-01137,SIF-Guard project (internal),sif_guard_seed,N/A (internal project file),OIL-01137,synthetic,True,2026-04-25,Site C - Kumchai,oil_and_gas,UA,Maintenance,Fire watch bucket was found half full of sand instead of full; topped up as per checklist. Logged for routine follow-up.,None identified,UNKNOWN,UNKNOWN,Fire watch,Adequate / Minor Gap,UNKNOWN,UNKNOWN,No,UNKNOWN,Hot Work,UNKNOWN,UNKNOWN,UNKNOWN,UNKNOWN,2026-09-04T09:23:57Z,1.0.0,15415,False,False
sif_guard_seed__OIL-01163,SIF-Guard project (internal),sif_guard_seed,N/A (internal project file),OIL-01163,synthetic,True,2026-05-15,Site D - Jorajan,oil_and_gas,UA,Hot Work,Fire watch bucket was found half full of sand instead of full; topped up as per checklist. Logged for routine follow-up.,None identified,UNKNOWN,UNKNOWN,Hot work permit,Adequate / Minor Gap,UNKNOWN,UNKNOWN,No,UNKNOWN,Hot Work,UNKNOWN,UNKNOWN,UNKNOWN,UNKNOWN,2026-09-04T09:23:57Z,1.0.0,15415,False,False
sif_guard_seed__OIL-01319,SIF-Guard project (internal),sif_guard_seed,N/A (internal project file),OIL-01319,synthetic,True,2026-08-30,Site A - Duliajan,oil_and_gas,UC,Maintenance,Fire watch bucket was found half full of sand instead of full; topped up as per checklist. Logged for routine follow-up.,None identified,UNKNOWN,UNKNOWN,Fire watch,Adequate / Minor Gap,UNKNOWN,UNKNOWN,No,UNKNOWN,Hot Work,UNKNOWN,UNKNOWN,UNKNOWN,UNKNOWN,2026-09-04T09:23:57Z,1.0.0,15415,False,False
sif_guard_seed__OIL-00004,SIF-Guard project (internal),sif_guard_seed,N/A (internal project file),OIL-00004,real_ihm_stefanini,False,2016-01-08,Real-Local_04,oil_and_gas,Incident,Mining,"Being 9:45 am. approximately in the Nv. 1880 CX-695 OB7, the personnel begins the task of unlocking the Soquet bolts of the BHB machine, when they were in the penultimate bolt they identified that the hexagonal head was worn, proceeding Mr. Cristóbal - Auxiliary assistant to climb to the platform to exert pressure with your hand on the ""DADO"" key, to prevent it from coming out of the bolt; in those moments two collaborators rotate with the lever in anti-clockwise direction, leaving the key of the bolt, hitting the palm of the left hand, causing the injury.",Others,UNKNOWN,UNKNOWN,Unknown (not recorded in source),Unknown,UNKNOWN,UNKNOWN,No,UNKNOWN,Unmapped,UNKNOWN,UNKNOWN,UNKNOWN,UNKNOWN,2026-09-04T09:23:57Z,1.0.0,0,False,False
sif_guard_seed__OIL-01159,SIF-Guard project (internal),sif_guard_seed,N/A (internal project file),OIL-01159,synthetic,True,2026-05-13,Site C - Kumchai,oil_and_gas,UA,Maintenance,A new joinee suggested better labeling for stationery cupboards in the office. No further action required.,None identified,UNKNOWN,UNKNOWN,UNKNOWN,UNKNOWN,UNKNOWN,UNKNOWN,No,UNKNOWN,UNKNOWN,UNKNOWN,UNKNOWN,UNKNOWN,UNKNOWN,2026-09-04T09:23:57Z,1.0.0,0,False,False
sif_guard_seed__OIL-00343,SIF-Guard project (internal),sif_guard_seed,N/A (internal project file),OIL-00343,real_ihm_stefanini,False,2017-02-27,Real-Local_02,oil_and_gas,Incident,Mining,"When performing cleaning activity of the area near the 042-TC-06 - Grinding the employee was handling a block of triangular shaped rock measuring (b = 53cm x h = 42cm x e = 12cm). During the movement, he lost his balance by falling with the rock on the thumb of his left hand, injuring him.",Others,UNKNOWN,UNKNOWN,Unknown (not recorded in source),Unknown,UNKNOWN,UNKNOWN,Yes,UNKNOWN,Unmapped,UNKNOWN,UNKNOWN,UNKNOWN,UNKNOWN,2026-09-04T09:23:57Z,1.0.0,0,False,False
sif_guard_seed__OIL-00919,SIF-Guard project (internal),sif_guard_seed,N/A (internal project file),OIL-00919,synthetic,True,2025-12-01,Site B - Moran,oil_and_gas,Near Miss,Housekeeping,An operator reported a flickering light in the break room; maintenance ticket raised. Noted during the daily safety walk.,None identified,UNKNOWN,UNKNOWN,UNKNOWN,UNKNOWN,UNKNOWN,UNKNOWN,No,UNKNOWN,UNKNOWN,UNKNOWN,UNKNOWN,UNKNOWN,UNKNOWN,2026-09-04T09:23:57Z,1.0.0,0,False,False
sif_guard_seed__OIL-01133,SIF-Guard project (internal),sif_guard_seed,N/A (internal project file),OIL-01133,synthetic,True,2026-04-23,Site C - Kumchai,oil_and_gas,UC,Maintenance,"A field engineer noted the LOTO log entry had a minor formatting error, corrected on the spot. Logged for routine follow-up.",None identified,UNKNOWN,UNKNOWN,Zero-energy check,Adequate / Minor Gap,UNKNOWN,UNKNOWN,No,UNKNOWN,Energy Isolation,UNKNOWN,UNKNOWN,UNKNOWN,UNKNOWN,2026-09-04T09:23:57Z,1.0.0,0,False,False
sif_guard_seed__OIL-00432,SIF-Guard project (internal),sif_guard_seed,N/A (internal project file),OIL-00432,synthetic,True,2025-01-04,Site B - Moran,oil_and_gas,UC,Production Operations,Minor housekeeping issue observed near office area; walkway was cluttered with empty boxes. Addressed before the shift ended.,None identified,UNKNOWN,UNKNOWN,UNKNOWN,UNKNOWN,UNKNOWN,UNKNOWN,No,UNKNOWN,UNKNOWN,UNKNOWN,UNKNOWN,UNKNOWN,UNKNOWN,2026-09-04T09:23:57Z,1.0.0,15457,False,False
sif_guard_seed__OIL-00766,SIF-Guard project (internal),sif_guard_seed,N/A (internal project file),OIL-00766,synthetic,True,2025-08-21,Site B - Moran,oil_and_gas,UA,Production Operations,Minor housekeeping issue observed near office area; walkway was cluttered with empty boxes. Addressed before the shift ended.,None identified,UNKNOWN,UNKNOWN,UNKNOWN,UNKNOWN,UNKNOWN,UNKNOWN,No,UNKNOWN,UNKNOWN,UNKNOWN,UNKNOWN,UNKNOWN,UNKNOWN,2026-09-04T09:23:57Z,1.0.0,15457,False,False
sif_guard_seed__OIL-00770,SIF-Guard project (internal),sif_guard_seed,N/A (internal project file),OIL-00770,synthetic,True,2025-08-25,Site E - Barekuri Pipeline,oil_and_gas,Near Miss,Drilling Operations,Lift plan paperwork was completed but filed a day late; no impact on the lift itself. Addressed before the shift ended.,None identified,UNKNOWN,UNKNOWN,Load chart compliance,Adequate / Minor Gap,UNKNOWN,UNKNOWN,No,UNKNOWN,Safe Mechanical Lifting,UNKNOWN,UNKNOWN,UNKNOWN,UNKNOWN,2026-09-04T09:23:57Z,1.0.0,0,False,False
sif_guard_seed__OIL-00907,SIF-Guard project (internal),sif_guard_seed,N/A (internal project file),OIL-00907,synthetic,True,2025-11-24,Site A - Duliajan,oil_and_gas,UA,Maintenance,A maintenance crew member suggested better labeling for stationery cupboards in the office. Corrected on the spot.,None identified,UNKNOWN,UNKNOWN,UNKNOWN,UNKNOWN,UNKNOWN,UNKNOWN,No,UNKNOWN,UNKNOWN,UNKNOWN,UNKNOWN,UNKNOWN,UNKNOWN,2026-09-04T09:23:57Z,1.0.0,0,False,False
sif_guard_seed__OIL-00896,SIF-Guard project (internal),sif_guard_seed,N/A (internal project file),OIL-00896,synthetic,True,2025-11-15,Site D - Jorajan,oil_and_gas,UA,Production Operations,A rigger reported a flickering light in the break room; maintenance ticket raised. No further action required.,None identified,UNKNOWN,UNKNOWN,UNKNOWN,UNKNOWN,UNKNOWN,UNKNOWN,No,UNKNOWN,UNKNOWN,UNKNOWN,UNKNOWN,UNKNOWN,UNKNOWN,2026-09-04T09:23:57Z,1.0.0,0,False,False
sif_guard_seed__OIL-00351,SIF-Guard project (internal),sif_guard_seed,N/A (internal project file),OIL-00351,real_ihm_stefanini,False,2017-03-09,Real-Local_03,oil_and_gas,Incident,Mining,"At Level 3970 (Before -100) When the F6M 801 license plate went from level 3570 to surface, when the pilot trying to locate his radio to answer a call from the concrete plant is distracted and crashes his vehicle against the left gable and the vehicle turns to the right side. When this happens, the copilot hits his right hand against a fragment of broken glass in the window on the right side of the vehicle.",Vehicles and Mobile Equipment,UNKNOWN,UNKNOWN,Unknown (not recorded in source),Unknown,UNKNOWN,UNKNOWN,Yes,UNKNOWN,Driving,UNKNOWN,UNKNOWN,UNKNOWN,UNKNOWN,2026-09-04T09:23:57Z,1.0.0,0,False,False
sif_guard_seed__OIL-00456,SIF-Guard project (internal),sif_guard_seed,N/A (internal project file),OIL-00456,synthetic,True,2025-01-18,Site B - Moran,oil_and_gas,UC,Housekeeping,Minor housekeeping: cables in the office area were not properly bundled.,None identified,UNKNOWN,UNKNOWN,UNKNOWN,UNKNOWN,UNKNOWN,UNKNOWN,No,UNKNOWN,UNKNOWN,UNKNOWN,UNKNOWN,UNKNOWN,UNKNOWN,2026-09-04T09:23:57Z,1.0.0,15450,False,False
sif_guard_seed__OIL-00751,SIF-Guard project (internal),sif_guard_seed,N/A (internal project file),OIL-00751,synthetic,True,2025-08-04,Site B - Moran,oil_and_gas,Near Miss,Maintenance,Minor housekeeping: cables in the office area were not properly bundled.,None identified,UNKNOWN,UNKNOWN,UNKNOWN,UNKNOWN,UNKNOWN,UNKNOWN,No,UNKNOWN,UNKNOWN,UNKNOWN,UNKNOWN,UNKNOWN,UNKNOWN,2026-09-04T09:23:57Z,1.0.0,15450,False,False
sif_guard_seed__OIL-00900,SIF-Guard project (internal),sif_guard_seed,N/A (internal project file),OIL-00900,synthetic,True,2025-11-18,Site D - Jorajan,oil_and_gas,UA,Production Operations,Minor housekeeping: cables in the office area were not properly bundled.,None identified,UNKNOWN,UNKNOWN,UNKNOWN,UNKNOWN,UNKNOWN,UNKNOWN,No,UNKNOWN,UNKNOWN,UNKNOWN,UNKNOWN,UNKNOWN,UNKNOWN,2026-09-04T09:23:57Z,1.0.0,15450,False,False
sif_guard_seed__OIL-00987,SIF-Guard project (internal),sif_guard_seed,N/A (internal project file),OIL-00987,synthetic,True,2026-01-22,Site D - Jorajan,oil_and_gas,UC,Maintenance,Minor housekeeping: cables in the office area were not properly bundled.,None identified,UNKNOWN,UNKNOWN,UNKNOWN,UNKNOWN,UNKNOWN,UNKNOWN,No,UNKNOWN,UNKNOWN,UNKNOWN,UNKNOWN,UNKNOWN,UNKNOWN,2026-09-04T09:23:57Z,1.0.0,15450,False,False
sif_guard_seed__OIL-01054,SIF-Guard project (internal),sif_guard_seed,N/A (internal project file),OIL-01054,synthetic,True,2026-03-08,Site D - Jorajan,oil_and_gas,UC,Housekeeping,Minor housekeeping: cables in the office area were not properly bundled.,None identified,UNKNOWN,UNKNOWN,UNKNOWN,UNKNOWN,UNKNOWN,UNKNOWN,No,UNKNOWN,UNKNOWN,UNKNOWN,UNKNOWN,UNKNOWN,UNKNOWN,2026-09-04T09:23:57Z,1.0.0,15450,False,False
sif_guard_seed__OIL-01134,SIF-Guard project (internal),sif_guard_seed,N/A (internal project file),OIL-01134,synthetic,True,2026-04-24,Site D - Jorajan,oil_and_gas,UC,Production Operations,Minor housekeeping: cables in the office area were not properly bundled.,None identified,UNKNOWN,UNKNOWN,UNKNOWN,UNKNOWN,UNKNOWN,UNKNOWN,No,UNKNOWN,UNKNOWN,UNKNOWN,UNKNOWN,UNKNOWN,UNKNOWN,2026-09-04T09:23:57Z,1.0.0,15450,False,False
sif_guard_seed__OIL-01285,SIF-Guard project (internal),sif_guard_seed,N/A (internal project file),OIL-01285,synthetic,True,2026-08-06,Site E - Barekuri Pipeline,oil_and_gas,UA,Production Operations,Minor housekeeping: cables in the office area were not properly bundled.,None identified,UNKNOWN,UNKNOWN,UNKNOWN,UNKNOWN,UNKNOWN,UNKNOWN,No,UNKNOWN,UNKNOWN,UNKNOWN,UNKNOWN,UNKNOWN,UNKNOWN,2026-09-04T09:23:57Z,1.0.0,15450,False,False
sif_guard_seed__OIL-01298,SIF-Guard project (internal),sif_guard_seed,N/A (internal project file),OIL-01298,synthetic,True,2026-08-16,Site D - Jorajan,oil_and_gas,UA,Housekeeping,A rigger suggested better labeling for stationery cupboards in the office. Addressed before the shift ended.,None identified,UNKNOWN,UNKNOWN,UNKNOWN,UNKNOWN,UNKNOWN,UNKNOWN,No,UNKNOWN,UNKNOWN,UNKNOWN,UNKNOWN,UNKNOWN,UNKNOWN,2026-09-04T09:23:57Z,1.0.0,0,False,False
sif_guard_seed__OIL-00025,SIF-Guard project (internal),sif_guard_seed,N/A (internal project file),OIL-00025,real_ihm_stefanini,False,2016-02-14,Real-Local_06,oil_and_gas,Incident,Metals,"An operator of the G-2142 deslaminadora in section 75 was unlocking a sheet of zinc stuck so that it can enter the slide of the stacking table, for this requires the support of Mr. Mollares and this helps to hold the sheet to place it in the entry chute to the slide. At the moment of releasing the blade, it tilted and brushed Mr. Mollares's left leg. The collaborator went to the nearby eyewash for cleaning and immediately to the medical center.",Others,UNKNOWN,UNKNOWN,Unknown (not recorded in source),Unknown,UNKNOWN,UNKNOWN,No,UNKNOWN,Unmapped,UNKNOWN,UNKNOWN,UNKNOWN,UNKNOWN,2026-09-04T09:23:57Z,1.0.0,0,False,False
sif_guard_seed__OIL-00088,SIF-Guard project (internal),sif_guard_seed,N/A (internal project file),OIL-00088,real_ihm_stefanini,False,2016-04-11,Real-Local_01,oil_and_gas,Incident,Mining,"Once the RB machine is lifted (weight 7 tn) at 15 cm from the floor level, the accidently proceeds to pull the RB machine with a key of 5 tons (maximum cap), to lay it on the floor, after advancing 70 cm horizontally, the anchor bolt (pig tail type, 5/8 ""diameter) to which the key was hooked, it breaks transversely, and with the pulling force, this key is projected onto the injured person's left shoulder causing the injury. - The injured was 1.50 meters from the key. - At the time of the incident, the assistant was 5 meters away doing order and cleaning",Others,UNKNOWN,UNKNOWN,Unknown (not recorded in source),Unknown,UNKNOWN,UNKNOWN,Yes,UNKNOWN,Unmapped,UNKNOWN,UNKNOWN,UNKNOWN,UNKNOWN,2026-09-04T09:23:57Z,1.0.0,0,False,False
sif_guard_seed__OIL-01105,SIF-Guard project (internal),sif_guard_seed,N/A (internal project file),OIL-01105,synthetic,True,2026-04-08,Site D - Jorajan,oil_and_gas,Near Miss,Working at Height,A new joinee climbed the hydraulic line structure without using fall protection equipment. Fortunately no one was in the immediate vicinity at the time.,Fall from height,UNKNOWN,UNKNOWN,Fall protection/harness,Failed,UNKNOWN,UNKNOWN,Yes,UNKNOWN,Working at Height,UNKNOWN,UNKNOWN,UNKNOWN,UNKNOWN,2026-09-04T09:23:57Z,1.0.0,0,False,False
sif_guard_seed__OIL-00705,SIF-Guard project (internal),sif_guard_seed,N/A (internal project file),OIL-00705,synthetic,True,2025-07-04,Site D - Jorajan,oil_and_gas,UC,Maintenance,Hot work permit was signed but the copy at the site was slightly torn; replaced with new copy. Addressed before the shift ended.,None identified,UNKNOWN,UNKNOWN,Fire extinguishing equipment on site,Adequate / Minor Gap,UNKNOWN,UNKNOWN,No,UNKNOWN,Hot Work,UNKNOWN,UNKNOWN,UNKNOWN,UNKNOWN,2026-09-04T09:23:57Z,1.0.0,15428,False,False
sif_guard_seed__OIL-01246,SIF-Guard project (internal),sif_guard_seed,N/A (internal project file),OIL-01246,synthetic,True,2026-07-09,Site C - Kumchai,oil_and_gas,UC,Hot Work,Hot work permit was signed but the copy at the site was slightly torn; replaced with new copy. Addressed before the shift ended.,None identified,UNKNOWN,UNKNOWN,Hot work permit,Adequate / Minor Gap,UNKNOWN,UNKNOWN,No,UNKNOWN,Hot Work,UNKNOWN,UNKNOWN,UNKNOWN,UNKNOWN,2026-09-04T09:23:57Z,1.0.0,15428,False,False
sif_guard_seed__OIL-00144,SIF-Guard project (internal),sif_guard_seed,N/A (internal project file),OIL-00144,real_ihm_stefanini,False,2016-06-08,Real-Local_10,oil_and_gas,Incident,Others,"Project of Vazante that carried out sediment collection of current in the South of Mata target, in the drainage of Serra do Garrote. team that was composed of 04 members of the WCA company, being the S.r.s Leandro, and Jehovânio. they were moving from one collection point to another, inside a shallow drainage, they saw the bee carton, the reaction was to move away from the box as quickly as possible to avoid the stings, they ran about 50 meters, looking for a safe area, to exit the radius of attack of the bees, but the S.S. and Breno), were attacked and consequently they suffered 02 stings, in the belly and Jehovah in the hand, verified that there was no type of allergic reaction, returned with the normal activities.",Bees,UNKNOWN,UNKNOWN,Unknown (not recorded in source),Unknown,UNKNOWN,UNKNOWN,No,UNKNOWN,Unmapped,UNKNOWN,UNKNOWN,UNKNOWN,UNKNOWN,2026-09-04T09:23:57Z,1.0.0,15477,False,False
sif_guard_seed__OIL-00145,SIF-Guard project (internal),sif_guard_seed,N/A (internal project file),OIL-00145,real_ihm_stefanini,False,2016-06-08,Real-Local_10,oil_and_gas,Incident,Others,"Project of Vazante that carried out sediment collection of current in the South of Mata target, in the drainage of Serra do Garrote. team that was composed of 04 members of the WCA company, being the S.r.s Leandro, and Jehovânio. they were moving from one collection point to another, inside a shallow drainage, they saw the bee carton, the reaction was to move away from the box as quickly as possible to avoid the stings, they ran about 50 meters, looking for a safe area, to exit the radius of attack of the bees, but the S.S. and Breno), were attacked and consequently they suffered 02 stings, in the belly and Jehovah in the hand, verified that there was no type of allergic reaction, returned with the normal activities.",Others,UNKNOWN,UNKNOWN,Unknown (not recorded in source),Unknown,UNKNOWN,UNKNOWN,No,UNKNOWN,Unmapped,UNKNOWN,UNKNOWN,UNKNOWN,UNKNOWN,2026-09-04T09:23:57Z,1.0.0,15477,False,False
sif_guard_seed__OIL-00472,SIF-Guard project (internal),sif_guard_seed,N/A (internal project file),OIL-00472,synthetic,True,2025-02-02,Site A - Duliajan,oil_and_gas,UC,Maintenance,Isolation tag on the main isolation valve was found slightly faded and needs replacement; work was not affected.,None identified,UNKNOWN,UNKNOWN,Isolation certificate,Adequate / Minor Gap,UNKNOWN,UNKNOWN,No,UNKNOWN,Energy Isolation,UNKNOWN,UNKNOWN,UNKNOWN,UNKNOWN,2026-09-04T09:23:57Z,1.0.0,0,False,False
sif_guard_seed__OIL-01161,SIF-Guard project (internal),sif_guard_seed,N/A (internal project file),OIL-01161,synthetic,True,2026-05-14,Site E - Barekuri Pipeline,oil_and_gas,UA,Production Operations,"During maintenance, a new joinee started work on the hydraulic line before energy isolation was verified; the line was found still energized. This was flagged as a high-priority observation.",Stored/residual energy,UNKNOWN,UNKNOWN,Isolation certificate,Failed,UNKNOWN,UNKNOWN,Yes,UNKNOWN,Energy Isolation,UNKNOWN,UNKNOWN,UNKNOWN,UNKNOWN,2026-09-04T09:23:57Z,1.0.0,0,False,False
sif_guard_seed__OIL-00908,SIF-Guard project (internal),sif_guard_seed,N/A (internal project file),OIL-00908,synthetic,True,2025-11-25,Site E - Barekuri Pipeline,oil_and_gas,UC,Production Operations,A rigger noted a squeaky door hinge in the changing room; lubricated same day.,None identified,UNKNOWN,UNKNOWN,UNKNOWN,UNKNOWN,UNKNOWN,UNKNOWN,No,UNKNOWN,UNKNOWN,UNKNOWN,UNKNOWN,UNKNOWN,UNKNOWN,2026-09-04T09:23:57Z,1.0.0,15371,False,False
sif_guard_seed__OIL-01251,SIF-Guard project (internal),sif_guard_seed,N/A (internal project file),OIL-01251,synthetic,True,2026-07-14,Site A - Duliajan,oil_and_gas,UA,Maintenance,A rigger noted a squeaky door hinge in the changing room; lubricated same day.,None identified,UNKNOWN,UNKNOWN,UNKNOWN,UNKNOWN,UNKNOWN,UNKNOWN,No,UNKNOWN,UNKNOWN,UNKNOWN,UNKNOWN,UNKNOWN,UNKNOWN,2026-09-04T09:23:57Z,1.0.0,15371,False,False
sif_guard_seed__OIL-00383,SIF-Guard project (internal),sif_guard_seed,N/A (internal project file),OIL-00383,real_ihm_stefanini,False,2017-04-28,Real-Local_05,oil_and_gas,Incident,Metals,"The employee reports that he performed his routine activities in the Foundry area when it was necessary to fit the last ZAMAC ingots of one of the packages. At this point, the ingot slipped and hit the back of his right foot, causing pain. The safety footwear worn by the employee has a steel toe and a metatarsal protector.",Others,UNKNOWN,UNKNOWN,Unknown (not recorded in source),Unknown,UNKNOWN,UNKNOWN,No,UNKNOWN,Unmapped,UNKNOWN,UNKNOWN,UNKNOWN,UNKNOWN,2026-09-04T09:23:57Z,1.0.0,0,False,False
sif_guard_seed__OIL-01077,SIF-Guard project (internal),sif_guard_seed,N/A (internal project file),OIL-01077,synthetic,True,2026-03-23,Site E - Barekuri Pipeline,oil_and_gas,Near Miss,Maintenance,A third-party worker noted a squeaky door hinge in the changing room; lubricated same day. Logged for routine follow-up.,None identified,UNKNOWN,UNKNOWN,UNKNOWN,UNKNOWN,UNKNOWN,UNKNOWN,No,UNKNOWN,UNKNOWN,UNKNOWN,UNKNOWN,UNKNOWN,UNKNOWN,2026-09-04T09:23:57Z,1.0.0,0,False,False
sif_guard_seed__OIL-00289,SIF-Guard project (internal),sif_guard_seed,N/A (internal project file),OIL-00289,real_ihm_stefanini,False,2017-01-06,Real-Local_08,oil_and_gas,Incident,Metals,"During the preparation for the scaffolding activity, the employee was loading the pieces to the designated place where he had his finger pressed between the metal pieces that were being moved.",Pressed,UNKNOWN,UNKNOWN,Unknown (not recorded in source),Unknown,UNKNOWN,UNKNOWN,No,UNKNOWN,Unmapped,UNKNOWN,UNKNOWN,UNKNOWN,UNKNOWN,2026-09-04T09:23:57Z,1.0.0,0,False,False
sif_guard_seed__OIL-01270,SIF-Guard project (internal),sif_guard_seed,N/A (internal project file),OIL-01270,synthetic,True,2026-07-25,Site D - Jorajan,oil_and_gas,UC,Drilling Operations,Crane outriggers were not fully extended before a rigger began the lift. No injury occurred.,Load drop,UNKNOWN,UNKNOWN,Load chart compliance,Failed,UNKNOWN,UNKNOWN,Yes,UNKNOWN,Safe Mechanical Lifting,UNKNOWN,UNKNOWN,UNKNOWN,UNKNOWN,2026-09-04T09:23:57Z,1.0.0,0,False,False
sif_guard_seed__OIL-00895,SIF-Guard project (internal),sif_guard_seed,N/A (internal project file),OIL-00895,synthetic,True,2025-11-14,Site C - Kumchai,oil_and_gas,UA,Excavation,A new joinee was standing directly beneath a suspended load during a lifting operation near the hydraulic line. Fortunately no one was in the immediate vicinity at the time.,Struck by falling/moving object,UNKNOWN,UNKNOWN,Signage,Missing,UNKNOWN,UNKNOWN,Yes,UNKNOWN,Line of Fire,UNKNOWN,UNKNOWN,UNKNOWN,UNKNOWN,2026-09-04T09:23:57Z,1.0.0,0,False,False
sif_guard_seed__OIL-01219,SIF-Guard project (internal),sif_guard_seed,N/A (internal project file),OIL-01219,synthetic,True,2026-06-23,Site C - Kumchai,oil_and_gas,UA,Maintenance,Isolation tag on the main isolation valve was found slightly faded and needs replacement; work was not affected. No further action required.,None identified,UNKNOWN,UNKNOWN,Zero-energy check,Adequate / Minor Gap,UNKNOWN,UNKNOWN,No,UNKNOWN,Energy Isolation,UNKNOWN,UNKNOWN,UNKNOWN,UNKNOWN,2026-09-04T09:23:57Z,1.0.0,0,False,False
sif_guard_seed__OIL-00471,SIF-Guard project (internal),sif_guard_seed,N/A (internal project file),OIL-00471,synthetic,True,2025-01-31,Site A - Duliajan,oil_and_gas,UA,Scaffolding,A field engineer was working at height on scaffolding without a harness properly anchored. No injury occurred.,Fall from height,UNKNOWN,UNKNOWN,Fall protection/harness,Missing,UNKNOWN,UNKNOWN,Yes,UNKNOWN,Working at Height,UNKNOWN,UNKNOWN,UNKNOWN,UNKNOWN,2026-09-04T09:23:57Z,1.0.0,0,False,False
sif_guard_seed__OIL-00217,SIF-Guard project (internal),sif_guard_seed,N/A (internal project file),OIL-00217,real_ihm_stefanini,False,2016-09-16,Real-Local_05,oil_and_gas,Incident,Metals,"Employee reports that he was monitoring the existence of a borehole of a tubing in the thermal recovery boiler of the Ustulation area, through the side window, when he was struck by projection of heated air that reached his face and right forearm.",Pressurized Systems,UNKNOWN,UNKNOWN,Unknown (not recorded in source),Unknown,UNKNOWN,UNKNOWN,Yes,UNKNOWN,Energy Isolation,UNKNOWN,UNKNOWN,UNKNOWN,UNKNOWN,2026-09-04T09:23:57Z,1.0.0,0,False,False
sif_guard_seed__OIL-00574,SIF-Guard project (internal),sif_guard_seed,N/A (internal project file),OIL-00574,synthetic,True,2025-04-17,Site B - Moran,oil_and_gas,Near Miss,Confined Space Entry,No standby/rescue personnel was posted while a contract technician entered the confined space to clear a blockage. This was flagged as a high-priority observation.,Engulfment,UNKNOWN,UNKNOWN,Gas testing,Bypassed,UNKNOWN,UNKNOWN,Yes,UNKNOWN,Confined Space,UNKNOWN,UNKNOWN,UNKNOWN,UNKNOWN,2026-09-04T09:23:57Z,1.0.0,0,False,False
sif_guard_seed__OIL-00655,SIF-Guard project (internal),sif_guard_seed,N/A (internal project file),OIL-00655,synthetic,True,2025-06-07,Site D - Jorajan,oil_and_gas,Near Miss,Working at Height,Scaffold inspection tag was missing but an operator used the scaffold to access elevated piping.,Dropped object,UNKNOWN,UNKNOWN,Fall protection/harness,Failed,UNKNOWN,UNKNOWN,Yes,UNKNOWN,Working at Height,UNKNOWN,UNKNOWN,UNKNOWN,UNKNOWN,2026-09-04T09:23:57Z,1.0.0,0,False,False
sif_guard_seed__OIL-00117,SIF-Guard project (internal),sif_guard_seed,N/A (internal project file),OIL-00117,real_ihm_stefanini,False,2016-05-12,Real-Local_06,oil_and_gas,Incident,Metals,"On Sunday, 15, the collaborator goes to the medical center saying that he had an accident 3 days ago when he performed internal maintenance work on the heat exchangers, defined as a confined space and at risk of burning with acid. When leaving the confined space, the employee removes the protective gloves without having passed through the emergency shower; At that moment, skin contact occurs with sulfates, generating the lesion.",Chemical substances,UNKNOWN,UNKNOWN,Unknown (not recorded in source),Unknown,UNKNOWN,UNKNOWN,No,UNKNOWN,Unmapped,UNKNOWN,UNKNOWN,UNKNOWN,UNKNOWN,2026-09-04T09:23:57Z,1.0.0,0,False,False
sif_guard_seed__OIL-00198,SIF-Guard project (internal),sif_guard_seed,N/A (internal project file),OIL-00198,real_ihm_stefanini,False,2016-08-25,Real-Local_03,oil_and_gas,Incident,Mining,"At times when the collaborator was performing the evacuation of inchancables from the mine, present in Strip ° 1, of Phase he notices a piece of support mesh positioned between the frame and the return belt; After several attempts to remove this mesh, with the belt in movement and using a metal rake as support, the mesh yields moving in the direction of rotation of the return belt, hitting the collaborator's hand against the metal structure, causing contusion in the left hand. At the time of the accident the employee used his leather gloves.",Others,UNKNOWN,UNKNOWN,Unknown (not recorded in source),Unknown,UNKNOWN,UNKNOWN,Yes,UNKNOWN,Unmapped,UNKNOWN,UNKNOWN,UNKNOWN,UNKNOWN,2026-09-04T09:23:57Z,1.0.0,0,False,False
sif_guard_seed__OIL-00100,SIF-Guard project (internal),sif_guard_seed,N/A (internal project file),OIL-00100,real_ihm_stefanini,False,2016-04-22,Real-Local_05,oil_and_gas,Incident,Metals,The employee reports that he placed the air lance in the tank 1604 and then opened the manual air valve and projection of acid solution heated toward him reaching the front of the left thigh.,Pressurized Systems / Chemical Substances,UNKNOWN,UNKNOWN,Unknown (not recorded in source),Unknown,UNKNOWN,UNKNOWN,Yes,UNKNOWN,Energy Isolation,UNKNOWN,UNKNOWN,UNKNOWN,UNKNOWN,2026-09-04T09:23:57Z,1.0.0,0,False,False
sif_guard_seed__OIL-00743,SIF-Guard project (internal),sif_guard_seed,N/A (internal project file),OIL-00743,synthetic,True,2025-07-30,Site B - Moran,oil_and_gas,UA,Housekeeping,Fire extinguisher signage in the corridor was found slightly faded; repainting scheduled. No further action required.,None identified,UNKNOWN,UNKNOWN,UNKNOWN,UNKNOWN,UNKNOWN,UNKNOWN,No,UNKNOWN,UNKNOWN,UNKNOWN,UNKNOWN,UNKNOWN,UNKNOWN,2026-09-04T09:23:57Z,1.0.0,15411,False,False
sif_guard_seed__OIL-00981,SIF-Guard project (internal),sif_guard_seed,N/A (internal project file),OIL-00981,synthetic,True,2026-01-18,Site B - Moran,oil_and_gas,Incident,Maintenance,Fire extinguisher signage in the corridor was found slightly faded; repainting scheduled. No further action required.,None identified,UNKNOWN,UNKNOWN,UNKNOWN,UNKNOWN,UNKNOWN,UNKNOWN,No,UNKNOWN,UNKNOWN,UNKNOWN,UNKNOWN,UNKNOWN,UNKNOWN,2026-09-04T09:23:57Z,1.0.0,15411,False,False
sif_guard_seed__OIL-01145,SIF-Guard project (internal),sif_guard_seed,N/A (internal project file),OIL-01145,synthetic,True,2026-05-01,Site B - Moran,oil_and_gas,UA,Housekeeping,Fire extinguisher signage in the corridor was found slightly faded; repainting scheduled. No further action required.,None identified,UNKNOWN,UNKNOWN,UNKNOWN,UNKNOWN,UNKNOWN,UNKNOWN,No,UNKNOWN,UNKNOWN,UNKNOWN,UNKNOWN,UNKNOWN,UNKNOWN,2026-09-04T09:23:57Z,1.0.0,15411,False,False
sif_guard_seed__OIL-00663,SIF-Guard project (internal),sif_guard_seed,N/A (internal project file),OIL-00663,synthetic,True,2025-06-11,Site A - Duliajan,oil_and_gas,UC,Working at Height,A field engineer climbed the transformer bay structure without using fall protection equipment. Fortunately no one was in the immediate vicinity at the time.,Dropped object,UNKNOWN,UNKNOWN,Scaffold inspection tag,Failed,UNKNOWN,UNKNOWN,Yes,UNKNOWN,Working at Height,UNKNOWN,UNKNOWN,UNKNOWN,UNKNOWN,2026-09-04T09:23:57Z,1.0.0,0,False,False
sif_guard_seed__OIL-01100,SIF-Guard project (internal),sif_guard_seed,N/A (internal project file),OIL-01100,synthetic,True,2026-04-06,Site B - Moran,oil_and_gas,UC,Confined Space Entry,No standby/rescue personnel was posted while a rigger entered the confined space to clear a blockage. No injury occurred.,Entrapment,UNKNOWN,UNKNOWN,Rescue plan/standby,Failed,UNKNOWN,UNKNOWN,Yes,UNKNOWN,Confined Space,UNKNOWN,UNKNOWN,UNKNOWN,UNKNOWN,2026-09-04T09:23:57Z,1.0.0,0,False,False
sif_guard_seed__OIL-00590,SIF-Guard project (internal),sif_guard_seed,N/A (internal project file),OIL-00590,synthetic,True,2025-04-26,Site B - Moran,oil_and_gas,UA,Drilling Operations,Crane outriggers were not fully extended before a new joinee began the lift. The activity was halted and the area was made safe.,Load drop,UNKNOWN,UNKNOWN,Competent rigger/banksman,Bypassed,UNKNOWN,UNKNOWN,Yes,UNKNOWN,Safe Mechanical Lifting,UNKNOWN,UNKNOWN,UNKNOWN,UNKNOWN,2026-09-04T09:23:57Z,1.0.0,0,False,False
sif_guard_seed__OIL-00693,SIF-Guard project (internal),sif_guard_seed,N/A (internal project file),OIL-00693,synthetic,True,2025-06-27,Site E - Barekuri Pipeline,oil_and_gas,UC,Drilling Operations,No competent banksman was present while a new joinee directed a crane lift. Fortunately no one was in the immediate vicinity at the time.,Load drop,UNKNOWN,UNKNOWN,Load chart compliance,Failed,UNKNOWN,UNKNOWN,Yes,UNKNOWN,Safe Mechanical Lifting,UNKNOWN,UNKNOWN,UNKNOWN,UNKNOWN,2026-09-04T09:23:57Z,1.0.0,0,False,False
sif_guard_seed__OIL-01247,SIF-Guard project (internal),sif_guard_seed,N/A (internal project file),OIL-01247,synthetic,True,2026-07-10,Site A - Duliajan,oil_and_gas,UC,Housekeeping,A field engineer was found not wearing safety glasses while filing paperwork in the site office. Addressed before the shift ended.,None identified,UNKNOWN,UNKNOWN,UNKNOWN,UNKNOWN,UNKNOWN,UNKNOWN,No,UNKNOWN,UNKNOWN,UNKNOWN,UNKNOWN,UNKNOWN,UNKNOWN,2026-09-04T09:23:57Z,1.0.0,0,False,False
sif_guard_seed__OIL-00192,SIF-Guard project (internal),sif_guard_seed,N/A (internal project file),OIL-00192,real_ihm_stefanini,False,2016-08-14,Real-Local_08,oil_and_gas,Incident,Metals,"The employee Mr. Nilton made the opening of the visit to unclog, at this moment occurred projection of hot material, occurring the accident.",Projection,UNKNOWN,UNKNOWN,Unknown (not recorded in source),Unknown,UNKNOWN,UNKNOWN,No,UNKNOWN,Line of Fire,UNKNOWN,UNKNOWN,UNKNOWN,UNKNOWN,2026-09-04T09:23:57Z,1.0.0,0,False,False
sif_guard_seed__OIL-00397,SIF-Guard project (internal),sif_guard_seed,N/A (internal project file),OIL-00397,real_ihm_stefanini,False,2017-05-23,Real-Local_04,oil_and_gas,Incident,Mining,"In moments when the 02 collaborators carried out the inspection of the conveyor belt No. 3 from the tail pulley when they were at the height of the load polymer No. 372, the Maslucan collaborator heard a noise where note that the belt was moving towards the tail pulley, 4 ""fragmentos mineral fragments are projected towards the access of the ramp impacting the 2 collaborators, being evacuated to the medical post.",Projection of fragments,UNKNOWN,UNKNOWN,Unknown (not recorded in source),Unknown,UNKNOWN,UNKNOWN,Yes,UNKNOWN,Line of Fire,UNKNOWN,UNKNOWN,UNKNOWN,UNKNOWN,2026-09-04T09:23:57Z,1.0.0,15435,False,False
sif_guard_seed__OIL-00398,SIF-Guard project (internal),sif_guard_seed,N/A (internal project file),OIL-00398,real_ihm_stefanini,False,2017-05-23,Real-Local_04,oil_and_gas,Incident,Mining,"In moments when the 02 collaborators carried out the inspection of the conveyor belt No. 3 from the tail pulley when they were at the height of the load polymer No. 372, the Maslucan collaborator heard a noise where note that the belt was moving towards the tail pulley, 4 ""fragmentos mineral fragments are projected towards the access of the ramp impacting the 2 collaborators, being evacuated to the medical post.",Projection of fragments,UNKNOWN,UNKNOWN,Unknown (not recorded in source),Unknown,UNKNOWN,UNKNOWN,Yes,UNKNOWN,Line of Fire,UNKNOWN,UNKNOWN,UNKNOWN,UNKNOWN,2026-09-04T09:23:57Z,1.0.0,15435,False,False
sif_guard_seed__OIL-00659,SIF-Guard project (internal),sif_guard_seed,N/A (internal project file),OIL-00659,synthetic,True,2025-06-09,Site C - Kumchai,oil_and_gas,UA,Maintenance,"A contract technician noted the LOTO log entry had a minor formatting error, corrected on the spot. Logged for routine follow-up.",None identified,UNKNOWN,UNKNOWN,Lockout/Tagout (LOTO),Adequate / Minor Gap,UNKNOWN,UNKNOWN,No,UNKNOWN,Energy Isolation,UNKNOWN,UNKNOWN,UNKNOWN,UNKNOWN,2026-09-04T09:23:57Z,1.0.0,0,False,False
sif_guard_seed__OIL-00899,SIF-Guard project (internal),sif_guard_seed,N/A (internal project file),OIL-00899,synthetic,True,2025-11-16,Site B - Moran,oil_and_gas,Near Miss,Maintenance,Confined space entry permit was not obtained before a contract technician entered the vessel for inspection. Fortunately no one was in the immediate vicinity at the time.,Entrapment,UNKNOWN,UNKNOWN,Rescue plan/standby,Bypassed,UNKNOWN,UNKNOWN,Yes,UNKNOWN,Confined Space,UNKNOWN,UNKNOWN,UNKNOWN,UNKNOWN,2026-09-04T09:23:57Z,1.0.0,0,False,False
sif_guard_seed__OIL-00464,SIF-Guard project (internal),sif_guard_seed,N/A (internal project file),OIL-00464,synthetic,True,2025-01-25,Site B - Moran,oil_and_gas,UC,Working at Height,Scaffold tag was found slightly discolored and hard to read; replaced during routine check.,None identified,UNKNOWN,UNKNOWN,Anchor point verification,Adequate / Minor Gap,UNKNOWN,UNKNOWN,No,UNKNOWN,Working at Height,UNKNOWN,UNKNOWN,UNKNOWN,UNKNOWN,2026-09-04T09:23:57Z,1.0.0,15483,False,False
sif_guard_seed__OIL-00467,SIF-Guard project (internal),sif_guard_seed,N/A (internal project file),OIL-00467,synthetic,True,2025-01-29,Site C - Kumchai,oil_and_gas,UC,Working at Height,Scaffold tag was found slightly discolored and hard to read; replaced during routine check.,None identified,UNKNOWN,UNKNOWN,Scaffold inspection tag,Adequate / Minor Gap,UNKNOWN,UNKNOWN,No,UNKNOWN,Working at Height,UNKNOWN,UNKNOWN,UNKNOWN,UNKNOWN,2026-09-04T09:23:57Z,1.0.0,15483,False,False
sif_guard_seed__OIL-01006,SIF-Guard project (internal),sif_guard_seed,N/A (internal project file),OIL-01006,synthetic,True,2026-02-05,Site E - Barekuri Pipeline,oil_and_gas,Near Miss,Working at Height,Scaffold tag was found slightly discolored and hard to read; replaced during routine check.,None identified,UNKNOWN,UNKNOWN,Guardrails,Adequate / Minor Gap,UNKNOWN,UNKNOWN,No,UNKNOWN,Working at Height,UNKNOWN,UNKNOWN,UNKNOWN,UNKNOWN,2026-09-04T09:23:57Z,1.0.0,15483,False,False
sif_guard_seed__OIL-00754,SIF-Guard project (internal),sif_guard_seed,N/A (internal project file),OIL-00754,synthetic,True,2025-08-08,Site B - Moran,oil_and_gas,Near Miss,Electrical Work,Isolation tag on the main isolation valve was found slightly faded and needs replacement; work was not affected. Corrected on the spot.,None identified,UNKNOWN,UNKNOWN,Lockout/Tagout (LOTO),Adequate / Minor Gap,UNKNOWN,UNKNOWN,No,UNKNOWN,Energy Isolation,UNKNOWN,UNKNOWN,UNKNOWN,UNKNOWN,2026-09-04T09:23:57Z,1.0.0,0,False,False
sif_guard_seed__OIL-00272,SIF-Guard project (internal),sif_guard_seed,N/A (internal project file),OIL-00272,real_ihm_stefanini,False,2016-12-12,Real-Local_05,oil_and_gas,Incident,Metals,"Employee reports that he performed an activity in the area of ​​the Ustulación, under the coordination of Maintenance when he was hit by dust from the ustulado, causing irritation in the eye region.",Others,UNKNOWN,UNKNOWN,Unknown (not recorded in source),Unknown,UNKNOWN,UNKNOWN,No,UNKNOWN,Unmapped,UNKNOWN,UNKNOWN,UNKNOWN,UNKNOWN,2026-09-04T09:23:57Z,1.0.0,0,False,False
sif_guard_seed__OIL-00955,SIF-Guard project (internal),sif_guard_seed,N/A (internal project file),OIL-00955,synthetic,True,2025-12-30,Site D - Jorajan,oil_and_gas,Near Miss,Production Operations,Isolation point signage near the hydraulic line was partially obscured by dust; cleaned during routine round. Addressed before the shift ended.,None identified,UNKNOWN,UNKNOWN,Isolation verification,Adequate / Minor Gap,UNKNOWN,UNKNOWN,No,UNKNOWN,Energy Isolation,UNKNOWN,UNKNOWN,UNKNOWN,UNKNOWN,2026-09-04T09:23:57Z,1.0.0,0,False,False
sif_guard_seed__OIL-00433,SIF-Guard project (internal),sif_guard_seed,N/A (internal project file),OIL-00433,synthetic,True,2025-01-04,Site B - Moran,oil_and_gas,Near Miss,Lifting Operations,No competent banksman was present while a maintenance crew member directed a crane lift. No injury occurred.,Rigging failure,UNKNOWN,UNKNOWN,Load chart compliance,Failed,UNKNOWN,UNKNOWN,Yes,UNKNOWN,Safe Mechanical Lifting,UNKNOWN,UNKNOWN,UNKNOWN,UNKNOWN,2026-09-04T09:23:57Z,1.0.0,0,False,False
sif_guard_seed__OIL-00970,SIF-Guard project (internal),sif_guard_seed,N/A (internal project file),OIL-00970,synthetic,True,2026-01-10,Site D - Jorajan,oil_and_gas,UA,Scaffolding,Scaffold inspection tag was missing but a field engineer used the scaffold to access elevated piping. Fortunately no one was in the immediate vicinity at the time.,Dropped object,UNKNOWN,UNKNOWN,Guardrails,Missing,UNKNOWN,UNKNOWN,Yes,UNKNOWN,Working at Height,UNKNOWN,UNKNOWN,UNKNOWN,UNKNOWN,2026-09-04T09:23:57Z,1.0.0,0,False,False
sif_guard_seed__OIL-00502,SIF-Guard project (internal),sif_guard_seed,N/A (internal project file),OIL-00502,synthetic,True,2025-02-27,Site E - Barekuri Pipeline,oil_and_gas,Near Miss,Production Operations,A rigger observed a torn notice board sheet near the muster point; replaced during rounds. Logged for routine follow-up.,None identified,UNKNOWN,UNKNOWN,UNKNOWN,UNKNOWN,UNKNOWN,UNKNOWN,No,UNKNOWN,UNKNOWN,UNKNOWN,UNKNOWN,UNKNOWN,UNKNOWN,2026-09-04T09:23:57Z,1.0.0,15373,False,False
sif_guard_seed__OIL-00768,SIF-Guard project (internal),sif_guard_seed,N/A (internal project file),OIL-00768,synthetic,True,2025-08-23,Site E - Barekuri Pipeline,oil_and_gas,Near Miss,Production Operations,A rigger observed a torn notice board sheet near the muster point; replaced during rounds. Logged for routine follow-up.,None identified,UNKNOWN,UNKNOWN,UNKNOWN,UNKNOWN,UNKNOWN,UNKNOWN,No,UNKNOWN,UNKNOWN,UNKNOWN,UNKNOWN,UNKNOWN,UNKNOWN,2026-09-04T09:23:57Z,1.0.0,15373,False,False
sif_guard_seed__OIL-01057,SIF-Guard project (internal),sif_guard_seed,N/A (internal project file),OIL-01057,synthetic,True,2026-03-10,Site B - Moran,oil_and_gas,Incident,Housekeeping,A rigger observed a torn notice board sheet near the muster point; replaced during rounds. Logged for routine follow-up.,None identified,UNKNOWN,UNKNOWN,UNKNOWN,UNKNOWN,UNKNOWN,UNKNOWN,No,UNKNOWN,UNKNOWN,UNKNOWN,UNKNOWN,UNKNOWN,UNKNOWN,2026-09-04T09:23:57Z,1.0.0,15373,False,False
sif_guard_seed__OIL-00457,SIF-Guard project (internal),sif_guard_seed,N/A (internal project file),OIL-00457,synthetic,True,2025-01-19,Site B - Moran,oil_and_gas,UA,Maintenance,Hot work permit was signed but the copy at the site was slightly torn; replaced with new copy. Corrected on the spot.,None identified,UNKNOWN,UNKNOWN,Fire extinguishing equipment on site,Adequate / Minor Gap,UNKNOWN,UNKNOWN,No,UNKNOWN,Hot Work,UNKNOWN,UNKNOWN,UNKNOWN,UNKNOWN,2026-09-04T09:23:57Z,1.0.0,15429,False,False
sif_guard_seed__OIL-00645,SIF-Guard project (internal),sif_guard_seed,N/A (internal project file),OIL-00645,synthetic,True,2025-06-02,Site E - Barekuri Pipeline,oil_and_gas,Near Miss,Hot Work,Hot work permit was signed but the copy at the site was slightly torn; replaced with new copy. Corrected on the spot.,None identified,UNKNOWN,UNKNOWN,Fire extinguishing equipment on site,Adequate / Minor Gap,UNKNOWN,UNKNOWN,No,UNKNOWN,Hot Work,UNKNOWN,UNKNOWN,UNKNOWN,UNKNOWN,2026-09-04T09:23:57Z,1.0.0,15429,False,False
sif_guard_seed__OIL-00890,SIF-Guard project (internal),sif_guard_seed,N/A (internal project file),OIL-00890,synthetic,True,2025-11-08,Site B - Moran,oil_and_gas,Near Miss,Hot Work,Hot work permit was signed but the copy at the site was slightly torn; replaced with new copy. Corrected on the spot.,None identified,UNKNOWN,UNKNOWN,Hot work permit,Adequate / Minor Gap,UNKNOWN,UNKNOWN,No,UNKNOWN,Hot Work,UNKNOWN,UNKNOWN,UNKNOWN,UNKNOWN,2026-09-04T09:23:57Z,1.0.0,15429,False,False
sif_guard_seed__OIL-00828,SIF-Guard project (internal),sif_guard_seed,N/A (internal project file),OIL-00828,synthetic,True,2025-09-26,Site B - Moran,oil_and_gas,Near Miss,Housekeeping,A shift technician reported a flickering light in the break room; maintenance ticket raised.,None identified,UNKNOWN,UNKNOWN,UNKNOWN,UNKNOWN,UNKNOWN,UNKNOWN,No,UNKNOWN,UNKNOWN,UNKNOWN,UNKNOWN,UNKNOWN,UNKNOWN,2026-09-04T09:23:57Z,1.0.0,0,False,False
sif_guard_seed__OIL-00923,SIF-Guard project (internal),sif_guard_seed,N/A (internal project file),OIL-00923,synthetic,True,2025-12-06,Site A - Duliajan,oil_and_gas,UA,Vehicle Movement,Vehicle inspection checklist had a minor missing signature; corrected before dispatch. Noted during the daily safety walk.,None identified,UNKNOWN,UNKNOWN,Fatigue management,Adequate / Minor Gap,UNKNOWN,UNKNOWN,No,UNKNOWN,Driving,UNKNOWN,UNKNOWN,UNKNOWN,UNKNOWN,2026-09-04T09:23:57Z,1.0.0,15509,False,False
sif_guard_seed__OIL-00978,SIF-Guard project (internal),sif_guard_seed,N/A (internal project file),OIL-00978,synthetic,True,2026-01-16,Site C - Kumchai,oil_and_gas,UA,Transportation,Vehicle inspection checklist had a minor missing signature; corrected before dispatch. Noted during the daily safety walk.,None identified,UNKNOWN,UNKNOWN,Journey management plan,Adequate / Minor Gap,UNKNOWN,UNKNOWN,No,UNKNOWN,Driving,UNKNOWN,UNKNOWN,UNKNOWN,UNKNOWN,2026-09-04T09:23:57Z,1.0.0,15509,False,False
sif_guard_seed__OIL-01080,SIF-Guard project (internal),sif_guard_seed,N/A (internal project file),OIL-01080,synthetic,True,2026-03-24,Site D - Jorajan,oil_and_gas,Incident,Vehicle Movement,Vehicle inspection checklist had a minor missing signature; corrected before dispatch. Noted during the daily safety walk.,None identified,UNKNOWN,UNKNOWN,Seatbelt use,Adequate / Minor Gap,UNKNOWN,UNKNOWN,No,UNKNOWN,Driving,UNKNOWN,UNKNOWN,UNKNOWN,UNKNOWN,2026-09-04T09:23:57Z,1.0.0,15509,False,False
sif_guard_seed__OIL-01142,SIF-Guard project (internal),sif_guard_seed,N/A (internal project file),OIL-01142,synthetic,True,2026-04-28,Site A - Duliajan,oil_and_gas,Near Miss,Transportation,Vehicle inspection checklist had a minor missing signature; corrected before dispatch. Noted during the daily safety walk.,None identified,UNKNOWN,UNKNOWN,Speed compliance,Adequate / Minor Gap,UNKNOWN,UNKNOWN,No,UNKNOWN,Driving,UNKNOWN,UNKNOWN,UNKNOWN,UNKNOWN,2026-09-04T09:23:57Z,1.0.0,15509,False,False
sif_guard_seed__OIL-01210,SIF-Guard project (internal),sif_guard_seed,N/A (internal project file),OIL-01210,synthetic,True,2026-06-19,Site D - Jorajan,oil_and_gas,UC,Vehicle Movement,Vehicle inspection checklist had a minor missing signature; corrected before dispatch. Noted during the daily safety walk.,None identified,UNKNOWN,UNKNOWN,Speed compliance,Adequate / Minor Gap,UNKNOWN,UNKNOWN,No,UNKNOWN,Driving,UNKNOWN,UNKNOWN,UNKNOWN,UNKNOWN,2026-09-04T09:23:57Z,1.0.0,15509,False,False
sif_guard_seed__OIL-00563,SIF-Guard project (internal),sif_guard_seed,N/A (internal project file),OIL-00563,synthetic,True,2025-04-12,Site E - Barekuri Pipeline,oil_and_gas,Near Miss,Maintenance,Signboard directing to the emergency assembly point was slightly bent; straightened by an operator. Logged for routine follow-up.,None identified,UNKNOWN,UNKNOWN,UNKNOWN,UNKNOWN,UNKNOWN,UNKNOWN,No,UNKNOWN,UNKNOWN,UNKNOWN,UNKNOWN,UNKNOWN,UNKNOWN,2026-09-04T09:23:57Z,1.0.0,15492,False,False
sif_guard_seed__OIL-00942,SIF-Guard project (internal),sif_guard_seed,N/A (internal project file),OIL-00942,synthetic,True,2025-12-18,Site A - Duliajan,oil_and_gas,UC,Production Operations,Signboard directing to the emergency assembly point was slightly bent; straightened by an operator. Logged for routine follow-up.,None identified,UNKNOWN,UNKNOWN,UNKNOWN,UNKNOWN,UNKNOWN,UNKNOWN,No,UNKNOWN,UNKNOWN,UNKNOWN,UNKNOWN,UNKNOWN,UNKNOWN,2026-09-04T09:23:57Z,1.0.0,15492,False,False
sif_guard_seed__OIL-01139,SIF-Guard project (internal),sif_guard_seed,N/A (internal project file),OIL-01139,synthetic,True,2026-04-26,Site A - Duliajan,oil_and_gas,UC,Maintenance,A third-party worker overrode the safety interlock on the compressor to continue operations during a fault. Corrective action was raised on the spot.,Disabled safety interlock,UNKNOWN,UNKNOWN,Alarm system,Failed,UNKNOWN,UNKNOWN,Yes,UNKNOWN,Bypassing Safety Controls,UNKNOWN,UNKNOWN,UNKNOWN,UNKNOWN,2026-09-04T09:23:57Z,1.0.0,0,False,False
sif_guard_seed__OIL-00130,SIF-Guard project (internal),sif_guard_seed,N/A (internal project file),OIL-00130,real_ihm_stefanini,False,2016-05-25,Real-Local_10,oil_and_gas,Incident,Others,"The ground team coordinated by Prospector with his assistants: da Silva and Wila 14:45 p.m., in a prong opening to access and collect soil samples, Auxiliar came across some he tried to divert about 10 meters to the right of the place, but at the moment of the diversion he came across the marimbondo house in front of him, not giving time for any other action since the thugs were already agitated, da Silva 5 times: a sting in the head, another behind the neck and other 3 stings in the face. Since all have allergy tests, it was verified that there was no allergic reaction, washed the affected part and returned to normal activities.",Bees,UNKNOWN,UNKNOWN,Unknown (not recorded in source),Unknown,UNKNOWN,UNKNOWN,No,UNKNOWN,Unmapped,UNKNOWN,UNKNOWN,UNKNOWN,UNKNOWN,2026-09-04T09:23:57Z,1.0.0,0,False,False
sif_guard_seed__OIL-01141,SIF-Guard project (internal),sif_guard_seed,N/A (internal project file),OIL-01141,synthetic,True,2026-04-28,Site D - Jorajan,oil_and_gas,UC,Electrical Work,Isolation tag on the electrical panel was found slightly faded and needs replacement; work was not affected. Addressed before the shift ended.,None identified,UNKNOWN,UNKNOWN,Lockout/Tagout (LOTO),Adequate / Minor Gap,UNKNOWN,UNKNOWN,No,UNKNOWN,Energy Isolation,UNKNOWN,UNKNOWN,UNKNOWN,UNKNOWN,2026-09-04T09:23:57Z,1.0.0,0,False,False
sif_guard_seed__OIL-00115,SIF-Guard project (internal),sif_guard_seed,N/A (internal project file),OIL-00115,real_ihm_stefanini,False,2016-05-05,Real-Local_08,oil_and_gas,Incident,Metals,"During the die cutting of the feeder (PEAD geomembrane blanket weld seam) to store the extruder, the stylet blade came in the direction of its left forearm, resulting in blunt short injury.",Manual Tools,UNKNOWN,UNKNOWN,Unknown (not recorded in source),Unknown,UNKNOWN,UNKNOWN,No,UNKNOWN,Unmapped,UNKNOWN,UNKNOWN,UNKNOWN,UNKNOWN,2026-09-04T09:23:57Z,1.0.0,0,False,False
sif_guard_seed__OIL-00135,SIF-Guard project (internal),sif_guard_seed,N/A (internal project file),OIL-00135,real_ihm_stefanini,False,2016-06-03,Real-Local_01,oil_and_gas,Incident,Mining,"In circumstances that the collaborator performed the cleaning of the ditch 3570, 0.50 cm deep, removing the pipe of 2 ""HDPE material with an estimated weight of 30 Kg. Together with two collaborators, when pushing the tube to drain the dune, the collaborator is hit on the lower right side lip producing a slight blow to the lip. At the time of the event, the collaborator had a safety helmet, glasses and gloves.",Others,UNKNOWN,UNKNOWN,Unknown (not recorded in source),Unknown,UNKNOWN,UNKNOWN,No,UNKNOWN,Unmapped,UNKNOWN,UNKNOWN,UNKNOWN,UNKNOWN,2026-09-04T09:23:57Z,1.0.0,0,False,False
sif_guard_seed__OIL-00015,SIF-Guard project (internal),sif_guard_seed,N/A (internal project file),OIL-00015,real_ihm_stefanini,False,2016-02-04,Real-Local_05,oil_and_gas,Incident,Metals,"Due to the accumulation of Waelz on the conveyor and trailer of the Filter 08FI0502, the employee performed the cleaning of the shutter using the air lance, when he was surprised by the fall of the product that was above the door, passing between the neck and the collar of the aramid jacket and causing burn in the neck and shoulder.",Confined space,UNKNOWN,UNKNOWN,Unknown (not recorded in source),Unknown,UNKNOWN,UNKNOWN,No,UNKNOWN,Confined Space,UNKNOWN,UNKNOWN,UNKNOWN,UNKNOWN,2026-09-04T09:23:57Z,1.0.0,0,False,False
sif_guard_seed__OIL-01271,SIF-Guard project (internal),sif_guard_seed,N/A (internal project file),OIL-01271,synthetic,True,2026-07-27,Site A - Duliajan,oil_and_gas,UA,Housekeeping,A contract technician found the water cooler in the rest area was not working; complaint logged.,None identified,UNKNOWN,UNKNOWN,UNKNOWN,UNKNOWN,UNKNOWN,UNKNOWN,No,UNKNOWN,UNKNOWN,UNKNOWN,UNKNOWN,UNKNOWN,UNKNOWN,2026-09-04T09:23:57Z,1.0.0,0,False,False
sif_guard_seed__OIL-00449,SIF-Guard project (internal),sif_guard_seed,N/A (internal project file),OIL-00449,synthetic,True,2025-01-13,Site C - Kumchai,oil_and_gas,UA,Maintenance,Noise from a printer in the office was reported as mildly disruptive. Corrected on the spot.,None identified,UNKNOWN,UNKNOWN,UNKNOWN,UNKNOWN,UNKNOWN,UNKNOWN,No,UNKNOWN,UNKNOWN,UNKNOWN,UNKNOWN,UNKNOWN,UNKNOWN,2026-09-04T09:23:57Z,1.0.0,15467,False,False
sif_guard_seed__OIL-01000,SIF-Guard project (internal),sif_guard_seed,N/A (internal project file),OIL-01000,synthetic,True,2026-01-30,Site A - Duliajan,oil_and_gas,UA,Maintenance,Noise from a printer in the office was reported as mildly disruptive. Corrected on the spot.,None identified,UNKNOWN,UNKNOWN,UNKNOWN,UNKNOWN,UNKNOWN,UNKNOWN,No,UNKNOWN,UNKNOWN,UNKNOWN,UNKNOWN,UNKNOWN,UNKNOWN,2026-09-04T09:23:57Z,1.0.0,15467,False,False
sif_guard_seed__OIL-01157,SIF-Guard project (internal),sif_guard_seed,N/A (internal project file),OIL-01157,synthetic,True,2026-05-10,Site A - Duliajan,oil_and_gas,UA,Production Operations,Noise from a printer in the office was reported as mildly disruptive. Corrected on the spot.,None identified,UNKNOWN,UNKNOWN,UNKNOWN,UNKNOWN,UNKNOWN,UNKNOWN,No,UNKNOWN,UNKNOWN,UNKNOWN,UNKNOWN,UNKNOWN,UNKNOWN,2026-09-04T09:23:57Z,1.0.0,15467,False,False
sif_guard_seed__OIL-00906,SIF-Guard project (internal),sif_guard_seed,N/A (internal project file),OIL-00906,synthetic,True,2025-11-22,Site C - Kumchai,oil_and_gas,UC,Maintenance,"Confined space permit paperwork had a minor date entry error, corrected before entry. Addressed before the shift ended.",None identified,UNKNOWN,UNKNOWN,Continuous atmosphere monitoring,Adequate / Minor Gap,UNKNOWN,UNKNOWN,No,UNKNOWN,Confined Space,UNKNOWN,UNKNOWN,UNKNOWN,UNKNOWN,2026-09-04T09:23:57Z,1.0.0,15398,False,False
sif_guard_seed__OIL-01241,SIF-Guard project (internal),sif_guard_seed,N/A (internal project file),OIL-01241,synthetic,True,2026-07-05,Site E - Barekuri Pipeline,oil_and_gas,UC,Confined Space Entry,"Confined space permit paperwork had a minor date entry error, corrected before entry. Addressed before the shift ended.",None identified,UNKNOWN,UNKNOWN,Gas testing,Adequate / Minor Gap,UNKNOWN,UNKNOWN,No,UNKNOWN,Confined Space,UNKNOWN,UNKNOWN,UNKNOWN,UNKNOWN,2026-09-04T09:23:57Z,1.0.0,15398,False,False
sif_guard_seed__OIL-00037,SIF-Guard project (internal),sif_guard_seed,N/A (internal project file),OIL-00037,real_ihm_stefanini,False,2016-02-22,Real-Local_01,oil_and_gas,Incident,Mining,"During the withdrawal the Kelly bar (conductive bar of 45 Kg, 1.5 m of length and 10 cm of diameter) of the equipment of perforation on the part of two workers, one of them is positioned in the low part to tie the bar and the injured one is position in the upper part to hold the bar, when positioning the bar on the platform they lose control of the bar moving 5 cm with the 2nd finger of the right hand against the pulleys of the frame. At the time of the accident, the worker was wearing safety gloves and the drill rig was blocked.",Others,UNKNOWN,UNKNOWN,Unknown (not recorded in source),Unknown,UNKNOWN,UNKNOWN,Yes,UNKNOWN,Unmapped,UNKNOWN,UNKNOWN,UNKNOWN,UNKNOWN,2026-09-04T09:23:57Z,1.0.0,0,False,False
sif_guard_seed__OIL-00572,SIF-Guard project (internal),sif_guard_seed,N/A (internal project file),OIL-00572,synthetic,True,2025-04-17,Site C - Kumchai,oil_and_gas,UA,Maintenance,Interlock test was carried out as per schedule with no deviation found. Corrected on the spot.,None identified,UNKNOWN,UNKNOWN,Interlock system,Adequate / Minor Gap,UNKNOWN,UNKNOWN,No,UNKNOWN,Bypassing Safety Controls,UNKNOWN,UNKNOWN,UNKNOWN,UNKNOWN,2026-09-04T09:23:57Z,1.0.0,15437,False,False
sif_guard_seed__OIL-00973,SIF-Guard project (internal),sif_guard_seed,N/A (internal project file),OIL-00973,synthetic,True,2026-01-13,Site A - Duliajan,oil_and_gas,UA,Maintenance,Interlock test was carried out as per schedule with no deviation found. Corrected on the spot.,None identified,UNKNOWN,UNKNOWN,Interlock system,Adequate / Minor Gap,UNKNOWN,UNKNOWN,No,UNKNOWN,Bypassing Safety Controls,UNKNOWN,UNKNOWN,UNKNOWN,UNKNOWN,2026-09-04T09:23:57Z,1.0.0,15437,False,False
sif_guard_seed__OIL-01176,SIF-Guard project (internal),sif_guard_seed,N/A (internal project file),OIL-01176,synthetic,True,2026-05-26,Site B - Moran,oil_and_gas,UC,Housekeeping,A rigger noted a squeaky door hinge in the changing room; lubricated same day. No further action required.,None identified,UNKNOWN,UNKNOWN,UNKNOWN,UNKNOWN,UNKNOWN,UNKNOWN,No,UNKNOWN,UNKNOWN,UNKNOWN,UNKNOWN,UNKNOWN,UNKNOWN,2026-09-04T09:23:57Z,1.0.0,0,False,False
sif_guard_seed__OIL-00444,SIF-Guard project (internal),sif_guard_seed,N/A (internal project file),OIL-00444,synthetic,True,2025-01-09,Site E - Barekuri Pipeline,oil_and_gas,UC,Lifting Operations,A field engineer observed faded exclusion-zone markings near the hydraulic line; reported for repainting. Noted during the daily safety walk.,None identified,UNKNOWN,UNKNOWN,Positioning awareness,Adequate / Minor Gap,UNKNOWN,UNKNOWN,No,UNKNOWN,Line of Fire,UNKNOWN,UNKNOWN,UNKNOWN,UNKNOWN,2026-09-04T09:23:57Z,1.0.0,0,False,False
sif_guard_seed__OIL-00470,SIF-Guard project (internal),sif_guard_seed,N/A (internal project file),OIL-00470,synthetic,True,2025-01-30,Site B - Moran,oil_and_gas,UA,Production Operations,"General cleanliness observation: canteen floor was slightly wet near the entrance, mopped promptly. Noted during the daily safety walk.",None identified,UNKNOWN,UNKNOWN,UNKNOWN,UNKNOWN,UNKNOWN,UNKNOWN,No,UNKNOWN,UNKNOWN,UNKNOWN,UNKNOWN,UNKNOWN,UNKNOWN,2026-09-04T09:23:57Z,1.0.0,0,False,False
sif_guard_seed__OIL-00243,SIF-Guard project (internal),sif_guard_seed,N/A (internal project file),OIL-00243,real_ihm_stefanini,False,2016-10-23,Real-Local_02,oil_and_gas,Incident,Mining,"In the activity of loading of explosives in front of level 326 GTS, there was a fall of a Rock fragment reaching right arm of the Blaster causing a cut-blunt.",Others,UNKNOWN,UNKNOWN,Unknown (not recorded in source),Unknown,UNKNOWN,UNKNOWN,Yes,UNKNOWN,Unmapped,UNKNOWN,UNKNOWN,UNKNOWN,UNKNOWN,2026-09-04T09:23:57Z,1.0.0,0,False,False
sif_guard_seed__OIL-00721,SIF-Guard project (internal),sif_guard_seed,N/A (internal project file),OIL-00721,synthetic,True,2025-07-18,Site A - Duliajan,oil_and_gas,UA,Transportation,Minor housekeeping issue: warning cones slightly misplaced near a low-traffic walkway. No further action required.,None identified,UNKNOWN,UNKNOWN,Suspended load control,Adequate / Minor Gap,UNKNOWN,UNKNOWN,No,UNKNOWN,Line of Fire,UNKNOWN,UNKNOWN,UNKNOWN,UNKNOWN,2026-09-04T09:23:57Z,1.0.0,0,False,False
sif_guard_seed__OIL-00835,SIF-Guard project (internal),sif_guard_seed,N/A (internal project file),OIL-00835,synthetic,True,2025-09-29,Site D - Jorajan,oil_and_gas,UA,Maintenance,An operator carried out grinding work without a valid hot work permit near the main isolation valve.,Ignition of flammable material,UNKNOWN,UNKNOWN,Gas testing (flammable atmosphere),Bypassed,UNKNOWN,UNKNOWN,Yes,UNKNOWN,Hot Work,UNKNOWN,UNKNOWN,UNKNOWN,UNKNOWN,2026-09-04T09:23:57Z,1.0.0,0,False,False
sif_guard_seed__OIL-00700,SIF-Guard project (internal),sif_guard_seed,N/A (internal project file),OIL-00700,synthetic,True,2025-07-01,Site A - Duliajan,oil_and_gas,Near Miss,Excavation,A contract technician observed faded exclusion-zone markings near the hydraulic line; reported for repainting.,None identified,UNKNOWN,UNKNOWN,Suspended load control,Adequate / Minor Gap,UNKNOWN,UNKNOWN,No,UNKNOWN,Line of Fire,UNKNOWN,UNKNOWN,UNKNOWN,UNKNOWN,2026-09-04T09:23:57Z,1.0.0,0,False,False
sif_guard_seed__OIL-01011,SIF-Guard project (internal),sif_guard_seed,N/A (internal project file),OIL-01011,synthetic,True,2026-02-09,Site D - Jorajan,oil_and_gas,Incident,Maintenance,Minor housekeeping: cables in the office area were not properly bundled. No further action required.,None identified,UNKNOWN,UNKNOWN,UNKNOWN,UNKNOWN,UNKNOWN,UNKNOWN,No,UNKNOWN,UNKNOWN,UNKNOWN,UNKNOWN,UNKNOWN,UNKNOWN,2026-09-04T09:23:57Z,1.0.0,15454,False,False
sif_guard_seed__OIL-01090,SIF-Guard project (internal),sif_guard_seed,N/A (internal project file),OIL-01090,synthetic,True,2026-04-01,Site E - Barekuri Pipeline,oil_and_gas,UA,Maintenance,Minor housekeeping: cables in the office area were not properly bundled. No further action required.,None identified,UNKNOWN,UNKNOWN,UNKNOWN,UNKNOWN,UNKNOWN,UNKNOWN,No,UNKNOWN,UNKNOWN,UNKNOWN,UNKNOWN,UNKNOWN,UNKNOWN,2026-09-04T09:23:57Z,1.0.0,15454,False,False
sif_guard_seed__OIL-01097,SIF-Guard project (internal),sif_guard_seed,N/A (internal project file),OIL-01097,synthetic,True,2026-04-06,Site D - Jorajan,oil_and_gas,UA,Housekeeping,A loose floor tile was noticed by a shift technician in the administrative block corridor. No further action required.,None identified,UNKNOWN,UNKNOWN,UNKNOWN,UNKNOWN,UNKNOWN,UNKNOWN,No,UNKNOWN,UNKNOWN,UNKNOWN,UNKNOWN,UNKNOWN,UNKNOWN,2026-09-04T09:23:57Z,1.0.0,0,False,False
sif_guard_seed__OIL-00538,SIF-Guard project (internal),sif_guard_seed,N/A (internal project file),OIL-00538,synthetic,True,2025-03-28,Site A - Duliajan,oil_and_gas,UA,Maintenance,"During maintenance, a maintenance crew member started work on the electrical panel before energy isolation was verified; the line was found still energized. Corrective action was raised on the spot.",Electrical shock,UNKNOWN,UNKNOWN,Isolation certificate,Bypassed,UNKNOWN,UNKNOWN,Yes,UNKNOWN,Energy Isolation,UNKNOWN,UNKNOWN,UNKNOWN,UNKNOWN,2026-09-04T09:23:57Z,1.0.0,0,False,False
sif_guard_seed__OIL-00413,SIF-Guard project (internal),sif_guard_seed,N/A (internal project file),OIL-00413,real_ihm_stefanini,False,2017-06-20,Real-Local_01,oil_and_gas,Incident,Mining,"In circumstance, the AHK-903 license plate (Empresa which serves the supervision of CMA, carried out the field inspections in the upper bank 4288, when unexpectedly when climbing through the operational access (positive ramp), It slides in an excavated area of ​​approximately 3 meters high, remaining in position with the front part on the floor. The occupants of the vehicle made use of the safety belt and all the complete epps.",Others,UNKNOWN,UNKNOWN,Unknown (not recorded in source),Unknown,UNKNOWN,UNKNOWN,Yes,UNKNOWN,Unmapped,UNKNOWN,UNKNOWN,UNKNOWN,UNKNOWN,2026-09-04T09:23:57Z,1.0.0,15433,False,False
sif_guard_seed__OIL-00414,SIF-Guard project (internal),sif_guard_seed,N/A (internal project file),OIL-00414,real_ihm_stefanini,False,2017-06-20,Real-Local_01,oil_and_gas,Incident,Mining,"In circumstance, the AHK-903 license plate (Empresa which serves the supervision of CMA, carried out the field inspections in the upper bank 4288, when unexpectedly when climbing through the operational access (positive ramp), It slides in an excavated area of ​​approximately 3 meters high, remaining in position with the front part on the floor. The occupants of the vehicle made use of the safety belt and all the complete epps.",Others,UNKNOWN,UNKNOWN,Unknown (not recorded in source),Unknown,UNKNOWN,UNKNOWN,Yes,UNKNOWN,Unmapped,UNKNOWN,UNKNOWN,UNKNOWN,UNKNOWN,2026-09-04T09:23:57Z,1.0.0,15433,False,False
sif_guard_seed__OIL-01008,SIF-Guard project (internal),sif_guard_seed,N/A (internal project file),OIL-01008,synthetic,True,2026-02-08,Site E - Barekuri Pipeline,oil_and_gas,UC,Maintenance,Isolation point signage near the main isolation valve was partially obscured by dust; cleaned during routine round.,None identified,UNKNOWN,UNKNOWN,Lockout/Tagout (LOTO),Adequate / Minor Gap,UNKNOWN,UNKNOWN,No,UNKNOWN,Energy Isolation,UNKNOWN,UNKNOWN,UNKNOWN,UNKNOWN,2026-09-04T09:23:57Z,1.0.0,0,False,False
sif_guard_seed__OIL-01126,SIF-Guard project (internal),sif_guard_seed,N/A (internal project file),OIL-01126,synthetic,True,2026-04-17,Site B - Moran,oil_and_gas,UA,Confined Space Entry,Confined space entry permit was not obtained before a field engineer entered the vessel for inspection. Fortunately no one was in the immediate vicinity at the time.,Entrapment,UNKNOWN,UNKNOWN,Gas testing,Missing,UNKNOWN,UNKNOWN,Yes,UNKNOWN,Confined Space,UNKNOWN,UNKNOWN,UNKNOWN,UNKNOWN,2026-09-04T09:23:57Z,1.0.0,0,False,False
sif_guard_seed__OIL-00681,SIF-Guard project (internal),sif_guard_seed,N/A (internal project file),OIL-00681,synthetic,True,2025-06-22,Site D - Jorajan,oil_and_gas,UA,Transportation,A shift technician observed faded exclusion-zone markings near the hydraulic line; reported for repainting. Logged for routine follow-up.,None identified,UNKNOWN,UNKNOWN,Positioning awareness,Adequate / Minor Gap,UNKNOWN,UNKNOWN,No,UNKNOWN,Line of Fire,UNKNOWN,UNKNOWN,UNKNOWN,UNKNOWN,2026-09-04T09:23:57Z,1.0.0,0,False,False
sif_guard_seed__OIL-00851,SIF-Guard project (internal),sif_guard_seed,N/A (internal project file),OIL-00851,synthetic,True,2025-10-09,Site D - Jorajan,oil_and_gas,UC,Maintenance,A maintenance crew member observed mild clutter of files near the printer station; tidied up. Addressed before the shift ended.,None identified,UNKNOWN,UNKNOWN,UNKNOWN,UNKNOWN,UNKNOWN,UNKNOWN,No,UNKNOWN,UNKNOWN,UNKNOWN,UNKNOWN,UNKNOWN,UNKNOWN,2026-09-04T09:23:57Z,1.0.0,0,False,False
sif_guard_seed__OIL-01111,SIF-Guard project (internal),sif_guard_seed,N/A (internal project file),OIL-01111,synthetic,True,2026-04-10,Site A - Duliajan,oil_and_gas,UC,Production Operations,A new joinee found the water cooler in the rest area was not working; complaint logged. Noted during the daily safety walk.,None identified,UNKNOWN,UNKNOWN,UNKNOWN,UNKNOWN,UNKNOWN,UNKNOWN,No,UNKNOWN,UNKNOWN,UNKNOWN,UNKNOWN,UNKNOWN,UNKNOWN,2026-09-04T09:23:57Z,1.0.0,0,False,False
sif_guard_seed__OIL-00345,SIF-Guard project (internal),sif_guard_seed,N/A (internal project file),OIL-00345,real_ihm_stefanini,False,2017-03-02,Real-Local_10,oil_and_gas,Incident,Others,"On 02/03/17 during the soil sampling in the region of Sta. the employees Rafael and Danillo da Silva were attacked by a bee test. They rushed away from the place, but the employee Rafael took 4 bites, one on the chin, one on the chest, one on the neck and one on the hand over the glove. The employee took 4 bites, one in his hand over his glove and the other in the head, and the employee Danillo took 2 bites in the left arm over his uniform. At first no one sketched allergy, just swelling at the sting site. The activity was stopped to evaluate the site, after verifying that the test had remained in the line, they left the site.",Venomous Animals,UNKNOWN,UNKNOWN,Unknown (not recorded in source),Unknown,UNKNOWN,UNKNOWN,No,UNKNOWN,Unmapped,UNKNOWN,UNKNOWN,UNKNOWN,UNKNOWN,2026-09-04T09:23:57Z,1.0.0,15471,False,False
sif_guard_seed__OIL-00346,SIF-Guard project (internal),sif_guard_seed,N/A (internal project file),OIL-00346,real_ihm_stefanini,False,2017-03-02,Real-Local_10,oil_and_gas,Incident,Others,"On 02/03/17 during the soil sampling in the region of Sta. the employees Rafael and Danillo da Silva were attacked by a bee test. They rushed away from the place, but the employee Rafael took 4 bites, one on the chin, one on the chest, one on the neck and one on the hand over the glove. The employee took 4 bites, one in his hand over his glove and the other in the head, and the employee Danillo took 2 bites in the left arm over his uniform. At first no one sketched allergy, just swelling at the sting site. The activity was stopped to evaluate the site, after verifying that the test had remained in the line, they left the site.",Venomous Animals,UNKNOWN,UNKNOWN,Unknown (not recorded in source),Unknown,UNKNOWN,UNKNOWN,No,UNKNOWN,Unmapped,UNKNOWN,UNKNOWN,UNKNOWN,UNKNOWN,2026-09-04T09:23:57Z,1.0.0,15471,False,False
sif_guard_seed__OIL-00347,SIF-Guard project (internal),sif_guard_seed,N/A (internal project file),OIL-00347,real_ihm_stefanini,False,2017-03-02,Real-Local_10,oil_and_gas,Incident,Others,"On 02/03/17 during the soil sampling in the region of Sta. the employees Rafael and Danillo da Silva were attacked by a bee test. They rushed away from the place, but the employee Rafael took 4 bites, one on the chin, one on the chest, one on the neck and one on the hand over the glove. The employee took 4 bites, one in his hand over his glove and the other in the head, and the employee Danillo took 2 bites in the left arm over his uniform. At first no one sketched allergy, just swelling at the sting site. The activity was stopped to evaluate the site, after verifying that the test had remained in the line, they left the site.",Venomous Animals,UNKNOWN,UNKNOWN,Unknown (not recorded in source),Unknown,UNKNOWN,UNKNOWN,No,UNKNOWN,Unmapped,UNKNOWN,UNKNOWN,UNKNOWN,UNKNOWN,2026-09-04T09:23:57Z,1.0.0,15471,False,False
sif_guard_seed__OIL-00897,SIF-Guard project (internal),sif_guard_seed,N/A (internal project file),OIL-00897,synthetic,True,2025-11-15,Site C - Kumchai,oil_and_gas,UA,Transportation,Barricade tape near the work area was found loose; retightened without incident. Corrected on the spot.,None identified,UNKNOWN,UNKNOWN,Barricading/exclusion zone,Adequate / Minor Gap,UNKNOWN,UNKNOWN,No,UNKNOWN,Line of Fire,UNKNOWN,UNKNOWN,UNKNOWN,UNKNOWN,2026-09-04T09:23:57Z,1.0.0,15394,False,False
sif_guard_seed__OIL-01007,SIF-Guard project (internal),sif_guard_seed,N/A (internal project file),OIL-01007,synthetic,True,2026-02-07,Site A - Duliajan,oil_and_gas,UC,Lifting Operations,Barricade tape near the work area was found loose; retightened without incident. Corrected on the spot.,None identified,UNKNOWN,UNKNOWN,Suspended load control,Adequate / Minor Gap,UNKNOWN,UNKNOWN,No,UNKNOWN,Line of Fire,UNKNOWN,UNKNOWN,UNKNOWN,UNKNOWN,2026-09-04T09:23:57Z,1.0.0,15394,False,False
sif_guard_seed__OIL-01283,SIF-Guard project (internal),sif_guard_seed,N/A (internal project file),OIL-01283,synthetic,True,2026-08-04,Site D - Jorajan,oil_and_gas,Near Miss,Production Operations,Barricade tape near the work area was found loose; retightened without incident. Corrected on the spot.,None identified,UNKNOWN,UNKNOWN,Suspended load control,Adequate / Minor Gap,UNKNOWN,UNKNOWN,No,UNKNOWN,Line of Fire,UNKNOWN,UNKNOWN,UNKNOWN,UNKNOWN,2026-09-04T09:23:57Z,1.0.0,15394,False,False
sif_guard_seed__OIL-00756,SIF-Guard project (internal),sif_guard_seed,N/A (internal project file),OIL-00756,synthetic,True,2025-08-11,Site E - Barekuri Pipeline,oil_and_gas,UA,Maintenance,Alarm panel indicator light was flickering; replaced during preventive maintenance. No further action required.,None identified,UNKNOWN,UNKNOWN,Alarm system,Adequate / Minor Gap,UNKNOWN,UNKNOWN,No,UNKNOWN,Bypassing Safety Controls,UNKNOWN,UNKNOWN,UNKNOWN,UNKNOWN,2026-09-04T09:23:57Z,1.0.0,15387,False,False
sif_guard_seed__OIL-00763,SIF-Guard project (internal),sif_guard_seed,N/A (internal project file),OIL-00763,synthetic,True,2025-08-15,Site B - Moran,oil_and_gas,UC,Production Operations,Alarm panel indicator light was flickering; replaced during preventive maintenance. No further action required.,None identified,UNKNOWN,UNKNOWN,Safety guard,Adequate / Minor Gap,UNKNOWN,UNKNOWN,No,UNKNOWN,Bypassing Safety Controls,UNKNOWN,UNKNOWN,UNKNOWN,UNKNOWN,2026-09-04T09:23:57Z,1.0.0,15387,False,False
sif_guard_seed__OIL-00990,SIF-Guard project (internal),sif_guard_seed,N/A (internal project file),OIL-00990,synthetic,True,2026-01-25,Site E - Barekuri Pipeline,oil_and_gas,UC,Production Operations,Alarm panel indicator light was flickering; replaced during preventive maintenance. No further action required.,None identified,UNKNOWN,UNKNOWN,Permit conditions,Adequate / Minor Gap,UNKNOWN,UNKNOWN,No,UNKNOWN,Bypassing Safety Controls,UNKNOWN,UNKNOWN,UNKNOWN,UNKNOWN,2026-09-04T09:23:57Z,1.0.0,15387,False,False
sif_guard_seed__OIL-00262,SIF-Guard project (internal),sif_guard_seed,N/A (internal project file),OIL-00262,real_ihm_stefanini,False,2016-12-01,Real-Local_03,oil_and_gas,Incident,Mining,"During the activity of chuteo of ore in hopper OP5; the operator of the locomotive parks his equipment under the hopper to fill the first car, it is at this moment that when it was blowing out to release the load, a mud flow suddenly appears with the presence of rock fragments; the personnel that was in the direction of the flow was covered with mud.",Others,UNKNOWN,UNKNOWN,Unknown (not recorded in source),Unknown,UNKNOWN,UNKNOWN,Yes,UNKNOWN,Unmapped,UNKNOWN,UNKNOWN,UNKNOWN,UNKNOWN,2026-09-04T09:23:57Z,1.0.0,15405,False,False
sif_guard_seed__OIL-00263,SIF-Guard project (internal),sif_guard_seed,N/A (internal project file),OIL-00263,real_ihm_stefanini,False,2016-12-01,Real-Local_03,oil_and_gas,Incident,Mining,"During the activity of chuteo of ore in hopper OP5; the operator of the locomotive parks his equipment under the hopper to fill the first car, it is at this moment that when it was blowing out to release the load, a mud flow suddenly appears with the presence of rock fragments; the personnel that was in the direction of the flow was covered with mud.",Others,UNKNOWN,UNKNOWN,Unknown (not recorded in source),Unknown,UNKNOWN,UNKNOWN,Yes,UNKNOWN,Unmapped,UNKNOWN,UNKNOWN,UNKNOWN,UNKNOWN,2026-09-04T09:23:57Z,1.0.0,15405,False,False
sif_guard_seed__OIL-00264,SIF-Guard project (internal),sif_guard_seed,N/A (internal project file),OIL-00264,real_ihm_stefanini,False,2016-12-01,Real-Local_03,oil_and_gas,Incident,Mining,"During the activity of chuteo of ore in hopper OP5; the operator of the locomotive parks his equipment under the hopper to fill the first car, it is at this moment that when it was blowing out to release the load, a mud flow suddenly appears with the presence of rock fragments; the personnel that was in the direction of the flow was covered with mud.",Others,UNKNOWN,UNKNOWN,Unknown (not recorded in source),Unknown,UNKNOWN,UNKNOWN,Yes,UNKNOWN,Unmapped,UNKNOWN,UNKNOWN,UNKNOWN,UNKNOWN,2026-09-04T09:23:57Z,1.0.0,15405,False,False
sif_guard_seed__OIL-00248,SIF-Guard project (internal),sif_guard_seed,N/A (internal project file),OIL-00248,real_ihm_stefanini,False,2016-10-29,Real-Local_08,oil_and_gas,Incident,Metals,"In the activity of placing boards on racks for the exchange of fabrics of the filters, one of the plates was inclined, trying to put the plate in the correct position, the plate arm pressed the back of the right hand against the structure of the easel",Pressed,UNKNOWN,UNKNOWN,Unknown (not recorded in source),Unknown,UNKNOWN,UNKNOWN,Yes,UNKNOWN,Unmapped,UNKNOWN,UNKNOWN,UNKNOWN,UNKNOWN,2026-09-04T09:23:57Z,1.0.0,0,False,False
sif_guard_seed__OIL-00861,SIF-Guard project (internal),sif_guard_seed,N/A (internal project file),OIL-00861,synthetic,True,2025-10-19,Site C - Kumchai,oil_and_gas,UA,Maintenance,"A third-party worker noted the LOTO log entry had a minor formatting error, corrected on the spot. Noted during the daily safety walk.",None identified,UNKNOWN,UNKNOWN,Lockout/Tagout (LOTO),Adequate / Minor Gap,UNKNOWN,UNKNOWN,No,UNKNOWN,Energy Isolation,UNKNOWN,UNKNOWN,UNKNOWN,UNKNOWN,2026-09-04T09:23:57Z,1.0.0,0,False,False
sif_guard_seed__OIL-00131,SIF-Guard project (internal),sif_guard_seed,N/A (internal project file),OIL-00131,real_ihm_stefanini,False,2016-05-26,Real-Local_10,oil_and_gas,Incident,Others,"In the geological reconnaissance activity, in the farm of Mr. Lázaro, the team composed by Felipe and Divino de Morais, in normal activity encountered a ciliary forest, as they needed to enter the forest to verify a rock outcrop which was the front, the Divine realized the opening of the access with machete. At that moment, took a bite from his neck. There were no more attacks, no allergic reaction, and continued work normally. With the work completed, leaving the forest for the same access, the Divine assistant was attacked by a snake and suffered a sting in the forehead. At that moment they moved away from the area. It was verified that there was no type of allergic reaction and returned with normal activities.",Bees,UNKNOWN,UNKNOWN,Unknown (not recorded in source),Unknown,UNKNOWN,UNKNOWN,No,UNKNOWN,Unmapped,UNKNOWN,UNKNOWN,UNKNOWN,UNKNOWN,2026-09-04T09:23:57Z,1.0.0,15436,False,False
sif_guard_seed__OIL-00132,SIF-Guard project (internal),sif_guard_seed,N/A (internal project file),OIL-00132,real_ihm_stefanini,False,2016-05-26,Real-Local_10,oil_and_gas,Incident,Others,"In the geological reconnaissance activity, in the farm of Mr. Lázaro, the team composed by Felipe and Divino de Morais, in normal activity encountered a ciliary forest, as they needed to enter the forest to verify a rock outcrop which was the front, the Divine realized the opening of the access with machete. At that moment, took a bite from his neck. There were no more attacks, no allergic reaction, and continued work normally. With the work completed, leaving the forest for the same access, the Divine assistant was attacked by a snake and suffered a sting in the forehead. At that moment they moved away from the area. It was verified that there was no type of allergic reaction and returned with normal activities.",Others,UNKNOWN,UNKNOWN,Unknown (not recorded in source),Unknown,UNKNOWN,UNKNOWN,No,UNKNOWN,Unmapped,UNKNOWN,UNKNOWN,UNKNOWN,UNKNOWN,2026-09-04T09:23:57Z,1.0.0,15436,False,False
sif_guard_seed__OIL-00783,SIF-Guard project (internal),sif_guard_seed,N/A (internal project file),OIL-00783,synthetic,True,2025-09-01,Site C - Kumchai,oil_and_gas,UA,Transportation,A dropped tool fell from height and narrowly missed a contract technician working below on the electrical panel area. Work was stopped immediately once observed.,Struck by falling/moving object,UNKNOWN,UNKNOWN,Barricading/exclusion zone,Failed,UNKNOWN,UNKNOWN,Yes,UNKNOWN,Line of Fire,UNKNOWN,UNKNOWN,UNKNOWN,UNKNOWN,2026-09-04T09:23:57Z,1.0.0,0,False,False
sif_guard_seed__OIL-00167,SIF-Guard project (internal),sif_guard_seed,N/A (internal project file),OIL-00167,real_ihm_stefanini,False,2016-07-07,Real-Local_03,oil_and_gas,Incident,Mining,"At moments when the MAPERU truck of plate F1T 878, returned from the city of Pasco to the Unit transporting a consultant, being 350 meters from the main gate his lane is invaded by a civilian vehicle, making the driver turn sharply to the side right where was staff of the company IMPROMEC doing hot melt work in an 8 ""pipe impacting two collaborators causing the injuries described At the time of the accident the truck was traveling at 37km / h - according to INTHINC -, the width of the road is of 6 meters, the activity had safety cones as a warning on both sides of the road and employees used their respective EPP'S.",Others,UNKNOWN,UNKNOWN,Unknown (not recorded in source),Unknown,UNKNOWN,UNKNOWN,Yes,UNKNOWN,Unmapped,UNKNOWN,UNKNOWN,UNKNOWN,UNKNOWN,2026-09-04T09:23:57Z,1.0.0,15391,False,False
sif_guard_seed__OIL-00168,SIF-Guard project (internal),sif_guard_seed,N/A (internal project file),OIL-00168,real_ihm_stefanini,False,2016-07-07,Real-Local_03,oil_and_gas,Incident,Mining,"At moments when the MAPERU truck of plate F1T 878, returned from the city of Pasco to the Unit transporting a consultant, being 350 meters from the main gate his lane is invaded by a civilian vehicle, making the driver turn sharply to the side right where was staff of the company IMPROMEC doing hot melt work in an 8 ""pipe impacting two collaborators causing the injuries described At the time of the accident the truck was traveling at 37km / h - according to INTHINC -, the width of the road is of 6 meters, the activity had safety cones as a warning on both sides of the road and employees used their respective EPP'S.",Others,UNKNOWN,UNKNOWN,Unknown (not recorded in source),Unknown,UNKNOWN,UNKNOWN,Yes,UNKNOWN,Unmapped,UNKNOWN,UNKNOWN,UNKNOWN,UNKNOWN,2026-09-04T09:23:57Z,1.0.0,15391,False,False
sif_guard_seed__OIL-01228,SIF-Guard project (internal),sif_guard_seed,N/A (internal project file),OIL-01228,synthetic,True,2026-06-30,Site D - Jorajan,oil_and_gas,UA,Lifting Operations,Lifting was carried out by a maintenance crew member without a documented lift plan for a heavy load near the compressor unit. The activity was halted and the area was made safe.,Crane instability,UNKNOWN,UNKNOWN,Load chart compliance,Failed,UNKNOWN,UNKNOWN,Yes,UNKNOWN,Safe Mechanical Lifting,UNKNOWN,UNKNOWN,UNKNOWN,UNKNOWN,2026-09-04T09:23:57Z,1.0.0,0,False,False
sif_guard_seed__OIL-01125,SIF-Guard project (internal),sif_guard_seed,N/A (internal project file),OIL-01125,synthetic,True,2026-04-16,Site D - Jorajan,oil_and_gas,UA,Hot Work,Hot work was started by a field engineer without gas testing the surrounding area for flammable vapors. The activity was halted and the area was made safe.,Explosion,UNKNOWN,UNKNOWN,Gas testing (flammable atmosphere),Missing,UNKNOWN,UNKNOWN,Yes,UNKNOWN,Hot Work,UNKNOWN,UNKNOWN,UNKNOWN,UNKNOWN,2026-09-04T09:23:57Z,1.0.0,0,False,False
sif_guard_seed__OIL-00461,SIF-Guard project (internal),sif_guard_seed,N/A (internal project file),OIL-00461,synthetic,True,2025-01-22,Site E - Barekuri Pipeline,oil_and_gas,UA,Confined Space Entry,Continuous atmosphere monitoring was not maintained while a contract technician worked inside the tank; monitor was left outside. Work was stopped immediately once observed.,Entrapment,UNKNOWN,UNKNOWN,Gas testing,Failed,UNKNOWN,UNKNOWN,Yes,UNKNOWN,Confined Space,UNKNOWN,UNKNOWN,UNKNOWN,UNKNOWN,2026-09-04T09:23:57Z,1.0.0,15402,False,False
sif_guard_seed__OIL-00991,SIF-Guard project (internal),sif_guard_seed,N/A (internal project file),OIL-00991,synthetic,True,2026-01-25,Site B - Moran,oil_and_gas,UA,Confined Space Entry,Continuous atmosphere monitoring was not maintained while a contract technician worked inside the tank; monitor was left outside. Work was stopped immediately once observed.,Entrapment,UNKNOWN,UNKNOWN,Gas testing,Bypassed,UNKNOWN,UNKNOWN,Yes,UNKNOWN,Confined Space,UNKNOWN,UNKNOWN,UNKNOWN,UNKNOWN,2026-09-04T09:23:57Z,1.0.0,15402,False,False
sif_guard_seed__OIL-00113,SIF-Guard project (internal),sif_guard_seed,N/A (internal project file),OIL-00113,real_ihm_stefanini,False,2016-05-04,Real-Local_05,oil_and_gas,Incident,Metals,"When conducting inspection to evaluate activity to be carried out in the pump house of the Ustulation steam station, it was struck by sulfuric acid spills from a line located above the house of thermal recovery boiler pumps.",Chemical substances,UNKNOWN,UNKNOWN,Unknown (not recorded in source),Unknown,UNKNOWN,UNKNOWN,No,UNKNOWN,Unmapped,UNKNOWN,UNKNOWN,UNKNOWN,UNKNOWN,2026-09-04T09:23:57Z,1.0.0,0,False,False
sif_guard_seed__OIL-00460,SIF-Guard project (internal),sif_guard_seed,N/A (internal project file),OIL-00460,synthetic,True,2025-01-20,Site A - Duliajan,oil_and_gas,Near Miss,Housekeeping,Minor housekeeping: cables in the office area were not properly bundled. Noted during the daily safety walk.,None identified,UNKNOWN,UNKNOWN,UNKNOWN,UNKNOWN,UNKNOWN,UNKNOWN,No,UNKNOWN,UNKNOWN,UNKNOWN,UNKNOWN,UNKNOWN,UNKNOWN,2026-09-04T09:23:57Z,1.0.0,15455,False,False
sif_guard_seed__OIL-00676,SIF-Guard project (internal),sif_guard_seed,N/A (internal project file),OIL-00676,synthetic,True,2025-06-20,Site A - Duliajan,oil_and_gas,UA,Production Operations,Minor housekeeping: cables in the office area were not properly bundled. Noted during the daily safety walk.,None identified,UNKNOWN,UNKNOWN,UNKNOWN,UNKNOWN,UNKNOWN,UNKNOWN,No,UNKNOWN,UNKNOWN,UNKNOWN,UNKNOWN,UNKNOWN,UNKNOWN,2026-09-04T09:23:57Z,1.0.0,15455,False,False
sif_guard_seed__OIL-00719,SIF-Guard project (internal),sif_guard_seed,N/A (internal project file),OIL-00719,synthetic,True,2025-07-15,Site C - Kumchai,oil_and_gas,UC,Production Operations,Minor housekeeping: cables in the office area were not properly bundled. Noted during the daily safety walk.,None identified,UNKNOWN,UNKNOWN,UNKNOWN,UNKNOWN,UNKNOWN,UNKNOWN,No,UNKNOWN,UNKNOWN,UNKNOWN,UNKNOWN,UNKNOWN,UNKNOWN,2026-09-04T09:23:57Z,1.0.0,15455,False,False
sif_guard_seed__OIL-00915,SIF-Guard project (internal),sif_guard_seed,N/A (internal project file),OIL-00915,synthetic,True,2025-11-30,Site A - Duliajan,oil_and_gas,UC,Maintenance,Minor housekeeping: cables in the office area were not properly bundled. Noted during the daily safety walk.,None identified,UNKNOWN,UNKNOWN,UNKNOWN,UNKNOWN,UNKNOWN,UNKNOWN,No,UNKNOWN,UNKNOWN,UNKNOWN,UNKNOWN,UNKNOWN,UNKNOWN,2026-09-04T09:23:57Z,1.0.0,15455,False,False
sif_guard_seed__OIL-00960,SIF-Guard project (internal),sif_guard_seed,N/A (internal project file),OIL-00960,synthetic,True,2026-01-02,Site C - Kumchai,oil_and_gas,UA,Housekeeping,Minor housekeeping: cables in the office area were not properly bundled. Noted during the daily safety walk.,None identified,UNKNOWN,UNKNOWN,UNKNOWN,UNKNOWN,UNKNOWN,UNKNOWN,No,UNKNOWN,UNKNOWN,UNKNOWN,UNKNOWN,UNKNOWN,UNKNOWN,2026-09-04T09:23:57Z,1.0.0,15455,False,False
sif_guard_seed__OIL-00533,SIF-Guard project (internal),sif_guard_seed,N/A (internal project file),OIL-00533,synthetic,True,2025-03-24,Site C - Kumchai,oil_and_gas,Near Miss,Housekeeping,A third-party worker reported a flickering light in the break room; maintenance ticket raised. Addressed before the shift ended.,None identified,UNKNOWN,UNKNOWN,UNKNOWN,UNKNOWN,UNKNOWN,UNKNOWN,No,UNKNOWN,UNKNOWN,UNKNOWN,UNKNOWN,UNKNOWN,UNKNOWN,2026-09-04T09:23:57Z,1.0.0,15384,False,False
sif_guard_seed__OIL-01059,SIF-Guard project (internal),sif_guard_seed,N/A (internal project file),OIL-01059,synthetic,True,2026-03-11,Site D - Jorajan,oil_and_gas,UA,Maintenance,A third-party worker reported a flickering light in the break room; maintenance ticket raised. Addressed before the shift ended.,None identified,UNKNOWN,UNKNOWN,UNKNOWN,UNKNOWN,UNKNOWN,UNKNOWN,No,UNKNOWN,UNKNOWN,UNKNOWN,UNKNOWN,UNKNOWN,UNKNOWN,2026-09-04T09:23:57Z,1.0.0,15384,False,False
sif_guard_seed__OIL-01160,SIF-Guard project (internal),sif_guard_seed,N/A (internal project file),OIL-01160,synthetic,True,2026-05-14,Site E - Barekuri Pipeline,oil_and_gas,UA,Production Operations,A third-party worker reported a flickering light in the break room; maintenance ticket raised. Addressed before the shift ended.,None identified,UNKNOWN,UNKNOWN,UNKNOWN,UNKNOWN,UNKNOWN,UNKNOWN,No,UNKNOWN,UNKNOWN,UNKNOWN,UNKNOWN,UNKNOWN,UNKNOWN,2026-09-04T09:23:57Z,1.0.0,15384,False,False
sif_guard_seed__OIL-00599,SIF-Guard project (internal),sif_guard_seed,N/A (internal project file),OIL-00599,synthetic,True,2025-05-01,Site B - Moran,oil_and_gas,Near Miss,Working at Height,"A dropped spanner fell from the platform where a rigger was working, landing near ground crew. Corrective action was raised on the spot.",Fall from height,UNKNOWN,UNKNOWN,Scaffold inspection tag,Failed,UNKNOWN,UNKNOWN,Yes,UNKNOWN,Working at Height,UNKNOWN,UNKNOWN,UNKNOWN,UNKNOWN,2026-09-04T09:23:57Z,1.0.0,0,False,False
sif_guard_seed__OIL-01079,SIF-Guard project (internal),sif_guard_seed,N/A (internal project file),OIL-01079,synthetic,True,2026-03-24,Site A - Duliajan,oil_and_gas,UA,Maintenance,Supervisor authorization was missing but a shift technician commenced work on the pressurized system.,Missing risk assessment,UNKNOWN,UNKNOWN,Supervisory authorization,Missing,UNKNOWN,UNKNOWN,Yes,UNKNOWN,Work Authorisation,UNKNOWN,UNKNOWN,UNKNOWN,UNKNOWN,2026-09-04T09:23:57Z,1.0.0,0,False,False
sif_guard_seed__OIL-00034,SIF-Guard project (internal),sif_guard_seed,N/A (internal project file),OIL-00034,real_ihm_stefanini,False,2016-02-20,Real-Local_04,oil_and_gas,Incident,Mining,"Approximately 1:40 p.m. in circumstances that shotcrete was launched in the Nv. 1680 BP 255 of the OB2B, after finishing the launch of the first mixkret 113, the assistant of the alpha, Mr. Albertico asks the operator of the mixkret 113, Mr. Jhony to move the mixkret 116, so that access, finding in the cockpit of the mixkret the operator of the Launcher team, Mr. Danon asks him to come down. When the team started, he noticed that Mr. Danon (injured) was imprisoned between the team (height of the left rear rim) and the Hastial de la Labor.",Others,UNKNOWN,UNKNOWN,Unknown (not recorded in source),Unknown,UNKNOWN,UNKNOWN,Yes,UNKNOWN,Unmapped,UNKNOWN,UNKNOWN,UNKNOWN,UNKNOWN,2026-09-04T09:23:57Z,1.0.0,0,False,False
sif_guard_seed__OIL-00787,SIF-Guard project (internal),sif_guard_seed,N/A (internal project file),OIL-00787,synthetic,True,2025-09-04,Site B - Moran,oil_and_gas,UA,Maintenance,A loose floor tile was noticed by a new joinee in the administrative block corridor. Corrected on the spot.,None identified,UNKNOWN,UNKNOWN,UNKNOWN,UNKNOWN,UNKNOWN,UNKNOWN,No,UNKNOWN,UNKNOWN,UNKNOWN,UNKNOWN,UNKNOWN,UNKNOWN,2026-09-04T09:23:57Z,1.0.0,0,False,False
sif_guard_seed__OIL-00555,SIF-Guard project (internal),sif_guard_seed,N/A (internal project file),OIL-00555,synthetic,True,2025-04-09,Site A - Duliajan,oil_and_gas,Near Miss,Production Operations,A dustbin lid was found broken in the parking area; replacement requested. Corrected on the spot.,None identified,UNKNOWN,UNKNOWN,UNKNOWN,UNKNOWN,UNKNOWN,UNKNOWN,No,UNKNOWN,UNKNOWN,UNKNOWN,UNKNOWN,UNKNOWN,UNKNOWN,2026-09-04T09:23:57Z,1.0.0,15348,False,False
sif_guard_seed__OIL-00782,SIF-Guard project (internal),sif_guard_seed,N/A (internal project file),OIL-00782,synthetic,True,2025-08-31,Site A - Duliajan,oil_and_gas,UA,Production Operations,A dustbin lid was found broken in the parking area; replacement requested. Corrected on the spot.,None identified,UNKNOWN,UNKNOWN,UNKNOWN,UNKNOWN,UNKNOWN,UNKNOWN,No,UNKNOWN,UNKNOWN,UNKNOWN,UNKNOWN,UNKNOWN,UNKNOWN,2026-09-04T09:23:57Z,1.0.0,15348,False,False
sif_guard_seed__OIL-01156,SIF-Guard project (internal),sif_guard_seed,N/A (internal project file),OIL-01156,synthetic,True,2026-05-09,Site C - Kumchai,oil_and_gas,UA,Housekeeping,A dustbin lid was found broken in the parking area; replacement requested. Corrected on the spot.,None identified,UNKNOWN,UNKNOWN,UNKNOWN,UNKNOWN,UNKNOWN,UNKNOWN,No,UNKNOWN,UNKNOWN,UNKNOWN,UNKNOWN,UNKNOWN,UNKNOWN,2026-09-04T09:23:57Z,1.0.0,15348,False,False
sif_guard_seed__OIL-01313,SIF-Guard project (internal),sif_guard_seed,N/A (internal project file),OIL-01313,synthetic,True,2026-08-27,Site C - Kumchai,oil_and_gas,UC,Production Operations,A dustbin lid was found broken in the parking area; replacement requested. Corrected on the spot.,None identified,UNKNOWN,UNKNOWN,UNKNOWN,UNKNOWN,UNKNOWN,UNKNOWN,No,UNKNOWN,UNKNOWN,UNKNOWN,UNKNOWN,UNKNOWN,UNKNOWN,2026-09-04T09:23:57Z,1.0.0,15348,False,False
sif_guard_seed__OIL-00979,SIF-Guard project (internal),sif_guard_seed,N/A (internal project file),OIL-00979,synthetic,True,2026-01-17,Site C - Kumchai,oil_and_gas,Near Miss,Production Operations,Residual pressure was not bled off from the main isolation valve before a maintenance crew member disconnected the coupling. The activity was halted and the area was made safe.,Stored/residual energy,UNKNOWN,UNKNOWN,Isolation certificate,Failed,UNKNOWN,UNKNOWN,Yes,UNKNOWN,Energy Isolation,UNKNOWN,UNKNOWN,UNKNOWN,UNKNOWN,2026-09-04T09:23:57Z,1.0.0,0,False,False
sif_guard_seed__OIL-00001,SIF-Guard project (internal),sif_guard_seed,N/A (internal project file),OIL-00001,real_ihm_stefanini,False,2016-01-01,Real-Local_01,oil_and_gas,Incident,Mining,"While removing the drill rod of the Jumbo 08 for maintenance, the supervisor proceeds to loosen the support of the intermediate centralizer to facilitate the removal, seeing this the mechanic supports one end on the drill of the equipment to pull with both hands the bar and accelerate the removal from this, at this moment the bar slides from its point of support and tightens the fingers of the mechanic between the drilling bar and the beam of the jumbo.",Pressed,UNKNOWN,UNKNOWN,Unknown (not recorded in source),Unknown,UNKNOWN,UNKNOWN,Yes,UNKNOWN,Unmapped,UNKNOWN,UNKNOWN,UNKNOWN,UNKNOWN,2026-09-04T09:23:57Z,1.0.0,0,False,False
sif_guard_seed__OIL-00855,SIF-Guard project (internal),sif_guard_seed,N/A (internal project file),OIL-00855,synthetic,True,2025-10-13,Site A - Duliajan,oil_and_gas,UA,Electrical Work,Isolation certificate was not issued but a shift technician proceeded to open the gas compressor skid for inspection.,Stored/residual energy,UNKNOWN,UNKNOWN,Isolation verification,Missing,UNKNOWN,UNKNOWN,Yes,UNKNOWN,Energy Isolation,UNKNOWN,UNKNOWN,UNKNOWN,UNKNOWN,2026-09-04T09:23:57Z,1.0.0,0,False,False
sif_guard_seed__OIL-00876,SIF-Guard project (internal),sif_guard_seed,N/A (internal project file),OIL-00876,synthetic,True,2025-11-02,Site C - Kumchai,oil_and_gas,UC,Maintenance,Signboard directing to the emergency assembly point was slightly bent; straightened by a contract technician. Logged for routine follow-up.,None identified,UNKNOWN,UNKNOWN,UNKNOWN,UNKNOWN,UNKNOWN,UNKNOWN,No,UNKNOWN,UNKNOWN,UNKNOWN,UNKNOWN,UNKNOWN,UNKNOWN,2026-09-04T09:23:57Z,1.0.0,0,False,False
sif_guard_seed__OIL-00338,SIF-Guard project (internal),sif_guard_seed,N/A (internal project file),OIL-00338,real_ihm_stefanini,False,2017-02-25,Real-Local_01,oil_and_gas,Incident,Mining,"In the support process, in circumstances that the assistant performs the Last cut in the transverse length of the mesh; The mesh generates a movement towards the operator and hits the face causing the described injury.",Projection,UNKNOWN,UNKNOWN,Unknown (not recorded in source),Unknown,UNKNOWN,UNKNOWN,No,UNKNOWN,Line of Fire,UNKNOWN,UNKNOWN,UNKNOWN,UNKNOWN,2026-09-04T09:23:57Z,1.0.0,0,False,False
sif_guard_seed__OIL-00612,SIF-Guard project (internal),sif_guard_seed,N/A (internal project file),OIL-00612,synthetic,True,2025-05-10,Site C - Kumchai,oil_and_gas,UC,Maintenance,"General cleanliness observation: canteen floor was slightly wet near the entrance, mopped promptly. No further action required.",None identified,UNKNOWN,UNKNOWN,UNKNOWN,UNKNOWN,UNKNOWN,UNKNOWN,No,UNKNOWN,UNKNOWN,UNKNOWN,UNKNOWN,UNKNOWN,UNKNOWN,2026-09-04T09:23:57Z,1.0.0,15426,False,False
sif_guard_seed__OIL-00648,SIF-Guard project (internal),sif_guard_seed,N/A (internal project file),OIL-00648,synthetic,True,2025-06-03,Site A - Duliajan,oil_and_gas,UA,Housekeeping,"General cleanliness observation: canteen floor was slightly wet near the entrance, mopped promptly. No further action required.",None identified,UNKNOWN,UNKNOWN,UNKNOWN,UNKNOWN,UNKNOWN,UNKNOWN,No,UNKNOWN,UNKNOWN,UNKNOWN,UNKNOWN,UNKNOWN,UNKNOWN,2026-09-04T09:23:57Z,1.0.0,15426,False,False
sif_guard_seed__OIL-00868,SIF-Guard project (internal),sif_guard_seed,N/A (internal project file),OIL-00868,synthetic,True,2025-10-25,Site A - Duliajan,oil_and_gas,Incident,Housekeeping,"General cleanliness observation: canteen floor was slightly wet near the entrance, mopped promptly. No further action required.",None identified,UNKNOWN,UNKNOWN,UNKNOWN,UNKNOWN,UNKNOWN,UNKNOWN,No,UNKNOWN,UNKNOWN,UNKNOWN,UNKNOWN,UNKNOWN,UNKNOWN,2026-09-04T09:23:57Z,1.0.0,15426,False,False
sif_guard_seed__OIL-01109,SIF-Guard project (internal),sif_guard_seed,N/A (internal project file),OIL-01109,synthetic,True,2026-04-10,Site C - Kumchai,oil_and_gas,UA,Maintenance,"General cleanliness observation: canteen floor was slightly wet near the entrance, mopped promptly. No further action required.",None identified,UNKNOWN,UNKNOWN,UNKNOWN,UNKNOWN,UNKNOWN,UNKNOWN,No,UNKNOWN,UNKNOWN,UNKNOWN,UNKNOWN,UNKNOWN,UNKNOWN,2026-09-04T09:23:57Z,1.0.0,15426,False,False
sif_guard_seed__OIL-01082,SIF-Guard project (internal),sif_guard_seed,N/A (internal project file),OIL-01082,synthetic,True,2026-03-26,Site D - Jorajan,oil_and_gas,UA,Production Operations,"A new joinee noted the LOTO log entry had a minor formatting error, corrected on the spot. Addressed before the shift ended.",None identified,UNKNOWN,UNKNOWN,Isolation verification,Adequate / Minor Gap,UNKNOWN,UNKNOWN,No,UNKNOWN,Energy Isolation,UNKNOWN,UNKNOWN,UNKNOWN,UNKNOWN,2026-09-04T09:23:57Z,1.0.0,0,False,False
sif_guard_seed__OIL-01286,SIF-Guard project (internal),sif_guard_seed,N/A (internal project file),OIL-01286,synthetic,True,2026-08-06,Site C - Kumchai,oil_and_gas,UC,Production Operations,A new joinee bypassed the LOTO tag and re-energized the compressor unit while another crew was still working on it. The activity was halted and the area was made safe.,Electrical shock,UNKNOWN,UNKNOWN,Isolation certificate,Bypassed,UNKNOWN,UNKNOWN,Yes,UNKNOWN,Energy Isolation,UNKNOWN,UNKNOWN,UNKNOWN,UNKNOWN,2026-09-04T09:23:57Z,1.0.0,0,False,False
sif_guard_seed__OIL-01172,SIF-Guard project (internal),sif_guard_seed,N/A (internal project file),OIL-01172,synthetic,True,2026-05-24,Site B - Moran,oil_and_gas,UC,Maintenance,A shift technician reported that the office AC filter needed cleaning. Corrected on the spot.,None identified,UNKNOWN,UNKNOWN,UNKNOWN,UNKNOWN,UNKNOWN,UNKNOWN,No,UNKNOWN,UNKNOWN,UNKNOWN,UNKNOWN,UNKNOWN,UNKNOWN,2026-09-04T09:23:57Z,1.0.0,0,False,False
sif_guard_seed__OIL-01224,SIF-Guard project (internal),sif_guard_seed,N/A (internal project file),OIL-01224,synthetic,True,2026-06-25,Site E - Barekuri Pipeline,oil_and_gas,UC,Hot Work,A third-party worker carried out grinding work without a valid hot work permit near the transformer bay.,Fire,UNKNOWN,UNKNOWN,Hot work permit,Failed,UNKNOWN,UNKNOWN,Yes,UNKNOWN,Hot Work,UNKNOWN,UNKNOWN,UNKNOWN,UNKNOWN,2026-09-04T09:23:57Z,1.0.0,0,False,False
sif_guard_seed__OIL-00523,SIF-Guard project (internal),sif_guard_seed,N/A (internal project file),OIL-00523,synthetic,True,2025-03-20,Site C - Kumchai,oil_and_gas,UC,Scaffolding,An operator climbed the hydraulic line structure without using fall protection equipment. The activity was halted and the area was made safe.,Fall from height,UNKNOWN,UNKNOWN,Fall protection/harness,Missing,UNKNOWN,UNKNOWN,Yes,UNKNOWN,Working at Height,UNKNOWN,UNKNOWN,UNKNOWN,UNKNOWN,2026-09-04T09:23:57Z,1.0.0,0,False,False
sif_guard_seed__OIL-00213,SIF-Guard project (internal),sif_guard_seed,N/A (internal project file),OIL-00213,real_ihm_stefanini,False,2016-09-12,Real-Local_11,oil_and_gas,Incident,Others,"In the city of Conchucos, of Ancash, participating in a patronal feast, representing the company, was mounted on a horse as part of the ceremony throwing fruits and toys to the people attending this public event, the noise of the materials pyrotechnics and people trying to collect the gifts caused the horse in front and very close to her horse to be frightened and kicked back hitting the lower limbs.",Others,UNKNOWN,UNKNOWN,Unknown (not recorded in source),Unknown,UNKNOWN,UNKNOWN,Yes,UNKNOWN,Unmapped,UNKNOWN,UNKNOWN,UNKNOWN,UNKNOWN,2026-09-04T09:23:57Z,1.0.0,0,False,False
sif_guard_seed__OIL-00820,SIF-Guard project (internal),sif_guard_seed,N/A (internal project file),OIL-00820,synthetic,True,2025-09-22,Site E - Barekuri Pipeline,oil_and_gas,UA,Production Operations,A maintenance crew member suggested better labeling for stationery cupboards in the office. Addressed before the shift ended.,None identified,UNKNOWN,UNKNOWN,UNKNOWN,UNKNOWN,UNKNOWN,UNKNOWN,No,UNKNOWN,UNKNOWN,UNKNOWN,UNKNOWN,UNKNOWN,UNKNOWN,2026-09-04T09:23:57Z,1.0.0,0,False,False
sif_guard_seed__OIL-00373,SIF-Guard project (internal),sif_guard_seed,N/A (internal project file),OIL-00373,real_ihm_stefanini,False,2017-04-11,Real-Local_07,oil_and_gas,Incident,Mining,"At the end of the concreting activity, the employee turned off the concrete, and when rolling the handle to make the return of the equipment warehouse the same bumped the tip of the mangote in the inferior lip causing hematoma.",Others,UNKNOWN,UNKNOWN,Unknown (not recorded in source),Unknown,UNKNOWN,UNKNOWN,No,UNKNOWN,Unmapped,UNKNOWN,UNKNOWN,UNKNOWN,UNKNOWN,2026-09-04T09:23:57Z,1.0.0,0,False,False
sif_guard_seed__OIL-00808,SIF-Guard project (internal),sif_guard_seed,N/A (internal project file),OIL-00808,synthetic,True,2025-09-14,Site A - Duliajan,oil_and_gas,UA,Maintenance,Gas testing equipment battery indicator was low but was replaced before any entry occurred. Logged for routine follow-up.,None identified,UNKNOWN,UNKNOWN,Confined space entry permit,Adequate / Minor Gap,UNKNOWN,UNKNOWN,No,UNKNOWN,Confined Space,UNKNOWN,UNKNOWN,UNKNOWN,UNKNOWN,2026-09-04T09:23:57Z,1.0.0,15421,False,False
sif_guard_seed__OIL-01180,SIF-Guard project (internal),sif_guard_seed,N/A (internal project file),OIL-01180,synthetic,True,2026-05-29,Site B - Moran,oil_and_gas,UA,Maintenance,Gas testing equipment battery indicator was low but was replaced before any entry occurred. Logged for routine follow-up.,None identified,UNKNOWN,UNKNOWN,Gas testing,Adequate / Minor Gap,UNKNOWN,UNKNOWN,No,UNKNOWN,Confined Space,UNKNOWN,UNKNOWN,UNKNOWN,UNKNOWN,2026-09-04T09:23:57Z,1.0.0,15421,False,False
sif_guard_seed__OIL-01102,SIF-Guard project (internal),sif_guard_seed,N/A (internal project file),OIL-01102,synthetic,True,2026-04-07,Site B - Moran,oil_and_gas,Near Miss,Vehicle Movement,An operator was found using a mobile phone while driving a light vehicle on-site. The activity was halted and the area was made safe.,Rollover,UNKNOWN,UNKNOWN,Speed compliance,Missing,UNKNOWN,UNKNOWN,Yes,UNKNOWN,Driving,UNKNOWN,UNKNOWN,UNKNOWN,UNKNOWN,2026-09-04T09:23:57Z,1.0.0,0,False,False
sif_guard_seed__OIL-00005,SIF-Guard project (internal),sif_guard_seed,N/A (internal project file),OIL-00005,real_ihm_stefanini,False,2016-01-10,Real-Local_04,oil_and_gas,Incident,Mining,"Approximately at 11:45 a.m. in circumstances that the mechanics Anthony (group leader), Eduardo and Eric Fernández-injured-the three of the Company IMPROMEC, performed the removal of the pulley of the motor of the pump 3015 in the ZAF of Marcy. 27 cm / Length: 33 cm / Weight: 70 kg), as it was locked proceed to heating the pulley to loosen it, it comes out and falls from a distance of 1.06 meters high and hits the instep of the right foot of the worker, causing the injury described.",Others,UNKNOWN,UNKNOWN,Unknown (not recorded in source),Unknown,UNKNOWN,UNKNOWN,Yes,UNKNOWN,Unmapped,UNKNOWN,UNKNOWN,UNKNOWN,UNKNOWN,2026-09-04T09:23:57Z,1.0.0,0,False,False
sif_guard_seed__OIL-01198,SIF-Guard project (internal),sif_guard_seed,N/A (internal project file),OIL-01198,synthetic,True,2026-06-12,Site A - Duliajan,oil_and_gas,UC,Production Operations,LOTO was not applied before a new joinee attempted to remove a valve on the transformer bay; potential for unexpected energy release.,Stored/residual energy,UNKNOWN,UNKNOWN,Isolation certificate,Bypassed,UNKNOWN,UNKNOWN,Yes,UNKNOWN,Energy Isolation,UNKNOWN,UNKNOWN,UNKNOWN,UNKNOWN,2026-09-04T09:23:57Z,1.0.0,0,False,False
sif_guard_seed__OIL-00329,SIF-Guard project (internal),sif_guard_seed,N/A (internal project file),OIL-00329,real_ihm_stefanini,False,2017-02-14,Real-Local_03,oil_and_gas,Incident,Mining,"In the Nv. 3370, CX 212 - South, when the Mechanic loosens a through bolt of the intermediate cardan protector of the Dumper 01, the protector is released and imprisons the first finger of the left hand against the connector of the hydraulic steering cylinder (Position 2) .",Pressed,UNKNOWN,UNKNOWN,Unknown (not recorded in source),Unknown,UNKNOWN,UNKNOWN,Yes,UNKNOWN,Unmapped,UNKNOWN,UNKNOWN,UNKNOWN,UNKNOWN,2026-09-04T09:23:57Z,1.0.0,0,False,False
sif_guard_seed__OIL-00697,SIF-Guard project (internal),sif_guard_seed,N/A (internal project file),OIL-00697,synthetic,True,2025-06-29,Site B - Moran,oil_and_gas,UA,Production Operations,A contract technician reported that the office AC filter needed cleaning. Noted during the daily safety walk.,None identified,UNKNOWN,UNKNOWN,UNKNOWN,UNKNOWN,UNKNOWN,UNKNOWN,No,UNKNOWN,UNKNOWN,UNKNOWN,UNKNOWN,UNKNOWN,UNKNOWN,2026-09-04T09:23:57Z,1.0.0,0,False,False
sif_guard_seed__OIL-01226,SIF-Guard project (internal),sif_guard_seed,N/A (internal project file),OIL-01226,synthetic,True,2026-06-28,Site B - Moran,oil_and_gas,UA,Maintenance,An operator entered a storage tank without prior gas testing being completed. Fortunately no one was in the immediate vicinity at the time.,Engulfment,UNKNOWN,UNKNOWN,Confined space entry permit,Bypassed,UNKNOWN,UNKNOWN,Yes,UNKNOWN,Confined Space,UNKNOWN,UNKNOWN,UNKNOWN,UNKNOWN,2026-09-04T09:23:57Z,1.0.0,0,False,False
sif_guard_seed__OIL-01322,SIF-Guard project (internal),sif_guard_seed,N/A (internal project file),OIL-01322,synthetic,True,2026-08-31,Site E - Barekuri Pipeline,oil_and_gas,UA,Production Operations,A minor paint peel was noticed on the safety information board near the compressor unit.,None identified,UNKNOWN,UNKNOWN,UNKNOWN,UNKNOWN,UNKNOWN,UNKNOWN,No,UNKNOWN,UNKNOWN,UNKNOWN,UNKNOWN,UNKNOWN,UNKNOWN,2026-09-04T09:23:57Z,1.0.0,0,False,False
sif_guard_seed__OIL-01259,SIF-Guard project (internal),sif_guard_seed,N/A (internal project file),OIL-01259,synthetic,True,2026-07-21,Site C - Kumchai,oil_and_gas,UA,Production Operations,Signboard directing to the emergency assembly point was slightly bent; straightened by a rigger. No further action required.,None identified,UNKNOWN,UNKNOWN,UNKNOWN,UNKNOWN,UNKNOWN,UNKNOWN,No,UNKNOWN,UNKNOWN,UNKNOWN,UNKNOWN,UNKNOWN,UNKNOWN,2026-09-04T09:23:57Z,1.0.0,0,False,False
sif_guard_seed__OIL-01179,SIF-Guard project (internal),sif_guard_seed,N/A (internal project file),OIL-01179,synthetic,True,2026-05-29,Site D - Jorajan,oil_and_gas,Near Miss,Maintenance,Welding was being performed by a rigger near flammable material without a fire watch posted. Corrective action was raised on the spot.,Ignition of flammable material,UNKNOWN,UNKNOWN,Fire extinguishing equipment on site,Failed,UNKNOWN,UNKNOWN,Yes,UNKNOWN,Hot Work,UNKNOWN,UNKNOWN,UNKNOWN,UNKNOWN,2026-09-04T09:23:57Z,1.0.0,0,False,False
sif_guard_seed__OIL-01234,SIF-Guard project (internal),sif_guard_seed,N/A (internal project file),OIL-01234,synthetic,True,2026-07-02,Site A - Duliajan,oil_and_gas,UC,Transportation,Journey management plan was not filed before a third-party worker undertook a long-distance site transfer.,Pedestrian strike,UNKNOWN,UNKNOWN,Fatigue management,Failed,UNKNOWN,UNKNOWN,Yes,UNKNOWN,Driving,UNKNOWN,UNKNOWN,UNKNOWN,UNKNOWN,2026-09-04T09:23:57Z,1.0.0,0,False,False
sif_guard_seed__OIL-00227,SIF-Guard project (internal),sif_guard_seed,N/A (internal project file),OIL-00227,real_ihm_stefanini,False,2016-09-30,Real-Local_04,oil_and_gas,Incident,Mining,"Being at 11:00 a.m. approximately the mechanic was removing the last bolt of the 6 ""nipple in the pump 4115 (lime feeder), reactive area, the mechanic is positioned slightly flexing the legs and performs upward force with both hands, in that moment feels a pain and a spume in the right thigh. The mechanic is evacuated with the help of his colleagues to the medical post.",Others,UNKNOWN,UNKNOWN,Unknown (not recorded in source),Unknown,UNKNOWN,UNKNOWN,No,UNKNOWN,Unmapped,UNKNOWN,UNKNOWN,UNKNOWN,UNKNOWN,2026-09-04T09:23:57Z,1.0.0,0,False,False
sif_guard_seed__OIL-00021,SIF-Guard project (internal),sif_guard_seed,N/A (internal project file),OIL-00021,real_ihm_stefanini,False,2016-02-25,Real-Local_06,oil_and_gas,Incident,Metals,"At 14:16, the operator Samuel was about to open the container for its subsequent loading with silver concentrate, and opened the first gate. Afterwards, he tries to open the second door and it is when product of the opening of the latter, the first one opens and impacts with the handle the safety lens and generates the injury in the left cheekbone of the face of the operator.",Others,UNKNOWN,UNKNOWN,Unknown (not recorded in source),Unknown,UNKNOWN,UNKNOWN,No,UNKNOWN,Unmapped,UNKNOWN,UNKNOWN,UNKNOWN,UNKNOWN,2026-09-04T09:23:57Z,1.0.0,0,False,False
sif_guard_seed__OIL-00905,SIF-Guard project (internal),sif_guard_seed,N/A (internal project file),OIL-00905,synthetic,True,2025-11-22,Site B - Moran,oil_and_gas,Near Miss,Vehicle Movement,Vehicle inspection checklist had a minor missing signature; corrected before dispatch. Corrected on the spot.,None identified,UNKNOWN,UNKNOWN,Seatbelt use,Adequate / Minor Gap,UNKNOWN,UNKNOWN,No,UNKNOWN,Driving,UNKNOWN,UNKNOWN,UNKNOWN,UNKNOWN,2026-09-04T09:23:57Z,1.0.0,15508,False,False
sif_guard_seed__OIL-01303,SIF-Guard project (internal),sif_guard_seed,N/A (internal project file),OIL-01303,synthetic,True,2026-08-22,Site C - Kumchai,oil_and_gas,UA,Vehicle Movement,Vehicle inspection checklist had a minor missing signature; corrected before dispatch. Corrected on the spot.,None identified,UNKNOWN,UNKNOWN,Seatbelt use,Adequate / Minor Gap,UNKNOWN,UNKNOWN,No,UNKNOWN,Driving,UNKNOWN,UNKNOWN,UNKNOWN,UNKNOWN,2026-09-04T09:23:57Z,1.0.0,15508,False,False
sif_guard_seed__OIL-00474,SIF-Guard project (internal),sif_guard_seed,N/A (internal project file),OIL-00474,synthetic,True,2025-02-03,Site B - Moran,oil_and_gas,UC,Lifting Operations,Lift plan paperwork was completed but filed a day late; no impact on the lift itself.,None identified,UNKNOWN,UNKNOWN,Rigging inspection,Adequate / Minor Gap,UNKNOWN,UNKNOWN,No,UNKNOWN,Safe Mechanical Lifting,UNKNOWN,UNKNOWN,UNKNOWN,UNKNOWN,2026-09-04T09:23:57Z,1.0.0,15446,False,False
sif_guard_seed__OIL-00677,SIF-Guard project (internal),sif_guard_seed,N/A (internal project file),OIL-00677,synthetic,True,2025-06-20,Site D - Jorajan,oil_and_gas,Near Miss,Drilling Operations,Lift plan paperwork was completed but filed a day late; no impact on the lift itself.,None identified,UNKNOWN,UNKNOWN,Load chart compliance,Adequate / Minor Gap,UNKNOWN,UNKNOWN,No,UNKNOWN,Safe Mechanical Lifting,UNKNOWN,UNKNOWN,UNKNOWN,UNKNOWN,2026-09-04T09:23:57Z,1.0.0,15446,False,False
sif_guard_seed__OIL-00720,SIF-Guard project (internal),sif_guard_seed,N/A (internal project file),OIL-00720,synthetic,True,2025-07-17,Site B - Moran,oil_and_gas,UC,Drilling Operations,Lift plan paperwork was completed but filed a day late; no impact on the lift itself.,None identified,UNKNOWN,UNKNOWN,Rigging inspection,Adequate / Minor Gap,UNKNOWN,UNKNOWN,No,UNKNOWN,Safe Mechanical Lifting,UNKNOWN,UNKNOWN,UNKNOWN,UNKNOWN,2026-09-04T09:23:57Z,1.0.0,15446,False,False
sif_guard_seed__OIL-00736,SIF-Guard project (internal),sif_guard_seed,N/A (internal project file),OIL-00736,synthetic,True,2025-07-24,Site B - Moran,oil_and_gas,Near Miss,Drilling Operations,Lift plan paperwork was completed but filed a day late; no impact on the lift itself.,None identified,UNKNOWN,UNKNOWN,Lift plan,Adequate / Minor Gap,UNKNOWN,UNKNOWN,No,UNKNOWN,Safe Mechanical Lifting,UNKNOWN,UNKNOWN,UNKNOWN,UNKNOWN,2026-09-04T09:23:57Z,1.0.0,15446,False,False
sif_guard_seed__OIL-00749,SIF-Guard project (internal),sif_guard_seed,N/A (internal project file),OIL-00749,synthetic,True,2025-08-02,Site E - Barekuri Pipeline,oil_and_gas,UC,Lifting Operations,Lift plan paperwork was completed but filed a day late; no impact on the lift itself.,None identified,UNKNOWN,UNKNOWN,Load chart compliance,Adequate / Minor Gap,UNKNOWN,UNKNOWN,No,UNKNOWN,Safe Mechanical Lifting,UNKNOWN,UNKNOWN,UNKNOWN,UNKNOWN,2026-09-04T09:23:57Z,1.0.0,15446,False,False
sif_guard_seed__OIL-01036,SIF-Guard project (internal),sif_guard_seed,N/A (internal project file),OIL-01036,synthetic,True,2026-02-27,Site D - Jorajan,oil_and_gas,Near Miss,Lifting Operations,Lift plan paperwork was completed but filed a day late; no impact on the lift itself.,None identified,UNKNOWN,UNKNOWN,Rigging inspection,Adequate / Minor Gap,UNKNOWN,UNKNOWN,No,UNKNOWN,Safe Mechanical Lifting,UNKNOWN,UNKNOWN,UNKNOWN,UNKNOWN,2026-09-04T09:23:57Z,1.0.0,15446,False,False
sif_guard_seed__OIL-01101,SIF-Guard project (internal),sif_guard_seed,N/A (internal project file),OIL-01101,synthetic,True,2026-04-07,Site E - Barekuri Pipeline,oil_and_gas,UC,Drilling Operations,Lift plan paperwork was completed but filed a day late; no impact on the lift itself.,None identified,UNKNOWN,UNKNOWN,Rigging inspection,Adequate / Minor Gap,UNKNOWN,UNKNOWN,No,UNKNOWN,Safe Mechanical Lifting,UNKNOWN,UNKNOWN,UNKNOWN,UNKNOWN,2026-09-04T09:23:57Z,1.0.0,15446,False,False
sif_guard_seed__OIL-01103,SIF-Guard project (internal),sif_guard_seed,N/A (internal project file),OIL-01103,synthetic,True,2026-04-08,Site C - Kumchai,oil_and_gas,Near Miss,Lifting Operations,Lift plan paperwork was completed but filed a day late; no impact on the lift itself.,None identified,UNKNOWN,UNKNOWN,Load chart compliance,Adequate / Minor Gap,UNKNOWN,UNKNOWN,No,UNKNOWN,Safe Mechanical Lifting,UNKNOWN,UNKNOWN,UNKNOWN,UNKNOWN,2026-09-04T09:23:57Z,1.0.0,15446,False,False
sif_guard_seed__OIL-01140,SIF-Guard project (internal),sif_guard_seed,N/A (internal project file),OIL-01140,synthetic,True,2026-04-27,Site D - Jorajan,oil_and_gas,UA,Drilling Operations,Lift plan paperwork was completed but filed a day late; no impact on the lift itself.,None identified,UNKNOWN,UNKNOWN,Load chart compliance,Adequate / Minor Gap,UNKNOWN,UNKNOWN,No,UNKNOWN,Safe Mechanical Lifting,UNKNOWN,UNKNOWN,UNKNOWN,UNKNOWN,2026-09-04T09:23:57Z,1.0.0,15446,False,False
sif_guard_seed__OIL-00853,SIF-Guard project (internal),sif_guard_seed,N/A (internal project file),OIL-00853,synthetic,True,2025-10-12,Site E - Barekuri Pipeline,oil_and_gas,UC,Working at Height,A third-party worker noted a minor gap in toe-board on a low-height platform; corrected same day.,None identified,UNKNOWN,UNKNOWN,Fall protection/harness,Adequate / Minor Gap,UNKNOWN,UNKNOWN,No,UNKNOWN,Working at Height,UNKNOWN,UNKNOWN,UNKNOWN,UNKNOWN,2026-09-04T09:23:57Z,1.0.0,0,False,False
sif_guard_seed__OIL-00744,SIF-Guard project (internal),sif_guard_seed,N/A (internal project file),OIL-00744,synthetic,True,2025-07-30,Site A - Duliajan,oil_and_gas,UA,Maintenance,A new joinee observed a torn notice board sheet near the muster point; replaced during rounds. Addressed before the shift ended.,None identified,UNKNOWN,UNKNOWN,UNKNOWN,UNKNOWN,UNKNOWN,UNKNOWN,No,UNKNOWN,UNKNOWN,UNKNOWN,UNKNOWN,UNKNOWN,UNKNOWN,2026-09-04T09:23:57Z,1.0.0,0,False,False
sif_guard_seed__OIL-01075,SIF-Guard project (internal),sif_guard_seed,N/A (internal project file),OIL-01075,synthetic,True,2026-03-23,Site A - Duliajan,oil_and_gas,UA,Production Operations,A rigger observed faded exclusion-zone markings near the wellhead valve assembly; reported for repainting.,None identified,UNKNOWN,UNKNOWN,Signage,Adequate / Minor Gap,UNKNOWN,UNKNOWN,No,UNKNOWN,Line of Fire,UNKNOWN,UNKNOWN,UNKNOWN,UNKNOWN,2026-09-04T09:23:57Z,1.0.0,0,False,False
sif_guard_seed__OIL-00621,SIF-Guard project (internal),sif_guard_seed,N/A (internal project file),OIL-00621,synthetic,True,2025-05-16,Site D - Jorajan,oil_and_gas,UC,Electrical Work,"A third-party worker began repair work on the electrical panel without confirming zero-energy state, panel was later found live. The activity was halted and the area was made safe.",Stored/residual energy,UNKNOWN,UNKNOWN,Lockout/Tagout (LOTO),Failed,UNKNOWN,UNKNOWN,Yes,UNKNOWN,Energy Isolation,UNKNOWN,UNKNOWN,UNKNOWN,UNKNOWN,2026-09-04T09:23:57Z,1.0.0,0,False,False
sif_guard_seed__OIL-00627,SIF-Guard project (internal),sif_guard_seed,N/A (internal project file),OIL-00627,synthetic,True,2025-05-22,Site B - Moran,oil_and_gas,UA,Electrical Work,Isolation point signage near the pump P-204 was partially obscured by dust; cleaned during routine round.,None identified,UNKNOWN,UNKNOWN,Isolation certificate,Adequate / Minor Gap,UNKNOWN,UNKNOWN,No,UNKNOWN,Energy Isolation,UNKNOWN,UNKNOWN,UNKNOWN,UNKNOWN,2026-09-04T09:23:57Z,1.0.0,0,False,False
sif_guard_seed__OIL-00122,SIF-Guard project (internal),sif_guard_seed,N/A (internal project file),OIL-00122,real_ihm_stefanini,False,2016-05-18,Real-Local_05,oil_and_gas,Incident,Metals,"The employee was performing carbon steel pipe marking activity when his helmet was struck by a tube, causing a scalp wound due to the impact of the helmet's sheepskin.",Others,UNKNOWN,UNKNOWN,Unknown (not recorded in source),Unknown,UNKNOWN,UNKNOWN,No,UNKNOWN,Unmapped,UNKNOWN,UNKNOWN,UNKNOWN,UNKNOWN,2026-09-04T09:23:57Z,1.0.0,0,False,False
sif_guard_seed__OIL-00975,SIF-Guard project (internal),sif_guard_seed,N/A (internal project file),OIL-00975,synthetic,True,2026-01-13,Site D - Jorajan,oil_and_gas,UA,Production Operations,A maintenance crew member observed a torn notice board sheet near the muster point; replaced during rounds. Noted during the daily safety walk.,None identified,UNKNOWN,UNKNOWN,UNKNOWN,UNKNOWN,UNKNOWN,UNKNOWN,No,UNKNOWN,UNKNOWN,UNKNOWN,UNKNOWN,UNKNOWN,UNKNOWN,2026-09-04T09:23:57Z,1.0.0,0,False,False
sif_guard_seed__OIL-01306,SIF-Guard project (internal),sif_guard_seed,N/A (internal project file),OIL-01306,synthetic,True,2026-08-24,Site E - Barekuri Pipeline,oil_and_gas,UC,Maintenance,Signboard directing to the emergency assembly point was slightly bent; straightened by a contract technician.,None identified,UNKNOWN,UNKNOWN,UNKNOWN,UNKNOWN,UNKNOWN,UNKNOWN,No,UNKNOWN,UNKNOWN,UNKNOWN,UNKNOWN,UNKNOWN,UNKNOWN,2026-09-04T09:23:57Z,1.0.0,0,False,False
sif_guard_seed__OIL-01265,SIF-Guard project (internal),sif_guard_seed,N/A (internal project file),OIL-01265,synthetic,True,2026-07-24,Site D - Jorajan,oil_and_gas,Near Miss,Housekeeping,Minor housekeeping issue observed near office area; walkway was cluttered with empty boxes. Noted during the daily safety walk.,None identified,UNKNOWN,UNKNOWN,UNKNOWN,UNKNOWN,UNKNOWN,UNKNOWN,No,UNKNOWN,UNKNOWN,UNKNOWN,UNKNOWN,UNKNOWN,UNKNOWN,2026-09-04T09:23:57Z,1.0.0,0,False,False
sif_guard_seed__OIL-01041,SIF-Guard project (internal),sif_guard_seed,N/A (internal project file),OIL-01041,synthetic,True,2026-03-01,Site A - Duliajan,oil_and_gas,UC,Excavation,An operator was working within the swing radius of the excavator without barricading in place. Work was stopped immediately once observed.,Pressure release,UNKNOWN,UNKNOWN,Signage,Bypassed,UNKNOWN,UNKNOWN,Yes,UNKNOWN,Line of Fire,UNKNOWN,UNKNOWN,UNKNOWN,UNKNOWN,2026-09-04T09:23:57Z,1.0.0,0,False,False
sif_guard_seed__OIL-00323,SIF-Guard project (internal),sif_guard_seed,N/A (internal project file),OIL-00323,real_ihm_stefanini,False,2017-02-08,Real-Local_06,oil_and_gas,Incident,Metals,"When averaging 04:30 am, the operator Daniel removed cleaning accessories under the mobile channel of line 01, for which he supported his left hand on the rail that was in motion. At that moment the crushing of the 2nd finger of the left hand occurs; the injury occurs. The collaborator is referred to the Medical for care.",Machine Protection,UNKNOWN,UNKNOWN,Unknown (not recorded in source),Unknown,UNKNOWN,UNKNOWN,No,UNKNOWN,Bypassing Safety Controls,UNKNOWN,UNKNOWN,UNKNOWN,UNKNOWN,2026-09-04T09:23:57Z,1.0.0,0,False,False
sif_guard_seed__OIL-00219,SIF-Guard project (internal),sif_guard_seed,N/A (internal project file),OIL-00219,real_ihm_stefanini,False,2016-09-20,Real-Local_05,oil_and_gas,Incident,Metals,"The employee was performing maintenance of the blower, when the residual water projection occurred on his face. In an attempt to remove PPE, the injured person has had contact with contaminated gloves with the right eye causing irritation.",Blocking and isolation of energies,UNKNOWN,UNKNOWN,Unknown (not recorded in source),Unknown,UNKNOWN,UNKNOWN,No,UNKNOWN,Energy Isolation,UNKNOWN,UNKNOWN,UNKNOWN,UNKNOWN,2026-09-04T09:23:57Z,1.0.0,0,False,False
sif_guard_seed__OIL-00085,SIF-Guard project (internal),sif_guard_seed,N/A (internal project file),OIL-00085,real_ihm_stefanini,False,2016-04-05,Real-Local_05,oil_and_gas,Incident,Metals,Employee reports that when handling the air conditioning pressed the 2nd right chirodactilo causing a contusion.,Pressed,UNKNOWN,UNKNOWN,Unknown (not recorded in source),Unknown,UNKNOWN,UNKNOWN,No,UNKNOWN,Unmapped,UNKNOWN,UNKNOWN,UNKNOWN,UNKNOWN,2026-09-04T09:23:57Z,1.0.0,0,False,False
sif_guard_seed__OIL-00183,SIF-Guard project (internal),sif_guard_seed,N/A (internal project file),OIL-00183,real_ihm_stefanini,False,2016-08-02,Real-Local_02,oil_and_gas,Incident,Mining,"When opened the access ladder of the people carrying Truck the employee had his right hand pressed into the support bracket of the same, suffering a superficial injury.",Others,UNKNOWN,UNKNOWN,Unknown (not recorded in source),Unknown,UNKNOWN,UNKNOWN,No,UNKNOWN,Unmapped,UNKNOWN,UNKNOWN,UNKNOWN,UNKNOWN,2026-09-04T09:23:57Z,1.0.0,0,False,False
sif_guard_seed__OIL-00794,SIF-Guard project (internal),sif_guard_seed,N/A (internal project file),OIL-00794,synthetic,True,2025-09-06,Site E - Barekuri Pipeline,oil_and_gas,UC,Electrical Work,"During pipeline maintenance, the line was not completely isolated before valve removal by an operator.",Electrical shock,UNKNOWN,UNKNOWN,Zero-energy check,Missing,UNKNOWN,UNKNOWN,Yes,UNKNOWN,Energy Isolation,UNKNOWN,UNKNOWN,UNKNOWN,UNKNOWN,2026-09-04T09:23:57Z,1.0.0,0,False,False
sif_guard_seed__OIL-00822,SIF-Guard project (internal),sif_guard_seed,N/A (internal project file),OIL-00822,synthetic,True,2025-09-23,Site C - Kumchai,oil_and_gas,Near Miss,Drilling Operations,Rigging equipment tag was due for renewal within the week; flagged for scheduling. Noted during the daily safety walk.,None identified,UNKNOWN,UNKNOWN,Lift plan,Adequate / Minor Gap,UNKNOWN,UNKNOWN,No,UNKNOWN,Safe Mechanical Lifting,UNKNOWN,UNKNOWN,UNKNOWN,UNKNOWN,2026-09-04T09:23:57Z,1.0.0,15482,False,False
sif_guard_seed__OIL-00904,SIF-Guard project (internal),sif_guard_seed,N/A (internal project file),OIL-00904,synthetic,True,2025-11-21,Site E - Barekuri Pipeline,oil_and_gas,UA,Drilling Operations,Rigging equipment tag was due for renewal within the week; flagged for scheduling. Noted during the daily safety walk.,None identified,UNKNOWN,UNKNOWN,Competent rigger/banksman,Adequate / Minor Gap,UNKNOWN,UNKNOWN,No,UNKNOWN,Safe Mechanical Lifting,UNKNOWN,UNKNOWN,UNKNOWN,UNKNOWN,2026-09-04T09:23:57Z,1.0.0,15482,False,False
sif_guard_seed__OIL-00922,SIF-Guard project (internal),sif_guard_seed,N/A (internal project file),OIL-00922,synthetic,True,2025-12-05,Site B - Moran,oil_and_gas,Near Miss,Lifting Operations,Rigging equipment tag was due for renewal within the week; flagged for scheduling. Noted during the daily safety walk.,None identified,UNKNOWN,UNKNOWN,Lift plan,Adequate / Minor Gap,UNKNOWN,UNKNOWN,No,UNKNOWN,Safe Mechanical Lifting,UNKNOWN,UNKNOWN,UNKNOWN,UNKNOWN,2026-09-04T09:23:57Z,1.0.0,15482,False,False
sif_guard_seed__OIL-00287,SIF-Guard project (internal),sif_guard_seed,N/A (internal project file),OIL-00287,real_ihm_stefanini,False,2017-01-05,Real-Local_01,oil_and_gas,Incident,Mining,"In the volvo workshop at the time of cutting steel plate (thickness 1 in), for the installation of the MT-32 scoop lip, with Oxicorte equipment, the injured feels a discomfort in both eyes. At the time of the accident the collaborator made use of his full Epp, but the soldering iron lens did not make full adjustment for the presence of the respirator.",Projection,UNKNOWN,UNKNOWN,Unknown (not recorded in source),Unknown,UNKNOWN,UNKNOWN,Yes,UNKNOWN,Line of Fire,UNKNOWN,UNKNOWN,UNKNOWN,UNKNOWN,2026-09-04T09:23:57Z,1.0.0,0,False,False
sif_guard_seed__OIL-01150,SIF-Guard project (internal),sif_guard_seed,N/A (internal project file),OIL-01150,synthetic,True,2026-05-03,Site C - Kumchai,oil_and_gas,UA,Production Operations,A pipe section slipped from rigging and struck the barricade near where a rigger was standing.,Suspended load,UNKNOWN,UNKNOWN,Barricading/exclusion zone,Missing,UNKNOWN,UNKNOWN,Yes,UNKNOWN,Line of Fire,UNKNOWN,UNKNOWN,UNKNOWN,UNKNOWN,2026-09-04T09:23:57Z,1.0.0,0,False,False
sif_guard_seed__OIL-01222,SIF-Guard project (internal),sif_guard_seed,N/A (internal project file),OIL-01222,synthetic,True,2026-06-24,Site B - Moran,oil_and_gas,UA,Transportation,A new joinee was found using a mobile phone while driving a light vehicle on-site. This was flagged as a high-priority observation.,Pedestrian strike,UNKNOWN,UNKNOWN,Fatigue management,Bypassed,UNKNOWN,UNKNOWN,Yes,UNKNOWN,Driving,UNKNOWN,UNKNOWN,UNKNOWN,UNKNOWN,2026-09-04T09:23:57Z,1.0.0,0,False,False
sif_guard_seed__OIL-00649,SIF-Guard project (internal),sif_guard_seed,N/A (internal project file),OIL-00649,synthetic,True,2025-06-03,Site E - Barekuri Pipeline,oil_and_gas,UA,Drilling Operations,Rigging equipment tag was due for renewal within the week; flagged for scheduling. Addressed before the shift ended.,None identified,UNKNOWN,UNKNOWN,Rigging inspection,Adequate / Minor Gap,UNKNOWN,UNKNOWN,No,UNKNOWN,Safe Mechanical Lifting,UNKNOWN,UNKNOWN,UNKNOWN,UNKNOWN,2026-09-04T09:23:57Z,1.0.0,15479,False,False
sif_guard_seed__OIL-01003,SIF-Guard project (internal),sif_guard_seed,N/A (internal project file),OIL-01003,synthetic,True,2026-02-03,Site B - Moran,oil_and_gas,Incident,Lifting Operations,Rigging equipment tag was due for renewal within the week; flagged for scheduling. Addressed before the shift ended.,None identified,UNKNOWN,UNKNOWN,Competent rigger/banksman,Adequate / Minor Gap,UNKNOWN,UNKNOWN,No,UNKNOWN,Safe Mechanical Lifting,UNKNOWN,UNKNOWN,UNKNOWN,UNKNOWN,2026-09-04T09:23:57Z,1.0.0,15479,False,False
sif_guard_seed__OIL-00956,SIF-Guard project (internal),sif_guard_seed,N/A (internal project file),OIL-00956,synthetic,True,2025-12-30,Site C - Kumchai,oil_and_gas,Near Miss,Working at Height,A shift technician noted a minor gap in toe-board on a low-height platform; corrected same day.,None identified,UNKNOWN,UNKNOWN,Guardrails,Adequate / Minor Gap,UNKNOWN,UNKNOWN,No,UNKNOWN,Working at Height,UNKNOWN,UNKNOWN,UNKNOWN,UNKNOWN,2026-09-04T09:23:57Z,1.0.0,0,False,False
sif_guard_seed__OIL-00689,SIF-Guard project (internal),sif_guard_seed,N/A (internal project file),OIL-00689,synthetic,True,2025-06-25,Site C - Kumchai,oil_and_gas,Near Miss,Housekeeping,An operator was found not wearing safety glasses while filing paperwork in the site office. Noted during the daily safety walk.,None identified,UNKNOWN,UNKNOWN,UNKNOWN,UNKNOWN,UNKNOWN,UNKNOWN,No,UNKNOWN,UNKNOWN,UNKNOWN,UNKNOWN,UNKNOWN,UNKNOWN,2026-09-04T09:23:57Z,1.0.0,0,False,False
sif_guard_seed__OIL-00957,SIF-Guard project (internal),sif_guard_seed,N/A (internal project file),OIL-00957,synthetic,True,2025-12-31,Site D - Jorajan,oil_and_gas,UC,Production Operations,A minor paint peel was noticed on the safety information board near the hydraulic line. Addressed before the shift ended.,None identified,UNKNOWN,UNKNOWN,UNKNOWN,UNKNOWN,UNKNOWN,UNKNOWN,No,UNKNOWN,UNKNOWN,UNKNOWN,UNKNOWN,UNKNOWN,UNKNOWN,2026-09-04T09:23:57Z,1.0.0,0,False,False
sif_guard_seed__OIL-00486,SIF-Guard project (internal),sif_guard_seed,N/A (internal project file),OIL-00486,synthetic,True,2025-02-14,Site A - Duliajan,oil_and_gas,UA,Housekeeping,Minor housekeeping issue observed near office area; walkway was cluttered with empty boxes.,None identified,UNKNOWN,UNKNOWN,UNKNOWN,UNKNOWN,UNKNOWN,UNKNOWN,No,UNKNOWN,UNKNOWN,UNKNOWN,UNKNOWN,UNKNOWN,UNKNOWN,2026-09-04T09:23:57Z,1.0.0,15456,False,False
sif_guard_seed__OIL-00554,SIF-Guard project (internal),sif_guard_seed,N/A (internal project file),OIL-00554,synthetic,True,2025-04-09,Site E - Barekuri Pipeline,oil_and_gas,Near Miss,Maintenance,Minor housekeeping issue observed near office area; walkway was cluttered with empty boxes.,None identified,UNKNOWN,UNKNOWN,UNKNOWN,UNKNOWN,UNKNOWN,UNKNOWN,No,UNKNOWN,UNKNOWN,UNKNOWN,UNKNOWN,UNKNOWN,UNKNOWN,2026-09-04T09:23:57Z,1.0.0,15456,False,False
sif_guard_seed__OIL-00742,SIF-Guard project (internal),sif_guard_seed,N/A (internal project file),OIL-00742,synthetic,True,2025-07-29,Site B - Moran,oil_and_gas,UA,Housekeeping,Minor housekeeping issue observed near office area; walkway was cluttered with empty boxes.,None identified,UNKNOWN,UNKNOWN,UNKNOWN,UNKNOWN,UNKNOWN,UNKNOWN,No,UNKNOWN,UNKNOWN,UNKNOWN,UNKNOWN,UNKNOWN,UNKNOWN,2026-09-04T09:23:57Z,1.0.0,15456,False,False
sif_guard_seed__OIL-00830,SIF-Guard project (internal),sif_guard_seed,N/A (internal project file),OIL-00830,synthetic,True,2025-09-28,Site E - Barekuri Pipeline,oil_and_gas,UC,Production Operations,Minor housekeeping issue observed near office area; walkway was cluttered with empty boxes.,None identified,UNKNOWN,UNKNOWN,UNKNOWN,UNKNOWN,UNKNOWN,UNKNOWN,No,UNKNOWN,UNKNOWN,UNKNOWN,UNKNOWN,UNKNOWN,UNKNOWN,2026-09-04T09:23:57Z,1.0.0,15456,False,False
sif_guard_seed__OIL-00937,SIF-Guard project (internal),sif_guard_seed,N/A (internal project file),OIL-00937,synthetic,True,2025-12-15,Site B - Moran,oil_and_gas,Near Miss,Maintenance,Minor housekeeping issue observed near office area; walkway was cluttered with empty boxes.,None identified,UNKNOWN,UNKNOWN,UNKNOWN,UNKNOWN,UNKNOWN,UNKNOWN,No,UNKNOWN,UNKNOWN,UNKNOWN,UNKNOWN,UNKNOWN,UNKNOWN,2026-09-04T09:23:57Z,1.0.0,15456,False,False
sif_guard_seed__OIL-01146,SIF-Guard project (internal),sif_guard_seed,N/A (internal project file),OIL-01146,synthetic,True,2026-05-01,Site B - Moran,oil_and_gas,UA,Housekeeping,Minor housekeeping issue observed near office area; walkway was cluttered with empty boxes.,None identified,UNKNOWN,UNKNOWN,UNKNOWN,UNKNOWN,UNKNOWN,UNKNOWN,No,UNKNOWN,UNKNOWN,UNKNOWN,UNKNOWN,UNKNOWN,UNKNOWN,2026-09-04T09:23:57Z,1.0.0,15456,False,False
sif_guard_seed__OIL-00873,SIF-Guard project (internal),sif_guard_seed,N/A (internal project file),OIL-00873,synthetic,True,2025-11-01,Site D - Jorajan,oil_and_gas,UA,Housekeeping,A maintenance crew member found the water cooler in the rest area was not working; complaint logged.,None identified,UNKNOWN,UNKNOWN,UNKNOWN,UNKNOWN,UNKNOWN,UNKNOWN,No,UNKNOWN,UNKNOWN,UNKNOWN,UNKNOWN,UNKNOWN,UNKNOWN,2026-09-04T09:23:57Z,1.0.0,0,False,False
sif_guard_seed__OIL-01288,SIF-Guard project (internal),sif_guard_seed,N/A (internal project file),OIL-01288,synthetic,True,2026-08-09,Site B - Moran,oil_and_gas,UC,Maintenance,A third-party worker carried out grinding work without a valid hot work permit near the transformer bay. Corrective action was raised on the spot.,Fire,UNKNOWN,UNKNOWN,Fire extinguishing equipment on site,Failed,UNKNOWN,UNKNOWN,Yes,UNKNOWN,Hot Work,UNKNOWN,UNKNOWN,UNKNOWN,UNKNOWN,2026-09-04T09:23:57Z,1.0.0,0,False,False
sif_guard_seed__OIL-00469,SIF-Guard project (internal),sif_guard_seed,N/A (internal project file),OIL-00469,synthetic,True,2025-01-30,Site B - Moran,oil_and_gas,UC,Excavation,Minor housekeeping issue: warning cones slightly misplaced near a low-traffic walkway. Noted during the daily safety walk.,None identified,UNKNOWN,UNKNOWN,Barricading/exclusion zone,Adequate / Minor Gap,UNKNOWN,UNKNOWN,No,UNKNOWN,Line of Fire,UNKNOWN,UNKNOWN,UNKNOWN,UNKNOWN,2026-09-04T09:23:57Z,1.0.0,15464,False,False
sif_guard_seed__OIL-00796,SIF-Guard project (internal),sif_guard_seed,N/A (internal project file),OIL-00796,synthetic,True,2025-09-07,Site B - Moran,oil_and_gas,Incident,Production Operations,Minor housekeeping issue: warning cones slightly misplaced near a low-traffic walkway. Noted during the daily safety walk.,None identified,UNKNOWN,UNKNOWN,Positioning awareness,Adequate / Minor Gap,UNKNOWN,UNKNOWN,No,UNKNOWN,Line of Fire,UNKNOWN,UNKNOWN,UNKNOWN,UNKNOWN,2026-09-04T09:23:57Z,1.0.0,15464,False,False
sif_guard_seed__OIL-01052,SIF-Guard project (internal),sif_guard_seed,N/A (internal project file),OIL-01052,synthetic,True,2026-03-07,Site C - Kumchai,oil_and_gas,UC,Production Operations,Minor housekeeping issue: warning cones slightly misplaced near a low-traffic walkway. Noted during the daily safety walk.,None identified,UNKNOWN,UNKNOWN,Suspended load control,Adequate / Minor Gap,UNKNOWN,UNKNOWN,No,UNKNOWN,Line of Fire,UNKNOWN,UNKNOWN,UNKNOWN,UNKNOWN,2026-09-04T09:23:57Z,1.0.0,15464,False,False
sif_guard_seed__OIL-01287,SIF-Guard project (internal),sif_guard_seed,N/A (internal project file),OIL-01287,synthetic,True,2026-08-08,Site D - Jorajan,oil_and_gas,UC,Excavation,Minor housekeeping issue: warning cones slightly misplaced near a low-traffic walkway. Noted during the daily safety walk.,None identified,UNKNOWN,UNKNOWN,Positioning awareness,Adequate / Minor Gap,UNKNOWN,UNKNOWN,No,UNKNOWN,Line of Fire,UNKNOWN,UNKNOWN,UNKNOWN,UNKNOWN,2026-09-04T09:23:57Z,1.0.0,15464,False,False
sif_guard_seed__OIL-01314,SIF-Guard project (internal),sif_guard_seed,N/A (internal project file),OIL-01314,synthetic,True,2026-08-28,Site A - Duliajan,oil_and_gas,UA,Housekeeping,Signboard directing to the emergency assembly point was slightly bent; straightened by a new joinee. Corrected on the spot.,None identified,UNKNOWN,UNKNOWN,UNKNOWN,UNKNOWN,UNKNOWN,UNKNOWN,No,UNKNOWN,UNKNOWN,UNKNOWN,UNKNOWN,UNKNOWN,UNKNOWN,2026-09-04T09:23:57Z,1.0.0,0,False,False
sif_guard_seed__OIL-00488,SIF-Guard project (internal),sif_guard_seed,N/A (internal project file),OIL-00488,synthetic,True,2025-02-15,Site D - Jorajan,oil_and_gas,UA,Working at Height,Scaffold tag was found slightly discolored and hard to read; replaced during routine check. No further action required.,None identified,UNKNOWN,UNKNOWN,Scaffold inspection tag,Adequate / Minor Gap,UNKNOWN,UNKNOWN,No,UNKNOWN,Working at Height,UNKNOWN,UNKNOWN,UNKNOWN,UNKNOWN,2026-09-04T09:23:57Z,1.0.0,15486,False,False
sif_guard_seed__OIL-01072,SIF-Guard project (internal),sif_guard_seed,N/A (internal project file),OIL-01072,synthetic,True,2026-03-20,Site E - Barekuri Pipeline,oil_and_gas,Near Miss,Working at Height,Scaffold tag was found slightly discolored and hard to read; replaced during routine check. No further action required.,None identified,UNKNOWN,UNKNOWN,Fall protection/harness,Adequate / Minor Gap,UNKNOWN,UNKNOWN,No,UNKNOWN,Working at Height,UNKNOWN,UNKNOWN,UNKNOWN,UNKNOWN,2026-09-04T09:23:57Z,1.0.0,15486,False,False
sif_guard_seed__OIL-01178,SIF-Guard project (internal),sif_guard_seed,N/A (internal project file),OIL-01178,synthetic,True,2026-05-28,Site B - Moran,oil_and_gas,Incident,Working at Height,Scaffold tag was found slightly discolored and hard to read; replaced during routine check. No further action required.,None identified,UNKNOWN,UNKNOWN,Fall protection/harness,Adequate / Minor Gap,UNKNOWN,UNKNOWN,No,UNKNOWN,Working at Height,UNKNOWN,UNKNOWN,UNKNOWN,UNKNOWN,2026-09-04T09:23:57Z,1.0.0,15486,False,False
sif_guard_seed__OIL-00299,SIF-Guard project (internal),sif_guard_seed,N/A (internal project file),OIL-00299,real_ihm_stefanini,False,2017-01-17,Real-Local_08,oil_and_gas,Incident,Metals,"Upon approaching the furnace that was in the process of melting the Zn ingot, it was struck by liquid metal projection.",Liquid Metal,UNKNOWN,UNKNOWN,Unknown (not recorded in source),Unknown,UNKNOWN,UNKNOWN,Yes,UNKNOWN,Unmapped,UNKNOWN,UNKNOWN,UNKNOWN,UNKNOWN,2026-09-04T09:23:57Z,1.0.0,0,False,False
sif_guard_seed__OIL-00731,SIF-Guard project (internal),sif_guard_seed,N/A (internal project file),OIL-00731,synthetic,True,2025-07-23,Site D - Jorajan,oil_and_gas,UA,Drilling Operations,Rigging sling was found frayed but an operator continued the lift without inspection.,Crane instability,UNKNOWN,UNKNOWN,Lift plan,Bypassed,UNKNOWN,UNKNOWN,Yes,UNKNOWN,Safe Mechanical Lifting,UNKNOWN,UNKNOWN,UNKNOWN,UNKNOWN,2026-09-04T09:23:57Z,1.0.0,0,False,False
sif_guard_seed__OIL-01078,SIF-Guard project (internal),sif_guard_seed,N/A (internal project file),OIL-01078,synthetic,True,2026-03-23,Site D - Jorajan,oil_and_gas,Near Miss,Production Operations,"A third-party worker began repair work on the pump P-204 without confirming zero-energy state, panel was later found live. No injury occurred.",Stored/residual energy,UNKNOWN,UNKNOWN,Zero-energy check,Bypassed,UNKNOWN,UNKNOWN,Yes,UNKNOWN,Energy Isolation,UNKNOWN,UNKNOWN,UNKNOWN,UNKNOWN,2026-09-04T09:23:57Z,1.0.0,0,False,False
sif_guard_seed__OIL-00644,SIF-Guard project (internal),sif_guard_seed,N/A (internal project file),OIL-00644,synthetic,True,2025-06-01,Site A - Duliajan,oil_and_gas,UA,Maintenance,Isolation certificate was not issued but a new joinee proceeded to open the wellhead valve assembly for inspection. The activity was halted and the area was made safe.,Unexpected energy release,UNKNOWN,UNKNOWN,Isolation certificate,Failed,UNKNOWN,UNKNOWN,Yes,UNKNOWN,Energy Isolation,UNKNOWN,UNKNOWN,UNKNOWN,UNKNOWN,2026-09-04T09:23:57Z,1.0.0,0,False,False
sif_guard_seed__OIL-00807,SIF-Guard project (internal),sif_guard_seed,N/A (internal project file),OIL-00807,synthetic,True,2025-09-14,Site C - Kumchai,oil_and_gas,Near Miss,Maintenance,A field engineer found the water cooler in the rest area was not working; complaint logged.,None identified,UNKNOWN,UNKNOWN,UNKNOWN,UNKNOWN,UNKNOWN,UNKNOWN,No,UNKNOWN,UNKNOWN,UNKNOWN,UNKNOWN,UNKNOWN,UNKNOWN,2026-09-04T09:23:57Z,1.0.0,0,False,False
sif_guard_seed__OIL-01099,SIF-Guard project (internal),sif_guard_seed,N/A (internal project file),OIL-01099,synthetic,True,2026-04-06,Site A - Duliajan,oil_and_gas,UC,Maintenance,A dustbin lid was found broken in the parking area; replacement requested. No further action required.,None identified,UNKNOWN,UNKNOWN,UNKNOWN,UNKNOWN,UNKNOWN,UNKNOWN,No,UNKNOWN,UNKNOWN,UNKNOWN,UNKNOWN,UNKNOWN,UNKNOWN,2026-09-04T09:23:57Z,1.0.0,15349,False,False
sif_guard_seed__OIL-01200,SIF-Guard project (internal),sif_guard_seed,N/A (internal project file),OIL-01200,synthetic,True,2026-06-12,Site D - Jorajan,oil_and_gas,UC,Production Operations,A dustbin lid was found broken in the parking area; replacement requested. No further action required.,None identified,UNKNOWN,UNKNOWN,UNKNOWN,UNKNOWN,UNKNOWN,UNKNOWN,No,UNKNOWN,UNKNOWN,UNKNOWN,UNKNOWN,UNKNOWN,UNKNOWN,2026-09-04T09:23:57Z,1.0.0,15349,False,False
sif_guard_seed__OIL-00431,SIF-Guard project (internal),sif_guard_seed,N/A (internal project file),OIL-00431,synthetic,True,2025-01-03,Site D - Jorajan,oil_and_gas,Near Miss,Production Operations,A rigger noted a squeaky door hinge in the changing room; lubricated same day. Noted during the daily safety walk.,None identified,UNKNOWN,UNKNOWN,UNKNOWN,UNKNOWN,UNKNOWN,UNKNOWN,No,UNKNOWN,UNKNOWN,UNKNOWN,UNKNOWN,UNKNOWN,UNKNOWN,2026-09-04T09:23:57Z,1.0.0,15372,False,False
sif_guard_seed__OIL-01233,SIF-Guard project (internal),sif_guard_seed,N/A (internal project file),OIL-01233,synthetic,True,2026-07-02,Site B - Moran,oil_and_gas,UC,Housekeeping,A rigger noted a squeaky door hinge in the changing room; lubricated same day. Noted during the daily safety walk.,None identified,UNKNOWN,UNKNOWN,UNKNOWN,UNKNOWN,UNKNOWN,UNKNOWN,No,UNKNOWN,UNKNOWN,UNKNOWN,UNKNOWN,UNKNOWN,UNKNOWN,2026-09-04T09:23:57Z,1.0.0,15372,False,False
sif_guard_seed__OIL-00544,SIF-Guard project (internal),sif_guard_seed,N/A (internal project file),OIL-00544,synthetic,True,2025-03-31,Site A - Duliajan,oil_and_gas,UC,Electrical Work,Isolation point signage near the compressor unit was partially obscured by dust; cleaned during routine round. Addressed before the shift ended.,None identified,UNKNOWN,UNKNOWN,Zero-energy check,Adequate / Minor Gap,UNKNOWN,UNKNOWN,No,UNKNOWN,Energy Isolation,UNKNOWN,UNKNOWN,UNKNOWN,UNKNOWN,2026-09-04T09:23:57Z,1.0.0,0,False,False
sif_guard_seed__OIL-00928,SIF-Guard project (internal),sif_guard_seed,N/A (internal project file),OIL-00928,synthetic,True,2025-12-09,Site A - Duliajan,oil_and_gas,UA,Maintenance,Isolation point signage near the hydraulic line was partially obscured by dust; cleaned during routine round. Noted during the daily safety walk.,None identified,UNKNOWN,UNKNOWN,Isolation certificate,Adequate / Minor Gap,UNKNOWN,UNKNOWN,No,UNKNOWN,Energy Isolation,UNKNOWN,UNKNOWN,UNKNOWN,UNKNOWN,2026-09-04T09:23:57Z,1.0.0,0,False,False
sif_guard_seed__OIL-00430,SIF-Guard project (internal),sif_guard_seed,N/A (internal project file),OIL-00430,synthetic,True,2025-01-03,Site E - Barekuri Pipeline,oil_and_gas,UA,Maintenance,"During pipeline maintenance, the line was not completely isolated before valve removal by a rigger. Work was stopped immediately once observed.",Electrical shock,UNKNOWN,UNKNOWN,Isolation verification,Missing,UNKNOWN,UNKNOWN,Yes,UNKNOWN,Energy Isolation,UNKNOWN,UNKNOWN,UNKNOWN,UNKNOWN,2026-09-04T09:23:57Z,1.0.0,15404,False,False
sif_guard_seed__OIL-00856,SIF-Guard project (internal),sif_guard_seed,N/A (internal project file),OIL-00856,synthetic,True,2025-10-13,Site A - Duliajan,oil_and_gas,UC,Production Operations,"During pipeline maintenance, the line was not completely isolated before valve removal by a rigger. Work was stopped immediately once observed.",Electrical shock,UNKNOWN,UNKNOWN,Lockout/Tagout (LOTO),Failed,UNKNOWN,UNKNOWN,Yes,UNKNOWN,Energy Isolation,UNKNOWN,UNKNOWN,UNKNOWN,UNKNOWN,2026-09-04T09:23:57Z,1.0.0,15404,False,False
sif_guard_seed__OIL-00126,SIF-Guard project (internal),sif_guard_seed,N/A (internal project file),OIL-00126,real_ihm_stefanini,False,2016-05-24,Real-Local_10,oil_and_gas,Incident,Others,"During field trip, to return to work after lunch, the employee of the Wellfield company slipped on the loose stones that were in the place. At that moment, with the intention of balancing, he tried hold onto a tree, falling under the right arm causing fracture at the distal end of the radius. The activity was paralyzed and the employee was referred to the Hospital in Paracatu where he underwent medical care.",Fall,UNKNOWN,UNKNOWN,Unknown (not recorded in source),Unknown,UNKNOWN,UNKNOWN,Yes,UNKNOWN,Working at Height,UNKNOWN,UNKNOWN,UNKNOWN,UNKNOWN,2026-09-04T09:23:57Z,1.0.0,0,False,False
sif_guard_seed__OIL-00491,SIF-Guard project (internal),sif_guard_seed,N/A (internal project file),OIL-00491,synthetic,True,2025-02-16,Site C - Kumchai,oil_and_gas,UA,Maintenance,A loose floor tile was noticed by a contract technician in the administrative block corridor.,None identified,UNKNOWN,UNKNOWN,UNKNOWN,UNKNOWN,UNKNOWN,UNKNOWN,No,UNKNOWN,UNKNOWN,UNKNOWN,UNKNOWN,UNKNOWN,UNKNOWN,2026-09-04T09:23:57Z,1.0.0,0,False,False
sif_guard_seed__OIL-00652,SIF-Guard project (internal),sif_guard_seed,N/A (internal project file),OIL-00652,synthetic,True,2025-06-05,Site C - Kumchai,oil_and_gas,Near Miss,Production Operations,Isolation tag on the wellhead valve assembly was found slightly faded and needs replacement; work was not affected. Corrected on the spot.,None identified,UNKNOWN,UNKNOWN,Isolation certificate,Adequate / Minor Gap,UNKNOWN,UNKNOWN,No,UNKNOWN,Energy Isolation,UNKNOWN,UNKNOWN,UNKNOWN,UNKNOWN,2026-09-04T09:23:57Z,1.0.0,0,False,False
sif_guard_seed__OIL-00546,SIF-Guard project (internal),sif_guard_seed,N/A (internal project file),OIL-00546,synthetic,True,2025-04-02,Site E - Barekuri Pipeline,oil_and_gas,UA,Scaffolding,Scaffold tag was found slightly discolored and hard to read; replaced during routine check. Addressed before the shift ended.,None identified,UNKNOWN,UNKNOWN,Anchor point verification,Adequate / Minor Gap,UNKNOWN,UNKNOWN,No,UNKNOWN,Working at Height,UNKNOWN,UNKNOWN,UNKNOWN,UNKNOWN,2026-09-04T09:23:57Z,1.0.0,15484,False,False
sif_guard_seed__OIL-00998,SIF-Guard project (internal),sif_guard_seed,N/A (internal project file),OIL-00998,synthetic,True,2026-01-28,Site C - Kumchai,oil_and_gas,UC,Scaffolding,Scaffold tag was found slightly discolored and hard to read; replaced during routine check. Addressed before the shift ended.,None identified,UNKNOWN,UNKNOWN,Scaffold inspection tag,Adequate / Minor Gap,UNKNOWN,UNKNOWN,No,UNKNOWN,Working at Height,UNKNOWN,UNKNOWN,UNKNOWN,UNKNOWN,2026-09-04T09:23:57Z,1.0.0,15484,False,False
sif_guard_seed__OIL-01300,SIF-Guard project (internal),sif_guard_seed,N/A (internal project file),OIL-01300,synthetic,True,2026-08-19,Site B - Moran,oil_and_gas,UA,Electrical Work,Isolation tag on the pump P-204 was found slightly faded and needs replacement; work was not affected. Logged for routine follow-up.,None identified,UNKNOWN,UNKNOWN,Isolation verification,Adequate / Minor Gap,UNKNOWN,UNKNOWN,No,UNKNOWN,Energy Isolation,UNKNOWN,UNKNOWN,UNKNOWN,UNKNOWN,2026-09-04T09:23:57Z,1.0.0,0,False,False
sif_guard_seed__OIL-00448,SIF-Guard project (internal),sif_guard_seed,N/A (internal project file),OIL-00448,synthetic,True,2025-01-13,Site C - Kumchai,oil_and_gas,UC,Maintenance,A dustbin lid was found broken in the parking area; replacement requested.,None identified,UNKNOWN,UNKNOWN,UNKNOWN,UNKNOWN,UNKNOWN,UNKNOWN,No,UNKNOWN,UNKNOWN,UNKNOWN,UNKNOWN,UNKNOWN,UNKNOWN,2026-09-04T09:23:57Z,1.0.0,15346,False,False
sif_guard_seed__OIL-01183,SIF-Guard project (internal),sif_guard_seed,N/A (internal project file),OIL-01183,synthetic,True,2026-06-03,Site B - Moran,oil_and_gas,UA,Maintenance,A dustbin lid was found broken in the parking area; replacement requested.,None identified,UNKNOWN,UNKNOWN,UNKNOWN,UNKNOWN,UNKNOWN,UNKNOWN,No,UNKNOWN,UNKNOWN,UNKNOWN,UNKNOWN,UNKNOWN,UNKNOWN,2026-09-04T09:23:57Z,1.0.0,15346,False,False
sif_guard_seed__OIL-00106,SIF-Guard project (internal),sif_guard_seed,N/A (internal project file),OIL-00106,real_ihm_stefanini,False,2016-04-30,Real-Local_03,oil_and_gas,Incident,Mining,"In the DDH chamber of the company Explomin, located at the level -100 Socorro ramp 334, when the worker - assistant driller-was dismantling the fifth drill rod (NQ - 3 meters of steel with a weight of 24 kg) , using a stilson key (No. 18), at that moment the operator operates the rotation unit, the drill rod rotates by pressing the left hand of the worker against the base of the rod holder, causing an injury to the left hand. At the time of the accident, the drilling assistant used rubber gloves",Others,UNKNOWN,UNKNOWN,Unknown (not recorded in source),Unknown,UNKNOWN,UNKNOWN,Yes,UNKNOWN,Unmapped,UNKNOWN,UNKNOWN,UNKNOWN,UNKNOWN,2026-09-04T09:23:57Z,1.0.0,0,False,False
sif_guard_seed__OIL-00556,SIF-Guard project (internal),sif_guard_seed,N/A (internal project file),OIL-00556,synthetic,True,2025-04-09,Site A - Duliajan,oil_and_gas,UC,Transportation,Minor housekeeping issue: warning cones slightly misplaced near a low-traffic walkway. Corrected on the spot.,None identified,UNKNOWN,UNKNOWN,Signage,Adequate / Minor Gap,UNKNOWN,UNKNOWN,No,UNKNOWN,Line of Fire,UNKNOWN,UNKNOWN,UNKNOWN,UNKNOWN,2026-09-04T09:23:57Z,1.0.0,15463,False,False
sif_guard_seed__OIL-00841,SIF-Guard project (internal),sif_guard_seed,N/A (internal project file),OIL-00841,synthetic,True,2025-10-04,Site E - Barekuri Pipeline,oil_and_gas,UC,Lifting Operations,Minor housekeeping issue: warning cones slightly misplaced near a low-traffic walkway. Corrected on the spot.,None identified,UNKNOWN,UNKNOWN,Signage,Adequate / Minor Gap,UNKNOWN,UNKNOWN,No,UNKNOWN,Line of Fire,UNKNOWN,UNKNOWN,UNKNOWN,UNKNOWN,2026-09-04T09:23:57Z,1.0.0,15463,False,False
sif_guard_seed__OIL-01088,SIF-Guard project (internal),sif_guard_seed,N/A (internal project file),OIL-01088,synthetic,True,2026-03-31,Site A - Duliajan,oil_and_gas,UC,Excavation,Minor housekeeping issue: warning cones slightly misplaced near a low-traffic walkway. Corrected on the spot.,None identified,UNKNOWN,UNKNOWN,Barricading/exclusion zone,Adequate / Minor Gap,UNKNOWN,UNKNOWN,No,UNKNOWN,Line of Fire,UNKNOWN,UNKNOWN,UNKNOWN,UNKNOWN,2026-09-04T09:23:57Z,1.0.0,15463,False,False
sif_guard_seed__OIL-01209,SIF-Guard project (internal),sif_guard_seed,N/A (internal project file),OIL-01209,synthetic,True,2026-06-18,Site E - Barekuri Pipeline,oil_and_gas,Incident,Transportation,Minor housekeeping issue: warning cones slightly misplaced near a low-traffic walkway. Corrected on the spot.,None identified,UNKNOWN,UNKNOWN,Signage,Adequate / Minor Gap,UNKNOWN,UNKNOWN,No,UNKNOWN,Line of Fire,UNKNOWN,UNKNOWN,UNKNOWN,UNKNOWN,2026-09-04T09:23:57Z,1.0.0,15463,False,False
sif_guard_seed__OIL-00438,SIF-Guard project (internal),sif_guard_seed,N/A (internal project file),OIL-00438,synthetic,True,2025-01-06,Site D - Jorajan,oil_and_gas,UC,Production Operations,A third-party worker found the water cooler in the rest area was not working; complaint logged. Corrected on the spot.,None identified,UNKNOWN,UNKNOWN,UNKNOWN,UNKNOWN,UNKNOWN,UNKNOWN,No,UNKNOWN,UNKNOWN,UNKNOWN,UNKNOWN,UNKNOWN,UNKNOWN,2026-09-04T09:23:57Z,1.0.0,0,False,False
sif_guard_seed__OIL-00909,SIF-Guard project (internal),sif_guard_seed,N/A (internal project file),OIL-00909,synthetic,True,2025-11-26,Site E - Barekuri Pipeline,oil_and_gas,UA,Maintenance,A loose floor tile was noticed by a contract technician in the administrative block corridor. Logged for routine follow-up.,None identified,UNKNOWN,UNKNOWN,UNKNOWN,UNKNOWN,UNKNOWN,UNKNOWN,No,UNKNOWN,UNKNOWN,UNKNOWN,UNKNOWN,UNKNOWN,UNKNOWN,2026-09-04T09:23:57Z,1.0.0,15358,False,False
sif_guard_seed__OIL-00971,SIF-Guard project (internal),sif_guard_seed,N/A (internal project file),OIL-00971,synthetic,True,2026-01-11,Site D - Jorajan,oil_and_gas,UC,Production Operations,A loose floor tile was noticed by a contract technician in the administrative block corridor. Logged for routine follow-up.,None identified,UNKNOWN,UNKNOWN,UNKNOWN,UNKNOWN,UNKNOWN,UNKNOWN,No,UNKNOWN,UNKNOWN,UNKNOWN,UNKNOWN,UNKNOWN,UNKNOWN,2026-09-04T09:23:57Z,1.0.0,15358,False,False
sif_guard_seed__OIL-01073,SIF-Guard project (internal),sif_guard_seed,N/A (internal project file),OIL-01073,synthetic,True,2026-03-21,Site A - Duliajan,oil_and_gas,UA,Maintenance,"A new joinee began repair work on the electrical panel without confirming zero-energy state, panel was later found live. Fortunately no one was in the immediate vicinity at the time.",Unexpected energy release,UNKNOWN,UNKNOWN,Isolation verification,Bypassed,UNKNOWN,UNKNOWN,Yes,UNKNOWN,Energy Isolation,UNKNOWN,UNKNOWN,UNKNOWN,UNKNOWN,2026-09-04T09:23:57Z,1.0.0,0,False,False
sif_guard_seed__OIL-00493,SIF-Guard project (internal),sif_guard_seed,N/A (internal project file),OIL-00493,synthetic,True,2025-02-19,Site D - Jorajan,oil_and_gas,Near Miss,Production Operations,Signboard directing to the emergency assembly point was slightly bent; straightened by a contract technician. Addressed before the shift ended.,None identified,UNKNOWN,UNKNOWN,UNKNOWN,UNKNOWN,UNKNOWN,UNKNOWN,No,UNKNOWN,UNKNOWN,UNKNOWN,UNKNOWN,UNKNOWN,UNKNOWN,2026-09-04T09:23:57Z,1.0.0,15488,False,False
sif_guard_seed__OIL-01218,SIF-Guard project (internal),sif_guard_seed,N/A (internal project file),OIL-01218,synthetic,True,2026-06-22,Site D - Jorajan,oil_and_gas,UC,Production Operations,Signboard directing to the emergency assembly point was slightly bent; straightened by a contract technician. Addressed before the shift ended.,None identified,UNKNOWN,UNKNOWN,UNKNOWN,UNKNOWN,UNKNOWN,UNKNOWN,No,UNKNOWN,UNKNOWN,UNKNOWN,UNKNOWN,UNKNOWN,UNKNOWN,2026-09-04T09:23:57Z,1.0.0,15488,False,False
sif_guard_seed__OIL-00619,SIF-Guard project (internal),sif_guard_seed,N/A (internal project file),OIL-00619,synthetic,True,2025-05-15,Site D - Jorajan,oil_and_gas,UA,Production Operations,Signboard directing to the emergency assembly point was slightly bent; straightened by a maintenance crew member. Logged for routine follow-up.,None identified,UNKNOWN,UNKNOWN,UNKNOWN,UNKNOWN,UNKNOWN,UNKNOWN,No,UNKNOWN,UNKNOWN,UNKNOWN,UNKNOWN,UNKNOWN,UNKNOWN,2026-09-04T09:23:57Z,1.0.0,15489,False,False
sif_guard_seed__OIL-00852,SIF-Guard project (internal),sif_guard_seed,N/A (internal project file),OIL-00852,synthetic,True,2025-10-10,Site D - Jorajan,oil_and_gas,UA,Production Operations,Signboard directing to the emergency assembly point was slightly bent; straightened by a maintenance crew member. Logged for routine follow-up.,None identified,UNKNOWN,UNKNOWN,UNKNOWN,UNKNOWN,UNKNOWN,UNKNOWN,No,UNKNOWN,UNKNOWN,UNKNOWN,UNKNOWN,UNKNOWN,UNKNOWN,2026-09-04T09:23:57Z,1.0.0,15489,False,False
sif_guard_seed__OIL-01323,SIF-Guard project (internal),sif_guard_seed,N/A (internal project file),OIL-01323,synthetic,True,2026-08-31,Site C - Kumchai,oil_and_gas,UC,Production Operations,Signboard directing to the emergency assembly point was slightly bent; straightened by a maintenance crew member. Logged for routine follow-up.,None identified,UNKNOWN,UNKNOWN,UNKNOWN,UNKNOWN,UNKNOWN,UNKNOWN,No,UNKNOWN,UNKNOWN,UNKNOWN,UNKNOWN,UNKNOWN,UNKNOWN,2026-09-04T09:23:57Z,1.0.0,15489,False,False
sif_guard_seed__OIL-00735,SIF-Guard project (internal),sif_guard_seed,N/A (internal project file),OIL-00735,synthetic,True,2025-07-24,Site E - Barekuri Pipeline,oil_and_gas,UC,Working at Height,"A dropped spanner fell from the platform where a rigger was working, landing near ground crew. This was flagged as a high-priority observation.",Dropped object,UNKNOWN,UNKNOWN,Anchor point verification,Bypassed,UNKNOWN,UNKNOWN,Yes,UNKNOWN,Working at Height,UNKNOWN,UNKNOWN,UNKNOWN,UNKNOWN,2026-09-04T09:23:57Z,1.0.0,0,False,False
sif_guard_seed__OIL-00342,SIF-Guard project (internal),sif_guard_seed,N/A (internal project file),OIL-00342,real_ihm_stefanini,False,2017-02-27,Real-Local_03,oil_and_gas,Incident,Mining,"In the area of ​​Lloclla 50 meters from the sub-station Nro 4, under circumstances that the worker was preparing to pick up the rope from the floor, several fragments of rock slide down the slope of the hill, one of the 5 cm fragments of Diameter approximately impacts the face of the worker producing the aforementioned injury",remains of choco,UNKNOWN,UNKNOWN,Unknown (not recorded in source),Unknown,UNKNOWN,UNKNOWN,Yes,UNKNOWN,Unmapped,UNKNOWN,UNKNOWN,UNKNOWN,UNKNOWN,2026-09-04T09:23:57Z,1.0.0,0,False,False
sif_guard_seed__OIL-01317,SIF-Guard project (internal),sif_guard_seed,N/A (internal project file),OIL-01317,synthetic,True,2026-08-29,Site E - Barekuri Pipeline,oil_and_gas,UC,Maintenance,Signboard directing to the emergency assembly point was slightly bent; straightened by a field engineer. No further action required.,None identified,UNKNOWN,UNKNOWN,UNKNOWN,UNKNOWN,UNKNOWN,UNKNOWN,No,UNKNOWN,UNKNOWN,UNKNOWN,UNKNOWN,UNKNOWN,UNKNOWN,2026-09-04T09:23:57Z,1.0.0,0,False,False
sif_guard_seed__OIL-00863,SIF-Guard project (internal),sif_guard_seed,N/A (internal project file),OIL-00863,synthetic,True,2025-10-20,Site A - Duliajan,oil_and_gas,UC,Housekeeping,A rigger was found not wearing safety glasses while filing paperwork in the site office. Logged for routine follow-up.,None identified,UNKNOWN,UNKNOWN,UNKNOWN,UNKNOWN,UNKNOWN,UNKNOWN,No,UNKNOWN,UNKNOWN,UNKNOWN,UNKNOWN,UNKNOWN,UNKNOWN,2026-09-04T09:23:57Z,1.0.0,0,False,False
sif_guard_seed__OIL-00360,SIF-Guard project (internal),sif_guard_seed,N/A (internal project file),OIL-00360,real_ihm_stefanini,False,2017-03-25,Real-Local_03,oil_and_gas,Incident,Mining,"When the Mixer 01 of the E.C.M INCIMMET S.A, moved by the positive south ramp, with direction to surface (Unicon concrete plant), at the height of the 3630 (Before 440), the operator observes that untimely lights and the engine go off, the control controls do not respond and the equipment starts to reverse. At 3 meters the operator jumps out of the cabin and at 20 meters the team hits the right gable and turns to its side left. In the area, in the circumstances of the event there was no presence of personnel or equipment that could have been affected.",Vehicles and Mobile Equipment,UNKNOWN,UNKNOWN,Unknown (not recorded in source),Unknown,UNKNOWN,UNKNOWN,Yes,UNKNOWN,Driving,UNKNOWN,UNKNOWN,UNKNOWN,UNKNOWN,2026-09-04T09:23:57Z,1.0.0,0,False,False
sif_guard_seed__OIL-01194,SIF-Guard project (internal),sif_guard_seed,N/A (internal project file),OIL-01194,synthetic,True,2026-06-10,Site D - Jorajan,oil_and_gas,UA,Electrical Work,Isolation point signage near the compressor unit was partially obscured by dust; cleaned during routine round. Noted during the daily safety walk.,None identified,UNKNOWN,UNKNOWN,Isolation verification,Adequate / Minor Gap,UNKNOWN,UNKNOWN,No,UNKNOWN,Energy Isolation,UNKNOWN,UNKNOWN,UNKNOWN,UNKNOWN,2026-09-04T09:23:57Z,1.0.0,0,False,False
sif_guard_seed__OIL-01005,SIF-Guard project (internal),sif_guard_seed,N/A (internal project file),OIL-01005,synthetic,True,2026-02-05,Site C - Kumchai,oil_and_gas,UC,Maintenance,A loose floor tile was noticed by a new joinee in the administrative block corridor. Noted during the daily safety walk.,None identified,UNKNOWN,UNKNOWN,UNKNOWN,UNKNOWN,UNKNOWN,UNKNOWN,No,UNKNOWN,UNKNOWN,UNKNOWN,UNKNOWN,UNKNOWN,UNKNOWN,2026-09-04T09:23:57Z,1.0.0,0,False,False
sif_guard_seed__OIL-00136,SIF-Guard project (internal),sif_guard_seed,N/A (internal project file),OIL-00136,real_ihm_stefanini,False,2016-06-04,Real-Local_04,oil_and_gas,Incident,Mining,"Being 01:50 p.m. approximately, in the Nv. 1800, in the Tecnomin winery. Mr. Chagua - Bodeguero was alone, cutting wires No. 16 with a grinder, previously he had removed the protection guard from the disk of 4 inches in diameter and adapted a disk of a crosscutter of approximately 8 inches. Originating traumatic amputation of two fingers of the left hand",Others,UNKNOWN,UNKNOWN,Unknown (not recorded in source),Unknown,UNKNOWN,UNKNOWN,Yes,UNKNOWN,Unmapped,UNKNOWN,UNKNOWN,UNKNOWN,UNKNOWN,2026-09-04T09:23:57Z,1.0.0,0,False,False
sif_guard_seed__OIL-01086,SIF-Guard project (internal),sif_guard_seed,N/A (internal project file),OIL-01086,synthetic,True,2026-03-29,Site D - Jorajan,oil_and_gas,Near Miss,Drilling Operations,A third-party worker started maintenance work without an approved permit to work in place. Work was stopped immediately once observed.,Missing risk assessment,UNKNOWN,UNKNOWN,Supervisory authorization,Missing,UNKNOWN,UNKNOWN,Yes,UNKNOWN,Work Authorisation,UNKNOWN,UNKNOWN,UNKNOWN,UNKNOWN,2026-09-04T09:23:57Z,1.0.0,0,False,False
sif_guard_seed__OIL-01153,SIF-Guard project (internal),sif_guard_seed,N/A (internal project file),OIL-01153,synthetic,True,2026-05-07,Site E - Barekuri Pipeline,oil_and_gas,UA,Production Operations,Permit to work had a minor clerical omission in the time field; corrected before work start. No further action required.,None identified,UNKNOWN,UNKNOWN,Permit to Work (PTW),Adequate / Minor Gap,UNKNOWN,UNKNOWN,No,UNKNOWN,Work Authorisation,UNKNOWN,UNKNOWN,UNKNOWN,UNKNOWN,2026-09-04T09:23:57Z,1.0.0,0,False,False
sif_guard_seed__OIL-00490,SIF-Guard project (internal),sif_guard_seed,N/A (internal project file),OIL-00490,synthetic,True,2025-02-16,Site C - Kumchai,oil_and_gas,Incident,Housekeeping,A minor paint peel was noticed on the safety information board near the pump P-204. Noted during the daily safety walk.,None identified,UNKNOWN,UNKNOWN,UNKNOWN,UNKNOWN,UNKNOWN,UNKNOWN,No,UNKNOWN,UNKNOWN,UNKNOWN,UNKNOWN,UNKNOWN,UNKNOWN,2026-09-04T09:23:57Z,1.0.0,15364,False,False
sif_guard_seed__OIL-01192,SIF-Guard project (internal),sif_guard_seed,N/A (internal project file),OIL-01192,synthetic,True,2026-06-09,Site C - Kumchai,oil_and_gas,UA,Housekeeping,A minor paint peel was noticed on the safety information board near the pump P-204. Noted during the daily safety walk.,None identified,UNKNOWN,UNKNOWN,UNKNOWN,UNKNOWN,UNKNOWN,UNKNOWN,No,UNKNOWN,UNKNOWN,UNKNOWN,UNKNOWN,UNKNOWN,UNKNOWN,2026-09-04T09:23:57Z,1.0.0,15364,False,False
sif_guard_seed__OIL-01124,SIF-Guard project (internal),sif_guard_seed,N/A (internal project file),OIL-01124,synthetic,True,2026-04-15,Site C - Kumchai,oil_and_gas,UC,Maintenance,Isolation point signage near the hydraulic line was partially obscured by dust; cleaned during routine round. No further action required.,None identified,UNKNOWN,UNKNOWN,Isolation certificate,Adequate / Minor Gap,UNKNOWN,UNKNOWN,No,UNKNOWN,Energy Isolation,UNKNOWN,UNKNOWN,UNKNOWN,UNKNOWN,2026-09-04T09:23:57Z,1.0.0,0,False,False
sif_guard_seed__OIL-00428,SIF-Guard project (internal),sif_guard_seed,N/A (internal project file),OIL-00428,synthetic,True,2025-01-03,Site B - Moran,oil_and_gas,UC,Maintenance,A rigger bypassed the LOTO tag and re-energized the compressor unit while another crew was still working on it.,Unexpected energy release,UNKNOWN,UNKNOWN,Isolation verification,Bypassed,UNKNOWN,UNKNOWN,Yes,UNKNOWN,Energy Isolation,UNKNOWN,UNKNOWN,UNKNOWN,UNKNOWN,2026-09-04T09:23:57Z,1.0.0,0,False,False
sif_guard_seed__OIL-00591,SIF-Guard project (internal),sif_guard_seed,N/A (internal project file),OIL-00591,synthetic,True,2025-04-28,Site A - Duliajan,oil_and_gas,Near Miss,Drilling Operations,Supervisor authorization was missing but an operator commenced work on the pressurized system. The activity was halted and the area was made safe.,Missing risk assessment,UNKNOWN,UNKNOWN,Supervisory authorization,Bypassed,UNKNOWN,UNKNOWN,Yes,UNKNOWN,Work Authorisation,UNKNOWN,UNKNOWN,UNKNOWN,UNKNOWN,2026-09-04T09:23:57Z,1.0.0,0,False,False
sif_guard_seed__OIL-00608,SIF-Guard project (internal),sif_guard_seed,N/A (internal project file),OIL-00608,synthetic,True,2025-05-07,Site D - Jorajan,oil_and_gas,UC,Housekeeping,Signboard directing to the emergency assembly point was slightly bent; straightened by a new joinee. Logged for routine follow-up.,None identified,UNKNOWN,UNKNOWN,UNKNOWN,UNKNOWN,UNKNOWN,UNKNOWN,No,UNKNOWN,UNKNOWN,UNKNOWN,UNKNOWN,UNKNOWN,UNKNOWN,2026-09-04T09:23:57Z,1.0.0,0,False,False
sif_guard_seed__OIL-00340,SIF-Guard project (internal),sif_guard_seed,N/A (internal project file),OIL-00340,real_ihm_stefanini,False,2017-02-26,Real-Local_01,oil_and_gas,Incident,Mining,"In moments when the staff of the IMPROMEC company was heading towards the 447 pique to support shotcrete casting jobs; One of the electricians does not identify a lane and water in the road, so his right leg enters the gutter of 0.8 m depth causing the injury. The service of the litorina was paralyzed for the entrance of this personnel.",Fall,UNKNOWN,UNKNOWN,Unknown (not recorded in source),Unknown,UNKNOWN,UNKNOWN,No,UNKNOWN,Working at Height,UNKNOWN,UNKNOWN,UNKNOWN,UNKNOWN,2026-09-04T09:23:57Z,1.0.0,0,False,False
sif_guard_seed__OIL-00601,SIF-Guard project (internal),sif_guard_seed,N/A (internal project file),OIL-00601,synthetic,True,2025-05-02,Site E - Barekuri Pipeline,oil_and_gas,UC,Transportation,Minor housekeeping issue: warning cones slightly misplaced near a low-traffic walkway.,None identified,UNKNOWN,UNKNOWN,Suspended load control,Adequate / Minor Gap,UNKNOWN,UNKNOWN,No,UNKNOWN,Line of Fire,UNKNOWN,UNKNOWN,UNKNOWN,UNKNOWN,2026-09-04T09:23:57Z,1.0.0,15461,False,False
sif_guard_seed__OIL-00941,SIF-Guard project (internal),sif_guard_seed,N/A (internal project file),OIL-00941,synthetic,True,2025-12-18,Site E - Barekuri Pipeline,oil_and_gas,UC,Production Operations,Minor housekeeping issue: warning cones slightly misplaced near a low-traffic walkway.,None identified,UNKNOWN,UNKNOWN,Positioning awareness,Adequate / Minor Gap,UNKNOWN,UNKNOWN,No,UNKNOWN,Line of Fire,UNKNOWN,UNKNOWN,UNKNOWN,UNKNOWN,2026-09-04T09:23:57Z,1.0.0,15461,False,False
sif_guard_seed__OIL-01162,SIF-Guard project (internal),sif_guard_seed,N/A (internal project file),OIL-01162,synthetic,True,2026-05-15,Site D - Jorajan,oil_and_gas,UA,Transportation,Minor housekeeping issue: warning cones slightly misplaced near a low-traffic walkway.,None identified,UNKNOWN,UNKNOWN,Positioning awareness,Adequate / Minor Gap,UNKNOWN,UNKNOWN,No,UNKNOWN,Line of Fire,UNKNOWN,UNKNOWN,UNKNOWN,UNKNOWN,2026-09-04T09:23:57Z,1.0.0,15461,False,False
sif_guard_seed__OIL-01290,SIF-Guard project (internal),sif_guard_seed,N/A (internal project file),OIL-01290,synthetic,True,2026-08-13,Site D - Jorajan,oil_and_gas,UC,Production Operations,Minor housekeeping issue: warning cones slightly misplaced near a low-traffic walkway.,None identified,UNKNOWN,UNKNOWN,Barricading/exclusion zone,Adequate / Minor Gap,UNKNOWN,UNKNOWN,No,UNKNOWN,Line of Fire,UNKNOWN,UNKNOWN,UNKNOWN,UNKNOWN,2026-09-04T09:23:57Z,1.0.0,15461,False,False
sif_guard_seed__OIL-01058,SIF-Guard project (internal),sif_guard_seed,N/A (internal project file),OIL-01058,synthetic,True,2026-03-10,Site C - Kumchai,oil_and_gas,UC,Maintenance,"During pipeline maintenance, the line was not completely isolated before valve removal by a third-party worker. Fortunately no one was in the immediate vicinity at the time.",Unexpected energy release,UNKNOWN,UNKNOWN,Isolation verification,Bypassed,UNKNOWN,UNKNOWN,Yes,UNKNOWN,Energy Isolation,UNKNOWN,UNKNOWN,UNKNOWN,UNKNOWN,2026-09-04T09:23:57Z,1.0.0,0,False,False
sif_guard_seed__OIL-00723,SIF-Guard project (internal),sif_guard_seed,N/A (internal project file),OIL-00723,synthetic,True,2025-07-19,Site A - Duliajan,oil_and_gas,UC,Maintenance,A rigger observed a torn notice board sheet near the muster point; replaced during rounds.,None identified,UNKNOWN,UNKNOWN,UNKNOWN,UNKNOWN,UNKNOWN,UNKNOWN,No,UNKNOWN,UNKNOWN,UNKNOWN,UNKNOWN,UNKNOWN,UNKNOWN,2026-09-04T09:23:57Z,1.0.0,0,False,False
sif_guard_seed__OIL-01257,SIF-Guard project (internal),sif_guard_seed,N/A (internal project file),OIL-01257,synthetic,True,2026-07-19,Site D - Jorajan,oil_and_gas,UC,Maintenance,No fire extinguisher was available at the hot work location where an operator was cutting pipe.,Fire,UNKNOWN,UNKNOWN,Fire extinguishing equipment on site,Missing,UNKNOWN,UNKNOWN,Yes,UNKNOWN,Hot Work,UNKNOWN,UNKNOWN,UNKNOWN,UNKNOWN,2026-09-04T09:23:57Z,1.0.0,0,False,False
sif_guard_seed__OIL-01248,SIF-Guard project (internal),sif_guard_seed,N/A (internal project file),OIL-01248,synthetic,True,2026-07-10,Site E - Barekuri Pipeline,oil_and_gas,UC,Production Operations,Isolation point signage near the main isolation valve was partially obscured by dust; cleaned during routine round. No further action required.,None identified,UNKNOWN,UNKNOWN,Zero-energy check,Adequate / Minor Gap,UNKNOWN,UNKNOWN,No,UNKNOWN,Energy Isolation,UNKNOWN,UNKNOWN,UNKNOWN,UNKNOWN,2026-09-04T09:23:57Z,1.0.0,0,False,False
sif_guard_seed__OIL-00205,SIF-Guard project (internal),sif_guard_seed,N/A (internal project file),OIL-00205,real_ihm_stefanini,False,2016-09-02,Real-Local_03,oil_and_gas,Incident,Mining,"At level 4150 (+80) Unicon plant the collaborator was doing shuttering work in the concrete water sedimentation basin, at the moment of nailing a wood as it supplies on another 4 x 4 inch strip, he feels that the metallic hammer loosen the wooden handle and to fix it, he grabs the hammer by the head and hits the handle vertically on a wood, generating the injury. At the time of the accident the employee did not use his safety gloves.",Others,UNKNOWN,UNKNOWN,Unknown (not recorded in source),Unknown,UNKNOWN,UNKNOWN,No,UNKNOWN,Unmapped,UNKNOWN,UNKNOWN,UNKNOWN,UNKNOWN,2026-09-04T09:23:57Z,1.0.0,0,False,False
sif_guard_seed__OIL-01295,SIF-Guard project (internal),sif_guard_seed,N/A (internal project file),OIL-01295,synthetic,True,2026-08-14,Site D - Jorajan,oil_and_gas,UC,Maintenance,A rigger suggested better labeling for stationery cupboards in the office.,None identified,UNKNOWN,UNKNOWN,UNKNOWN,UNKNOWN,UNKNOWN,UNKNOWN,No,UNKNOWN,UNKNOWN,UNKNOWN,UNKNOWN,UNKNOWN,UNKNOWN,2026-09-04T09:23:57Z,1.0.0,0,False,False
sif_guard_seed__OIL-00151,SIF-Guard project (internal),sif_guard_seed,N/A (internal project file),OIL-00151,real_ihm_stefanini,False,2016-06-16,Real-Local_10,oil_and_gas,Incident,Others,"The Safety and Technical moved to the field for inspection activity, on the way to the field, paused together with the other two teams in order to know the drainage points to be checked, the Safety at getting out of the vehicle, was struck by a sting of a weed in his neck, quickly returned to the vehicle and made radio communication with the other two teams which distanced themselves from the place. The clerk was wearing leggings and glasses. There was no allergic reaction.",Bees,UNKNOWN,UNKNOWN,Unknown (not recorded in source),Unknown,UNKNOWN,UNKNOWN,No,UNKNOWN,Unmapped,UNKNOWN,UNKNOWN,UNKNOWN,UNKNOWN,2026-09-04T09:23:57Z,1.0.0,0,False,False
sif_guard_seed__OIL-00513,SIF-Guard project (internal),sif_guard_seed,N/A (internal project file),OIL-00513,synthetic,True,2025-03-13,Site C - Kumchai,oil_and_gas,Near Miss,Lifting Operations,Lift plan paperwork was completed but filed a day late; no impact on the lift itself. Noted during the daily safety walk.,None identified,UNKNOWN,UNKNOWN,Rigging inspection,Adequate / Minor Gap,UNKNOWN,UNKNOWN,No,UNKNOWN,Safe Mechanical Lifting,UNKNOWN,UNKNOWN,UNKNOWN,UNKNOWN,2026-09-04T09:23:57Z,1.0.0,15449,False,False
sif_guard_seed__OIL-00874,SIF-Guard project (internal),sif_guard_seed,N/A (internal project file),OIL-00874,synthetic,True,2025-11-02,Site D - Jorajan,oil_and_gas,UA,Drilling Operations,Lift plan paperwork was completed but filed a day late; no impact on the lift itself. Noted during the daily safety walk.,None identified,UNKNOWN,UNKNOWN,Lift plan,Adequate / Minor Gap,UNKNOWN,UNKNOWN,No,UNKNOWN,Safe Mechanical Lifting,UNKNOWN,UNKNOWN,UNKNOWN,UNKNOWN,2026-09-04T09:23:57Z,1.0.0,15449,False,False
sif_guard_seed__OIL-00447,SIF-Guard project (internal),sif_guard_seed,N/A (internal project file),OIL-00447,synthetic,True,2025-01-11,Site E - Barekuri Pipeline,oil_and_gas,UC,Production Operations,A new joinee observed a torn notice board sheet near the muster point; replaced during rounds.,None identified,UNKNOWN,UNKNOWN,UNKNOWN,UNKNOWN,UNKNOWN,UNKNOWN,No,UNKNOWN,UNKNOWN,UNKNOWN,UNKNOWN,UNKNOWN,UNKNOWN,2026-09-04T09:23:57Z,1.0.0,0,False,False
sif_guard_seed__OIL-01110,SIF-Guard project (internal),sif_guard_seed,N/A (internal project file),OIL-01110,synthetic,True,2026-04-10,Site C - Kumchai,oil_and_gas,UA,Drilling Operations,Permit to work had a minor clerical omission in the time field; corrected before work start. Corrected on the spot.,None identified,UNKNOWN,UNKNOWN,Risk assessment / JSA,Adequate / Minor Gap,UNKNOWN,UNKNOWN,No,UNKNOWN,Work Authorisation,UNKNOWN,UNKNOWN,UNKNOWN,UNKNOWN,2026-09-04T09:23:57Z,1.0.0,15474,False,False
sif_guard_seed__OIL-01177,SIF-Guard project (internal),sif_guard_seed,N/A (internal project file),OIL-01177,synthetic,True,2026-05-27,Site B - Moran,oil_and_gas,UA,Maintenance,Permit to work had a minor clerical omission in the time field; corrected before work start. Corrected on the spot.,None identified,UNKNOWN,UNKNOWN,Permit to Work (PTW),Adequate / Minor Gap,UNKNOWN,UNKNOWN,No,UNKNOWN,Work Authorisation,UNKNOWN,UNKNOWN,UNKNOWN,UNKNOWN,2026-09-04T09:23:57Z,1.0.0,15474,False,False
sif_guard_seed__OIL-00083,SIF-Guard project (internal),sif_guard_seed,N/A (internal project file),OIL-00083,real_ihm_stefanini,False,2016-04-04,Real-Local_09,oil_and_gas,Incident,Metals,"When it opens the suction valve of the 420-BO-01 acid pump, the cable of the same pump comes loose by pressing the 5th finger of the employee's left hand against the tubing, causing a fracture in the distal phalanx. Photos",Manual Tools,UNKNOWN,UNKNOWN,Unknown (not recorded in source),Unknown,UNKNOWN,UNKNOWN,Yes,UNKNOWN,Unmapped,UNKNOWN,UNKNOWN,UNKNOWN,UNKNOWN,2026-09-04T09:23:57Z,1.0.0,0,False,False
sif_guard_seed__OIL-00133,SIF-Guard project (internal),sif_guard_seed,N/A (internal project file),OIL-00133,real_ihm_stefanini,False,2016-06-01,Real-Local_05,oil_and_gas,Incident,Metals,The clerk was peeling and pulling a sheet came another one that struck in his 5th chirodactile of the left hand tearing his PVC sleeve caused a cut.,Cut,UNKNOWN,UNKNOWN,Unknown (not recorded in source),Unknown,UNKNOWN,UNKNOWN,No,UNKNOWN,Unmapped,UNKNOWN,UNKNOWN,UNKNOWN,UNKNOWN,2026-09-04T09:23:57Z,1.0.0,0,False,False
sif_guard_seed__OIL-01199,SIF-Guard project (internal),sif_guard_seed,N/A (internal project file),OIL-01199,synthetic,True,2026-06-12,Site C - Kumchai,oil_and_gas,Near Miss,Hot Work,Hot work was started by a third-party worker without gas testing the surrounding area for flammable vapors. Work was stopped immediately once observed.,Explosion,UNKNOWN,UNKNOWN,Fire extinguishing equipment on site,Bypassed,UNKNOWN,UNKNOWN,Yes,UNKNOWN,Hot Work,UNKNOWN,UNKNOWN,UNKNOWN,UNKNOWN,2026-09-04T09:23:57Z,1.0.0,0,False,False
sif_guard_seed__OIL-00401,SIF-Guard project (internal),sif_guard_seed,N/A (internal project file),OIL-00401,real_ihm_stefanini,False,2017-06-04,Real-Local_05,oil_and_gas,Incident,Metals,Employee reports that when trying to unlock a cathodic sheet with the digger the same did not realize that the blade was pressed so that the cable projected and hit his face.,Others,UNKNOWN,UNKNOWN,Unknown (not recorded in source),Unknown,UNKNOWN,UNKNOWN,Yes,UNKNOWN,Unmapped,UNKNOWN,UNKNOWN,UNKNOWN,UNKNOWN,2026-09-04T09:23:57Z,1.0.0,0,False,False
sif_guard_seed__OIL-00947,SIF-Guard project (internal),sif_guard_seed,N/A (internal project file),OIL-00947,synthetic,True,2025-12-20,Site E - Barekuri Pipeline,oil_and_gas,UA,Maintenance,A contract technician observed a torn notice board sheet near the muster point; replaced during rounds. Noted during the daily safety walk.,None identified,UNKNOWN,UNKNOWN,UNKNOWN,UNKNOWN,UNKNOWN,UNKNOWN,No,UNKNOWN,UNKNOWN,UNKNOWN,UNKNOWN,UNKNOWN,UNKNOWN,2026-09-04T09:23:57Z,1.0.0,0,False,False
sif_guard_seed__OIL-00598,SIF-Guard project (internal),sif_guard_seed,N/A (internal project file),OIL-00598,synthetic,True,2025-05-01,Site B - Moran,oil_and_gas,Near Miss,Electrical Work,Isolation point signage near the wellhead valve assembly was partially obscured by dust; cleaned during routine round. Corrected on the spot.,None identified,UNKNOWN,UNKNOWN,Isolation certificate,Adequate / Minor Gap,UNKNOWN,UNKNOWN,No,UNKNOWN,Energy Isolation,UNKNOWN,UNKNOWN,UNKNOWN,UNKNOWN,2026-09-04T09:23:57Z,1.0.0,0,False,False
sif_guard_seed__OIL-01020,SIF-Guard project (internal),sif_guard_seed,N/A (internal project file),OIL-01020,synthetic,True,2026-02-17,Site C - Kumchai,oil_and_gas,Near Miss,Production Operations,A contract technician started maintenance work without an approved permit to work in place. This was flagged as a high-priority observation.,Unauthorized/uncontrolled work start,UNKNOWN,UNKNOWN,Risk assessment / JSA,Bypassed,UNKNOWN,UNKNOWN,Yes,UNKNOWN,Work Authorisation,UNKNOWN,UNKNOWN,UNKNOWN,UNKNOWN,2026-09-04T09:23:57Z,1.0.0,0,False,False
sif_guard_seed__OIL-01042,SIF-Guard project (internal),sif_guard_seed,N/A (internal project file),OIL-01042,synthetic,True,2026-03-02,Site A - Duliajan,oil_and_gas,UC,Housekeeping,A rigger was found not wearing safety glasses while filing paperwork in the site office. Noted during the daily safety walk.,None identified,UNKNOWN,UNKNOWN,UNKNOWN,UNKNOWN,UNKNOWN,UNKNOWN,No,UNKNOWN,UNKNOWN,UNKNOWN,UNKNOWN,UNKNOWN,UNKNOWN,2026-09-04T09:23:57Z,1.0.0,0,False,False
sif_guard_seed__OIL-00517,SIF-Guard project (internal),sif_guard_seed,N/A (internal project file),OIL-00517,synthetic,True,2025-03-16,Site D - Jorajan,oil_and_gas,UC,Maintenance,Risk assessment was not completed before a field engineer began work on the compressor unit. No injury occurred.,Unauthorized/uncontrolled work start,UNKNOWN,UNKNOWN,Permit to Work (PTW),Bypassed,UNKNOWN,UNKNOWN,Yes,UNKNOWN,Work Authorisation,UNKNOWN,UNKNOWN,UNKNOWN,UNKNOWN,2026-09-04T09:23:57Z,1.0.0,0,False,False
sif_guard_seed__OIL-00903,SIF-Guard project (internal),sif_guard_seed,N/A (internal project file),OIL-00903,synthetic,True,2025-11-20,Site D - Jorajan,oil_and_gas,UA,Production Operations,A rigger observed mild clutter of files near the printer station; tidied up.,None identified,UNKNOWN,UNKNOWN,UNKNOWN,UNKNOWN,UNKNOWN,UNKNOWN,No,UNKNOWN,UNKNOWN,UNKNOWN,UNKNOWN,UNKNOWN,UNKNOWN,2026-09-04T09:23:57Z,1.0.0,0,False,False
sif_guard_seed__OIL-00149,SIF-Guard project (internal),sif_guard_seed,N/A (internal project file),OIL-00149,real_ihm_stefanini,False,2016-06-16,Real-Local_10,oil_and_gas,Incident,Others,"The Geologo and the auxiliary Elismar traveled to evaluate geological points following the GPS near some drainage. Following the state highway that gives access to the Aripuanã area, they stopped and got out of the vehicle to see the point identified in the GPS, Renato, when distancing himself about seven meters from the vehicle following the road, was surprised by four bites of thorns on his face and neck. Quickly he hurried back to the vehicle, moving away from the place. The clerk was wearing a girdle and goggles, he still was not wearing gloves, as he would not enter the forest area. There was no allergic reaction.",Bees,UNKNOWN,UNKNOWN,Unknown (not recorded in source),Unknown,UNKNOWN,UNKNOWN,No,UNKNOWN,Unmapped,UNKNOWN,UNKNOWN,UNKNOWN,UNKNOWN,2026-09-04T09:23:57Z,1.0.0,0,False,False
sif_guard_seed__OIL-00618,SIF-Guard project (internal),sif_guard_seed,N/A (internal project file),OIL-00618,synthetic,True,2025-05-14,Site D - Jorajan,oil_and_gas,UC,Housekeeping,Fire extinguisher signage in the corridor was found slightly faded; repainting scheduled.,None identified,UNKNOWN,UNKNOWN,UNKNOWN,UNKNOWN,UNKNOWN,UNKNOWN,No,UNKNOWN,UNKNOWN,UNKNOWN,UNKNOWN,UNKNOWN,UNKNOWN,2026-09-04T09:23:57Z,1.0.0,15407,False,False
sif_guard_seed__OIL-00683,SIF-Guard project (internal),sif_guard_seed,N/A (internal project file),OIL-00683,synthetic,True,2025-06-22,Site B - Moran,oil_and_gas,UC,Maintenance,Fire extinguisher signage in the corridor was found slightly faded; repainting scheduled.,None identified,UNKNOWN,UNKNOWN,UNKNOWN,UNKNOWN,UNKNOWN,UNKNOWN,No,UNKNOWN,UNKNOWN,UNKNOWN,UNKNOWN,UNKNOWN,UNKNOWN,2026-09-04T09:23:57Z,1.0.0,15407,False,False
sif_guard_seed__OIL-01027,SIF-Guard project (internal),sif_guard_seed,N/A (internal project file),OIL-01027,synthetic,True,2026-02-22,Site D - Jorajan,oil_and_gas,UC,Housekeeping,Fire extinguisher signage in the corridor was found slightly faded; repainting scheduled.,None identified,UNKNOWN,UNKNOWN,UNKNOWN,UNKNOWN,UNKNOWN,UNKNOWN,No,UNKNOWN,UNKNOWN,UNKNOWN,UNKNOWN,UNKNOWN,UNKNOWN,2026-09-04T09:23:57Z,1.0.0,15407,False,False
sif_guard_seed__OIL-01165,SIF-Guard project (internal),sif_guard_seed,N/A (internal project file),OIL-01165,synthetic,True,2026-05-16,Site D - Jorajan,oil_and_gas,UA,Housekeeping,Fire extinguisher signage in the corridor was found slightly faded; repainting scheduled.,None identified,UNKNOWN,UNKNOWN,UNKNOWN,UNKNOWN,UNKNOWN,UNKNOWN,No,UNKNOWN,UNKNOWN,UNKNOWN,UNKNOWN,UNKNOWN,UNKNOWN,2026-09-04T09:23:57Z,1.0.0,15407,False,False
sif_guard_seed__OIL-01235,SIF-Guard project (internal),sif_guard_seed,N/A (internal project file),OIL-01235,synthetic,True,2026-07-02,Site A - Duliajan,oil_and_gas,UC,Maintenance,Fire extinguisher signage in the corridor was found slightly faded; repainting scheduled.,None identified,UNKNOWN,UNKNOWN,UNKNOWN,UNKNOWN,UNKNOWN,UNKNOWN,No,UNKNOWN,UNKNOWN,UNKNOWN,UNKNOWN,UNKNOWN,UNKNOWN,2026-09-04T09:23:57Z,1.0.0,15407,False,False
sif_guard_seed__OIL-00247,SIF-Guard project (internal),sif_guard_seed,N/A (internal project file),OIL-00247,real_ihm_stefanini,False,2016-10-29,Real-Local_03,oil_and_gas,Incident,Mining,"In the Alimak chimney of level 2440, the alimakero driller and his assistant are positioned in the main cage with guard heads and proceed to perform the rock untie at the top of the chimney, it is at this time that the teacher perceives a spark of rock in the top and communicates to the assistant so that this prevented, when falling the rock of 1.0x0.80x0.20 m on the guard heads is fragmented and one of the fragments fall on the chain and rebound rubs the operator's right hand generating the described injury.",Others,UNKNOWN,UNKNOWN,Unknown (not recorded in source),Unknown,UNKNOWN,UNKNOWN,Yes,UNKNOWN,Unmapped,UNKNOWN,UNKNOWN,UNKNOWN,UNKNOWN,2026-09-04T09:23:57Z,1.0.0,0,False,False
sif_guard_seed__OIL-00866,SIF-Guard project (internal),sif_guard_seed,N/A (internal project file),OIL-00866,synthetic,True,2025-10-21,Site E - Barekuri Pipeline,oil_and_gas,UA,Maintenance,An alarm on the main isolation valve was silenced by a third-party worker without investigating the cause. Fortunately no one was in the immediate vicinity at the time.,Disabled safety interlock,UNKNOWN,UNKNOWN,Interlock system,Bypassed,UNKNOWN,UNKNOWN,Yes,UNKNOWN,Bypassing Safety Controls,UNKNOWN,UNKNOWN,UNKNOWN,UNKNOWN,2026-09-04T09:23:57Z,1.0.0,0,False,False
sif_guard_seed__OIL-00732,SIF-Guard project (internal),sif_guard_seed,N/A (internal project file),OIL-00732,synthetic,True,2025-07-23,Site C - Kumchai,oil_and_gas,Incident,Scaffolding,Guardrails were missing on the platform where an operator was performing inspection work. This was flagged as a high-priority observation.,Dropped object,UNKNOWN,UNKNOWN,Anchor point verification,Failed,UNKNOWN,UNKNOWN,Yes,UNKNOWN,Working at Height,UNKNOWN,UNKNOWN,UNKNOWN,UNKNOWN,2026-09-04T09:23:57Z,1.0.0,0,False,False
sif_guard_seed__OIL-00077,SIF-Guard project (internal),sif_guard_seed,N/A (internal project file),OIL-00077,real_ihm_stefanini,False,2016-04-01,Real-Local_01,oil_and_gas,Incident,Mining,"In circumstances that two workers of the Abratech company were doing putty work inside the conditioning tank (5 meters deep and covered by platforms) of metal gratings - grating- in the upper part), two other employees of the HyT company carried out maneuvers transfer of a pump with the help of a manual tick - which worked hooked to a beam H, dragging the pump on the metal gratings (grating), suddenly the pump is hooked with a metal grate (grating) and when trying to release it, the metal grid (grating - 13.0 Kg. (60 cm x 92 cm)) falls inside the tank, hits a diagonal channel inside the tank and then impacts the right arm of one of the workers and rubs the helmet of the second worker that he was crouching. The area where the bomb was being moved was marked with tape and did not have a lookout.",Others,UNKNOWN,UNKNOWN,Unknown (not recorded in source),Unknown,UNKNOWN,UNKNOWN,Yes,UNKNOWN,Unmapped,UNKNOWN,UNKNOWN,UNKNOWN,UNKNOWN,2026-09-04T09:23:57Z,1.0.0,15434,False,False
sif_guard_seed__OIL-00078,SIF-Guard project (internal),sif_guard_seed,N/A (internal project file),OIL-00078,real_ihm_stefanini,False,2016-04-01,Real-Local_01,oil_and_gas,Incident,Mining,"In circumstances that two workers of the Abratech company were doing putty work inside the conditioning tank (5 meters deep and covered by platforms) of metal gratings - grating- in the upper part), two other employees of the HyT company carried out maneuvers transfer of a pump with the help of a manual tick - which worked hooked to a beam H, dragging the pump on the metal gratings (grating), suddenly the pump is hooked with a metal grate (grating) and when trying to release it, the metal grid (grating - 13.0 Kg. (60 cm x 92 cm)) falls inside the tank, hits a diagonal channel inside the tank and then impacts the right arm of one of the workers and rubs the helmet of the second worker that he was crouching. The area where the bomb was being moved was marked with tape and did not have a lookout.",Others,UNKNOWN,UNKNOWN,Unknown (not recorded in source),Unknown,UNKNOWN,UNKNOWN,Yes,UNKNOWN,Unmapped,UNKNOWN,UNKNOWN,UNKNOWN,UNKNOWN,2026-09-04T09:23:57Z,1.0.0,15434,False,False
sif_guard_seed__OIL-00487,SIF-Guard project (internal),sif_guard_seed,N/A (internal project file),OIL-00487,synthetic,True,2025-02-14,Site C - Kumchai,oil_and_gas,UA,Production Operations,A rigger found the water cooler in the rest area was not working; complaint logged. Noted during the daily safety walk.,None identified,UNKNOWN,UNKNOWN,UNKNOWN,UNKNOWN,UNKNOWN,UNKNOWN,No,UNKNOWN,UNKNOWN,UNKNOWN,UNKNOWN,UNKNOWN,UNKNOWN,2026-09-04T09:23:57Z,1.0.0,0,False,False
sif_guard_seed__OIL-00996,SIF-Guard project (internal),sif_guard_seed,N/A (internal project file),OIL-00996,synthetic,True,2026-01-27,Site C - Kumchai,oil_and_gas,UC,Maintenance,A third-party worker disabled a machine guard interlock to clear a jam on the main isolation valve without stopping the equipment. Fortunately no one was in the immediate vicinity at the time.,Disabled safety interlock,UNKNOWN,UNKNOWN,Safety guard,Failed,UNKNOWN,UNKNOWN,Yes,UNKNOWN,Bypassing Safety Controls,UNKNOWN,UNKNOWN,UNKNOWN,UNKNOWN,2026-09-04T09:23:57Z,1.0.0,0,False,False
sif_guard_seed__OIL-00579,SIF-Guard project (internal),sif_guard_seed,N/A (internal project file),OIL-00579,synthetic,True,2025-04-19,Site A - Duliajan,oil_and_gas,UC,Electrical Work,"A shift technician noted the LOTO log entry had a minor formatting error, corrected on the spot.",None identified,UNKNOWN,UNKNOWN,Lockout/Tagout (LOTO),Adequate / Minor Gap,UNKNOWN,UNKNOWN,No,UNKNOWN,Energy Isolation,UNKNOWN,UNKNOWN,UNKNOWN,UNKNOWN,2026-09-04T09:23:57Z,1.0.0,0,False,False
sif_guard_seed__OIL-00595,SIF-Guard project (internal),sif_guard_seed,N/A (internal project file),OIL-00595,synthetic,True,2025-04-30,Site E - Barekuri Pipeline,oil_and_gas,Near Miss,Maintenance,Isolation tag on the wellhead valve assembly was found slightly faded and needs replacement; work was not affected. Logged for routine follow-up.,None identified,UNKNOWN,UNKNOWN,Isolation certificate,Adequate / Minor Gap,UNKNOWN,UNKNOWN,No,UNKNOWN,Energy Isolation,UNKNOWN,UNKNOWN,UNKNOWN,UNKNOWN,2026-09-04T09:23:57Z,1.0.0,0,False,False
sif_guard_seed__OIL-00197,SIF-Guard project (internal),sif_guard_seed,N/A (internal project file),OIL-00197,real_ihm_stefanini,False,2016-08-24,Real-Local_05,oil_and_gas,Incident,Metals,"The servant would remove the dishes from the bowl of the sink and when picking up a set of plates, there was one of them with the broken / broken edge, causing injury to his 3rd chiropactyl from his right hand.",Cut,UNKNOWN,UNKNOWN,Unknown (not recorded in source),Unknown,UNKNOWN,UNKNOWN,No,UNKNOWN,Unmapped,UNKNOWN,UNKNOWN,UNKNOWN,UNKNOWN,2026-09-04T09:23:57Z,1.0.0,0,False,False
sif_guard_seed__OIL-00620,SIF-Guard project (internal),sif_guard_seed,N/A (internal project file),OIL-00620,synthetic,True,2025-05-15,Site B - Moran,oil_and_gas,UC,Maintenance,Alarm panel indicator light was flickering; replaced during preventive maintenance. Noted during the daily safety walk.,None identified,UNKNOWN,UNKNOWN,Alarm system,Adequate / Minor Gap,UNKNOWN,UNKNOWN,No,UNKNOWN,Bypassing Safety Controls,UNKNOWN,UNKNOWN,UNKNOWN,UNKNOWN,2026-09-04T09:23:57Z,1.0.0,15388,False,False
sif_guard_seed__OIL-00650,SIF-Guard project (internal),sif_guard_seed,N/A (internal project file),OIL-00650,synthetic,True,2025-06-04,Site A - Duliajan,oil_and_gas,UA,Production Operations,Alarm panel indicator light was flickering; replaced during preventive maintenance. Noted during the daily safety walk.,None identified,UNKNOWN,UNKNOWN,Interlock system,Adequate / Minor Gap,UNKNOWN,UNKNOWN,No,UNKNOWN,Bypassing Safety Controls,UNKNOWN,UNKNOWN,UNKNOWN,UNKNOWN,2026-09-04T09:23:57Z,1.0.0,15388,False,False
sif_guard_seed__OIL-00771,SIF-Guard project (internal),sif_guard_seed,N/A (internal project file),OIL-00771,synthetic,True,2025-08-26,Site A - Duliajan,oil_and_gas,Near Miss,Production Operations,Alarm panel indicator light was flickering; replaced during preventive maintenance. Noted during the daily safety walk.,None identified,UNKNOWN,UNKNOWN,Alarm system,Adequate / Minor Gap,UNKNOWN,UNKNOWN,No,UNKNOWN,Bypassing Safety Controls,UNKNOWN,UNKNOWN,UNKNOWN,UNKNOWN,2026-09-04T09:23:57Z,1.0.0,15388,False,False
sif_guard_seed__OIL-01144,SIF-Guard project (internal),sif_guard_seed,N/A (internal project file),OIL-01144,synthetic,True,2026-04-30,Site A - Duliajan,oil_and_gas,UC,Maintenance,Alarm panel indicator light was flickering; replaced during preventive maintenance. Noted during the daily safety walk.,None identified,UNKNOWN,UNKNOWN,Alarm system,Adequate / Minor Gap,UNKNOWN,UNKNOWN,No,UNKNOWN,Bypassing Safety Controls,UNKNOWN,UNKNOWN,UNKNOWN,UNKNOWN,2026-09-04T09:23:57Z,1.0.0,15388,False,False
sif_guard_seed__OIL-00185,SIF-Guard project (internal),sif_guard_seed,N/A (internal project file),OIL-00185,real_ihm_stefanini,False,2016-08-02,Real-Local_10,oil_and_gas,Incident,Others,"The mincing team was carrying out activities in the city of Juína and was coordinated by mining technician Felipe a time when the mining technician was last in line and more away from the team, was bitten by a blackjack on the left side of his face. There was no allergic manifestation and the team continued the work. In the afternoon, after lunch, the employee sought medical care, was medicated and released to continue activities the next day.",Bees,UNKNOWN,UNKNOWN,Unknown (not recorded in source),Unknown,UNKNOWN,UNKNOWN,No,UNKNOWN,Unmapped,UNKNOWN,UNKNOWN,UNKNOWN,UNKNOWN,2026-09-04T09:23:57Z,1.0.0,0,False,False
sif_guard_seed__OIL-01308,SIF-Guard project (internal),sif_guard_seed,N/A (internal project file),OIL-01308,synthetic,True,2026-08-24,Site B - Moran,oil_and_gas,UA,Housekeeping,A field engineer suggested better labeling for stationery cupboards in the office.,None identified,UNKNOWN,UNKNOWN,UNKNOWN,UNKNOWN,UNKNOWN,UNKNOWN,No,UNKNOWN,UNKNOWN,UNKNOWN,UNKNOWN,UNKNOWN,UNKNOWN,2026-09-04T09:23:57Z,1.0.0,0,False,False
sif_guard_seed__OIL-00570,SIF-Guard project (internal),sif_guard_seed,N/A (internal project file),OIL-00570,synthetic,True,2025-04-16,Site E - Barekuri Pipeline,oil_and_gas,UC,Hot Work,Fire watch bucket was found half full of sand instead of full; topped up as per checklist. Corrected on the spot.,None identified,UNKNOWN,UNKNOWN,Gas testing (flammable atmosphere),Adequate / Minor Gap,UNKNOWN,UNKNOWN,No,UNKNOWN,Hot Work,UNKNOWN,UNKNOWN,UNKNOWN,UNKNOWN,2026-09-04T09:23:57Z,1.0.0,15414,False,False
sif_guard_seed__OIL-01242,SIF-Guard project (internal),sif_guard_seed,N/A (internal project file),OIL-01242,synthetic,True,2026-07-05,Site B - Moran,oil_and_gas,UC,Hot Work,Fire watch bucket was found half full of sand instead of full; topped up as per checklist. Corrected on the spot.,None identified,UNKNOWN,UNKNOWN,Hot work permit,Adequate / Minor Gap,UNKNOWN,UNKNOWN,No,UNKNOWN,Hot Work,UNKNOWN,UNKNOWN,UNKNOWN,UNKNOWN,2026-09-04T09:23:57Z,1.0.0,15414,False,False
sif_guard_seed__OIL-00434,SIF-Guard project (internal),sif_guard_seed,N/A (internal project file),OIL-00434,synthetic,True,2025-01-04,Site E - Barekuri Pipeline,oil_and_gas,UC,Scaffolding,Scaffold tag was found slightly discolored and hard to read; replaced during routine check. Noted during the daily safety walk.,None identified,UNKNOWN,UNKNOWN,Scaffold inspection tag,Adequate / Minor Gap,UNKNOWN,UNKNOWN,No,UNKNOWN,Working at Height,UNKNOWN,UNKNOWN,UNKNOWN,UNKNOWN,2026-09-04T09:23:57Z,1.0.0,15487,False,False
sif_guard_seed__OIL-00519,SIF-Guard project (internal),sif_guard_seed,N/A (internal project file),OIL-00519,synthetic,True,2025-03-17,Site B - Moran,oil_and_gas,UA,Scaffolding,Scaffold tag was found slightly discolored and hard to read; replaced during routine check. Noted during the daily safety walk.,None identified,UNKNOWN,UNKNOWN,Scaffold inspection tag,Adequate / Minor Gap,UNKNOWN,UNKNOWN,No,UNKNOWN,Working at Height,UNKNOWN,UNKNOWN,UNKNOWN,UNKNOWN,2026-09-04T09:23:57Z,1.0.0,15487,False,False
sif_guard_seed__OIL-00774,SIF-Guard project (internal),sif_guard_seed,N/A (internal project file),OIL-00774,synthetic,True,2025-08-27,Site D - Jorajan,oil_and_gas,UA,Working at Height,Scaffold tag was found slightly discolored and hard to read; replaced during routine check. Noted during the daily safety walk.,None identified,UNKNOWN,UNKNOWN,Fall protection/harness,Adequate / Minor Gap,UNKNOWN,UNKNOWN,No,UNKNOWN,Working at Height,UNKNOWN,UNKNOWN,UNKNOWN,UNKNOWN,2026-09-04T09:23:57Z,1.0.0,15487,False,False
sif_guard_seed__OIL-00813,SIF-Guard project (internal),sif_guard_seed,N/A (internal project file),OIL-00813,synthetic,True,2025-09-17,Site B - Moran,oil_and_gas,UA,Working at Height,Scaffold tag was found slightly discolored and hard to read; replaced during routine check. Noted during the daily safety walk.,None identified,UNKNOWN,UNKNOWN,Guardrails,Adequate / Minor Gap,UNKNOWN,UNKNOWN,No,UNKNOWN,Working at Height,UNKNOWN,UNKNOWN,UNKNOWN,UNKNOWN,2026-09-04T09:23:57Z,1.0.0,15487,False,False
sif_guard_seed__OIL-00869,SIF-Guard project (internal),sif_guard_seed,N/A (internal project file),OIL-00869,synthetic,True,2025-10-27,Site A - Duliajan,oil_and_gas,Near Miss,Working at Height,Scaffold tag was found slightly discolored and hard to read; replaced during routine check. Noted during the daily safety walk.,None identified,UNKNOWN,UNKNOWN,Scaffold inspection tag,Adequate / Minor Gap,UNKNOWN,UNKNOWN,No,UNKNOWN,Working at Height,UNKNOWN,UNKNOWN,UNKNOWN,UNKNOWN,2026-09-04T09:23:57Z,1.0.0,15487,False,False
sif_guard_seed__OIL-00992,SIF-Guard project (internal),sif_guard_seed,N/A (internal project file),OIL-00992,synthetic,True,2026-01-25,Site D - Jorajan,oil_and_gas,UA,Scaffolding,Scaffold tag was found slightly discolored and hard to read; replaced during routine check. Noted during the daily safety walk.,None identified,UNKNOWN,UNKNOWN,Fall protection/harness,Adequate / Minor Gap,UNKNOWN,UNKNOWN,No,UNKNOWN,Working at Height,UNKNOWN,UNKNOWN,UNKNOWN,UNKNOWN,2026-09-04T09:23:57Z,1.0.0,15487,False,False
sif_guard_seed__OIL-00994,SIF-Guard project (internal),sif_guard_seed,N/A (internal project file),OIL-00994,synthetic,True,2026-01-26,Site A - Duliajan,oil_and_gas,UC,Scaffolding,Scaffold tag was found slightly discolored and hard to read; replaced during routine check. Noted during the daily safety walk.,None identified,UNKNOWN,UNKNOWN,Anchor point verification,Adequate / Minor Gap,UNKNOWN,UNKNOWN,No,UNKNOWN,Working at Height,UNKNOWN,UNKNOWN,UNKNOWN,UNKNOWN,2026-09-04T09:23:57Z,1.0.0,15487,False,False
sif_guard_seed__OIL-01119,SIF-Guard project (internal),sif_guard_seed,N/A (internal project file),OIL-01119,synthetic,True,2026-04-13,Site A - Duliajan,oil_and_gas,UC,Scaffolding,Scaffold tag was found slightly discolored and hard to read; replaced during routine check. Noted during the daily safety walk.,None identified,UNKNOWN,UNKNOWN,Fall protection/harness,Adequate / Minor Gap,UNKNOWN,UNKNOWN,No,UNKNOWN,Working at Height,UNKNOWN,UNKNOWN,UNKNOWN,UNKNOWN,2026-09-04T09:23:57Z,1.0.0,15487,False,False
sif_guard_seed__OIL-01196,SIF-Guard project (internal),sif_guard_seed,N/A (internal project file),OIL-01196,synthetic,True,2026-06-11,Site B - Moran,oil_and_gas,UA,Working at Height,Scaffold tag was found slightly discolored and hard to read; replaced during routine check. Noted during the daily safety walk.,None identified,UNKNOWN,UNKNOWN,Fall protection/harness,Adequate / Minor Gap,UNKNOWN,UNKNOWN,No,UNKNOWN,Working at Height,UNKNOWN,UNKNOWN,UNKNOWN,UNKNOWN,2026-09-04T09:23:57Z,1.0.0,15487,False,False
sif_guard_seed__OIL-01216,SIF-Guard project (internal),sif_guard_seed,N/A (internal project file),OIL-01216,synthetic,True,2026-06-21,Site A - Duliajan,oil_and_gas,UC,Scaffolding,Scaffold tag was found slightly discolored and hard to read; replaced during routine check. Noted during the daily safety walk.,None identified,UNKNOWN,UNKNOWN,Anchor point verification,Adequate / Minor Gap,UNKNOWN,UNKNOWN,No,UNKNOWN,Working at Height,UNKNOWN,UNKNOWN,UNKNOWN,UNKNOWN,2026-09-04T09:23:57Z,1.0.0,15487,False,False
sif_guard_seed__OIL-00326,SIF-Guard project (internal),sif_guard_seed,N/A (internal project file),OIL-00326,real_ihm_stefanini,False,2017-02-13,Real-Local_08,oil_and_gas,Incident,Metals,"While preparing to mount polypropylene tubing, the employee pulled the pickup from the truck and positioned it in place, pressing the finger between the tube and the concrete wall.",Pressed,UNKNOWN,UNKNOWN,Unknown (not recorded in source),Unknown,UNKNOWN,UNKNOWN,No,UNKNOWN,Unmapped,UNKNOWN,UNKNOWN,UNKNOWN,UNKNOWN,2026-09-04T09:23:57Z,1.0.0,0,False,False
sif_guard_seed__OIL-01267,SIF-Guard project (internal),sif_guard_seed,N/A (internal project file),OIL-01267,synthetic,True,2026-07-25,Site E - Barekuri Pipeline,oil_and_gas,UC,Transportation,Tyre pressure was marginally low on a parked vehicle; corrected during routine check. Addressed before the shift ended.,None identified,UNKNOWN,UNKNOWN,Speed compliance,Adequate / Minor Gap,UNKNOWN,UNKNOWN,No,UNKNOWN,Driving,UNKNOWN,UNKNOWN,UNKNOWN,UNKNOWN,2026-09-04T09:23:57Z,1.0.0,0,False,False
sif_guard_seed__OIL-00575,SIF-Guard project (internal),sif_guard_seed,N/A (internal project file),OIL-00575,synthetic,True,2025-04-17,Site D - Jorajan,oil_and_gas,UA,Production Operations,Minor housekeeping issue: warning cones slightly misplaced near a low-traffic walkway. Addressed before the shift ended.,None identified,UNKNOWN,UNKNOWN,Positioning awareness,Adequate / Minor Gap,UNKNOWN,UNKNOWN,No,UNKNOWN,Line of Fire,UNKNOWN,UNKNOWN,UNKNOWN,UNKNOWN,2026-09-04T09:23:57Z,1.0.0,15462,False,False
sif_guard_seed__OIL-00728,SIF-Guard project (internal),sif_guard_seed,N/A (internal project file),OIL-00728,synthetic,True,2025-07-21,Site E - Barekuri Pipeline,oil_and_gas,UA,Excavation,Minor housekeeping issue: warning cones slightly misplaced near a low-traffic walkway. Addressed before the shift ended.,None identified,UNKNOWN,UNKNOWN,Positioning awareness,Adequate / Minor Gap,UNKNOWN,UNKNOWN,No,UNKNOWN,Line of Fire,UNKNOWN,UNKNOWN,UNKNOWN,UNKNOWN,2026-09-04T09:23:57Z,1.0.0,15462,False,False
sif_guard_seed__OIL-01184,SIF-Guard project (internal),sif_guard_seed,N/A (internal project file),OIL-01184,synthetic,True,2026-06-03,Site C - Kumchai,oil_and_gas,UC,Transportation,Minor housekeeping issue: warning cones slightly misplaced near a low-traffic walkway. Addressed before the shift ended.,None identified,UNKNOWN,UNKNOWN,Barricading/exclusion zone,Adequate / Minor Gap,UNKNOWN,UNKNOWN,No,UNKNOWN,Line of Fire,UNKNOWN,UNKNOWN,UNKNOWN,UNKNOWN,2026-09-04T09:23:57Z,1.0.0,15462,False,False
sif_guard_seed__OIL-01301,SIF-Guard project (internal),sif_guard_seed,N/A (internal project file),OIL-01301,synthetic,True,2026-08-20,Site A - Duliajan,oil_and_gas,UC,Electrical Work,Isolation tag on the compressor unit was found slightly faded and needs replacement; work was not affected.,None identified,UNKNOWN,UNKNOWN,Isolation certificate,Adequate / Minor Gap,UNKNOWN,UNKNOWN,No,UNKNOWN,Energy Isolation,UNKNOWN,UNKNOWN,UNKNOWN,UNKNOWN,2026-09-04T09:23:57Z,1.0.0,0,False,False
sif_guard_seed__OIL-01186,SIF-Guard project (internal),sif_guard_seed,N/A (internal project file),OIL-01186,synthetic,True,2026-06-04,Site E - Barekuri Pipeline,oil_and_gas,Near Miss,Confined Space Entry,A shift technician entered a pit for cable work without checking for oxygen deficiency; gas detector was not carried. No injury occurred.,Engulfment,UNKNOWN,UNKNOWN,Gas testing,Bypassed,UNKNOWN,UNKNOWN,Yes,UNKNOWN,Confined Space,UNKNOWN,UNKNOWN,UNKNOWN,UNKNOWN,2026-09-04T09:23:57Z,1.0.0,0,False,False
sif_guard_seed__OIL-00334,SIF-Guard project (internal),sif_guard_seed,N/A (internal project file),OIL-00334,real_ihm_stefanini,False,2017-02-17,Real-Local_01,oil_and_gas,Incident,Mining,"At the conclusion of the unloading of ore with the AMP-819 plate tipper, in the pit 01, the driver notices that a stretch of support mesh is stuck in the hopper hatch; then the driver gets off his equipment (with the hopper lifted) to remove with his hands this mesh, when generating force, fine particles of rock fall and one of them is impregnated in the eye of the injured. At the time of the incident, the injured person used his measuring glasses and did not have any surcharges.",Projection,UNKNOWN,UNKNOWN,Unknown (not recorded in source),Unknown,UNKNOWN,UNKNOWN,Yes,UNKNOWN,Line of Fire,UNKNOWN,UNKNOWN,UNKNOWN,UNKNOWN,2026-09-04T09:23:57Z,1.0.0,0,False,False
sif_guard_seed__OIL-00014,SIF-Guard project (internal),sif_guard_seed,N/A (internal project file),OIL-00014,real_ihm_stefanini,False,2016-02-02,Real-Local_01,oil_and_gas,Incident,Mining,"In moments that the operator of the Jumbo 2, tried energize your equipment to proceed to the installation of 4 split set at intersection 544 of Nv 3300, remove the lock and opening the electric board of 440V and 400A, and when lifting the thermomagnetic key This makes phase to ground - phase contact with the panel shell - producing a flash which reaches the operator causing the injury described.",Electrical installation,UNKNOWN,UNKNOWN,Unknown (not recorded in source),Unknown,UNKNOWN,UNKNOWN,Yes,UNKNOWN,Energy Isolation,UNKNOWN,UNKNOWN,UNKNOWN,UNKNOWN,2026-09-04T09:23:57Z,1.0.0,0,False,False
sif_guard_seed__OIL-00501,SIF-Guard project (internal),sif_guard_seed,N/A (internal project file),OIL-00501,synthetic,True,2025-02-27,Site B - Moran,oil_and_gas,UA,Production Operations,Stationery shelf in the site office was found disorganized during a routine walk-through. No further action required.,None identified,UNKNOWN,UNKNOWN,UNKNOWN,UNKNOWN,UNKNOWN,UNKNOWN,No,UNKNOWN,UNKNOWN,UNKNOWN,UNKNOWN,UNKNOWN,UNKNOWN,2026-09-04T09:23:57Z,1.0.0,0,False,False
sif_guard_seed__OIL-00965,SIF-Guard project (internal),sif_guard_seed,N/A (internal project file),OIL-00965,synthetic,True,2026-01-05,Site B - Moran,oil_and_gas,UC,Production Operations,A rigger reported that the office AC filter needed cleaning. Logged for routine follow-up.,None identified,UNKNOWN,UNKNOWN,UNKNOWN,UNKNOWN,UNKNOWN,UNKNOWN,No,UNKNOWN,UNKNOWN,UNKNOWN,UNKNOWN,UNKNOWN,UNKNOWN,2026-09-04T09:23:57Z,1.0.0,0,False,False
sif_guard_seed__OIL-00714,SIF-Guard project (internal),sif_guard_seed,N/A (internal project file),OIL-00714,synthetic,True,2025-07-12,Site C - Kumchai,oil_and_gas,UA,Electrical Work,Isolation tag on the hydraulic line was found slightly faded and needs replacement; work was not affected. Addressed before the shift ended.,None identified,UNKNOWN,UNKNOWN,Zero-energy check,Adequate / Minor Gap,UNKNOWN,UNKNOWN,No,UNKNOWN,Energy Isolation,UNKNOWN,UNKNOWN,UNKNOWN,UNKNOWN,2026-09-04T09:23:57Z,1.0.0,0,False,False
sif_guard_seed__OIL-00439,SIF-Guard project (internal),sif_guard_seed,N/A (internal project file),OIL-00439,synthetic,True,2025-01-07,Site A - Duliajan,oil_and_gas,UC,Maintenance,"General cleanliness observation: canteen floor was slightly wet near the entrance, mopped promptly. Logged for routine follow-up.",None identified,UNKNOWN,UNKNOWN,UNKNOWN,UNKNOWN,UNKNOWN,UNKNOWN,No,UNKNOWN,UNKNOWN,UNKNOWN,UNKNOWN,UNKNOWN,UNKNOWN,2026-09-04T09:23:57Z,1.0.0,15425,False,False
sif_guard_seed__OIL-00690,SIF-Guard project (internal),sif_guard_seed,N/A (internal project file),OIL-00690,synthetic,True,2025-06-26,Site C - Kumchai,oil_and_gas,UC,Production Operations,"General cleanliness observation: canteen floor was slightly wet near the entrance, mopped promptly. Logged for routine follow-up.",None identified,UNKNOWN,UNKNOWN,UNKNOWN,UNKNOWN,UNKNOWN,UNKNOWN,No,UNKNOWN,UNKNOWN,UNKNOWN,UNKNOWN,UNKNOWN,UNKNOWN,2026-09-04T09:23:57Z,1.0.0,15425,False,False
sif_guard_seed__OIL-00673,SIF-Guard project (internal),sif_guard_seed,N/A (internal project file),OIL-00673,synthetic,True,2025-06-19,Site E - Barekuri Pipeline,oil_and_gas,Near Miss,Hot Work,A contract technician continued welding after the hot work permit had expired. Fortunately no one was in the immediate vicinity at the time.,Ignition of flammable material,UNKNOWN,UNKNOWN,Fire watch,Missing,UNKNOWN,UNKNOWN,Yes,UNKNOWN,Hot Work,UNKNOWN,UNKNOWN,UNKNOWN,UNKNOWN,2026-09-04T09:23:57Z,1.0.0,0,False,False
sif_guard_seed__OIL-01305,SIF-Guard project (internal),sif_guard_seed,N/A (internal project file),OIL-01305,synthetic,True,2026-08-23,Site A - Duliajan,oil_and_gas,UA,Maintenance,A new joinee was found not wearing safety glasses while filing paperwork in the site office.,None identified,UNKNOWN,UNKNOWN,UNKNOWN,UNKNOWN,UNKNOWN,UNKNOWN,No,UNKNOWN,UNKNOWN,UNKNOWN,UNKNOWN,UNKNOWN,UNKNOWN,2026-09-04T09:23:57Z,1.0.0,0,False,False
sif_guard_seed__OIL-01190,SIF-Guard project (internal),sif_guard_seed,N/A (internal project file),OIL-01190,synthetic,True,2026-06-07,Site E - Barekuri Pipeline,oil_and_gas,UA,Production Operations,A field engineer bypassed the LOTO tag and re-energized the gas compressor skid while another crew was still working on it. Corrective action was raised on the spot.,Unexpected energy release,UNKNOWN,UNKNOWN,Isolation verification,Failed,UNKNOWN,UNKNOWN,Yes,UNKNOWN,Energy Isolation,UNKNOWN,UNKNOWN,UNKNOWN,UNKNOWN,2026-09-04T09:23:57Z,1.0.0,0,False,False
sif_guard_seed__OIL-01092,SIF-Guard project (internal),sif_guard_seed,N/A (internal project file),OIL-01092,synthetic,True,2026-04-04,Site E - Barekuri Pipeline,oil_and_gas,UA,Electrical Work,Isolation tag on the wellhead valve assembly was found slightly faded and needs replacement; work was not affected.,None identified,UNKNOWN,UNKNOWN,Isolation certificate,Adequate / Minor Gap,UNKNOWN,UNKNOWN,No,UNKNOWN,Energy Isolation,UNKNOWN,UNKNOWN,UNKNOWN,UNKNOWN,2026-09-04T09:23:57Z,1.0.0,0,False,False
sif_guard_seed__OIL-01220,SIF-Guard project (internal),sif_guard_seed,N/A (internal project file),OIL-01220,synthetic,True,2026-06-23,Site C - Kumchai,oil_and_gas,UC,Maintenance,A shift technician observed a torn notice board sheet near the muster point; replaced during rounds.,None identified,UNKNOWN,UNKNOWN,UNKNOWN,UNKNOWN,UNKNOWN,UNKNOWN,No,UNKNOWN,UNKNOWN,UNKNOWN,UNKNOWN,UNKNOWN,UNKNOWN,2026-09-04T09:23:57Z,1.0.0,15378,False,False
sif_guard_seed__OIL-01276,SIF-Guard project (internal),sif_guard_seed,N/A (internal project file),OIL-01276,synthetic,True,2026-07-31,Site E - Barekuri Pipeline,oil_and_gas,UA,Housekeeping,A shift technician observed a torn notice board sheet near the muster point; replaced during rounds.,None identified,UNKNOWN,UNKNOWN,UNKNOWN,UNKNOWN,UNKNOWN,UNKNOWN,No,UNKNOWN,UNKNOWN,UNKNOWN,UNKNOWN,UNKNOWN,UNKNOWN,2026-09-04T09:23:57Z,1.0.0,15378,False,False
sif_guard_seed__OIL-00409,SIF-Guard project (internal),sif_guard_seed,N/A (internal project file),OIL-00409,real_ihm_stefanini,False,2017-06-15,Real-Local_03,oil_and_gas,Incident,Mining,"The convoy of the locomotive 15 operated by Mr. Tito is located in hopper OP2 positioning the 1st car under the hopper, the assistant does not observe anything out of the ordinary (dry load there is no presence of water) and initiates the chute, for this, the hydraulic module of the hopper is switched on and with the controls it slightly moves the hopper handle and an untimely flow of water and mud splashes the operator generating the described injury, in addition the collaborator was 7 meters from the line of fire",Projection,UNKNOWN,UNKNOWN,Unknown (not recorded in source),Unknown,UNKNOWN,UNKNOWN,Yes,UNKNOWN,Line of Fire,UNKNOWN,UNKNOWN,UNKNOWN,UNKNOWN,2026-09-04T09:23:57Z,1.0.0,0,False,False
sif_guard_seed__OIL-00916,SIF-Guard project (internal),sif_guard_seed,N/A (internal project file),OIL-00916,synthetic,True,2025-11-30,Site A - Duliajan,oil_and_gas,UA,Maintenance,Isolation tag on the gas compressor skid was found slightly faded and needs replacement; work was not affected.,None identified,UNKNOWN,UNKNOWN,Zero-energy check,Adequate / Minor Gap,UNKNOWN,UNKNOWN,No,UNKNOWN,Energy Isolation,UNKNOWN,UNKNOWN,UNKNOWN,UNKNOWN,2026-09-04T09:23:57Z,1.0.0,0,False,False
sif_guard_seed__OIL-00047,SIF-Guard project (internal),sif_guard_seed,N/A (internal project file),OIL-00047,real_ihm_stefanini,False,2016-03-04,Real-Local_06,oil_and_gas,Incident,Metals,"The operator cleaned with spatula spear through one of the windows of the boiler, at that time by force action hit the window frame, causing injury to the little finger of the left hand, the operator had all EPP for boiler cleaning.",Manual Tools,UNKNOWN,UNKNOWN,Unknown (not recorded in source),Unknown,UNKNOWN,UNKNOWN,No,UNKNOWN,Unmapped,UNKNOWN,UNKNOWN,UNKNOWN,UNKNOWN,2026-09-04T09:23:57Z,1.0.0,0,False,False
sif_guard_seed__OIL-00989,SIF-Guard project (internal),sif_guard_seed,N/A (internal project file),OIL-00989,synthetic,True,2026-01-24,Site B - Moran,oil_and_gas,UC,Confined Space Entry,"Confined space permit paperwork had a minor date entry error, corrected before entry. Corrected on the spot.",None identified,UNKNOWN,UNKNOWN,Gas testing,Adequate / Minor Gap,UNKNOWN,UNKNOWN,No,UNKNOWN,Confined Space,UNKNOWN,UNKNOWN,UNKNOWN,UNKNOWN,2026-09-04T09:23:57Z,1.0.0,0,False,False
sif_guard_seed__OIL-00817,SIF-Guard project (internal),sif_guard_seed,N/A (internal project file),OIL-00817,synthetic,True,2025-09-19,Site D - Jorajan,oil_and_gas,Near Miss,Production Operations,A dropped tool fell from height and narrowly missed an operator working below on the wellhead valve assembly area. The activity was halted and the area was made safe.,Struck by falling/moving object,UNKNOWN,UNKNOWN,Suspended load control,Failed,UNKNOWN,UNKNOWN,Yes,UNKNOWN,Line of Fire,UNKNOWN,UNKNOWN,UNKNOWN,UNKNOWN,2026-09-04T09:23:57Z,1.0.0,0,False,False
sif_guard_seed__OIL-00452,SIF-Guard project (internal),sif_guard_seed,N/A (internal project file),OIL-00452,synthetic,True,2025-01-15,Site A - Duliajan,oil_and_gas,UC,Maintenance,"A third-party worker began repair work on the transformer bay without confirming zero-energy state, panel was later found live.",Stored/residual energy,UNKNOWN,UNKNOWN,Isolation verification,Missing,UNKNOWN,UNKNOWN,Yes,UNKNOWN,Energy Isolation,UNKNOWN,UNKNOWN,UNKNOWN,UNKNOWN,2026-09-04T09:23:57Z,1.0.0,0,False,False
sif_guard_seed__OIL-00437,SIF-Guard project (internal),sif_guard_seed,N/A (internal project file),OIL-00437,synthetic,True,2025-01-05,Site D - Jorajan,oil_and_gas,UC,Maintenance,Interlock test was carried out as per schedule with no deviation found. Noted during the daily safety walk.,None identified,UNKNOWN,UNKNOWN,Alarm system,Adequate / Minor Gap,UNKNOWN,UNKNOWN,No,UNKNOWN,Bypassing Safety Controls,UNKNOWN,UNKNOWN,UNKNOWN,UNKNOWN,2026-09-04T09:23:57Z,1.0.0,15439,False,False
sif_guard_seed__OIL-00737,SIF-Guard project (internal),sif_guard_seed,N/A (internal project file),OIL-00737,synthetic,True,2025-07-25,Site E - Barekuri Pipeline,oil_and_gas,UC,Maintenance,Interlock test was carried out as per schedule with no deviation found. Noted during the daily safety walk.,None identified,UNKNOWN,UNKNOWN,Permit conditions,Adequate / Minor Gap,UNKNOWN,UNKNOWN,No,UNKNOWN,Bypassing Safety Controls,UNKNOWN,UNKNOWN,UNKNOWN,UNKNOWN,2026-09-04T09:23:57Z,1.0.0,15439,False,False
sif_guard_seed__OIL-00187,SIF-Guard project (internal),sif_guard_seed,N/A (internal project file),OIL-00187,real_ihm_stefanini,False,2016-08-04,Real-Local_08,oil_and_gas,Incident,Metals,"When removing the cap from the wear plate of the Warman LX-BB-01 pump, the left hand of the employee who was with the glove slipped came to have contact with the cutting part of the board.",Cut,UNKNOWN,UNKNOWN,Unknown (not recorded in source),Unknown,UNKNOWN,UNKNOWN,No,UNKNOWN,Unmapped,UNKNOWN,UNKNOWN,UNKNOWN,UNKNOWN,2026-09-04T09:23:57Z,1.0.0,0,False,False
sif_guard_seed__OIL-00052,SIF-Guard project (internal),sif_guard_seed,N/A (internal project file),OIL-00052,real_ihm_stefanini,False,2016-03-11,Real-Local_03,oil_and_gas,Incident,Mining,"In circumstances that two workers of the company INCIMMET made the loading of explosives using an equipment anfoloader, in a front of the work - sustained with shotcreterepentinamente of the right superior part of the crown, a piece of rock of approx. 9. kg, (0.2mx0.15mx0.10m), impacting on the basket and on the back of the helper who was in the basket suspended at 2.2 m height, moments later a block of rock is detached from the wall of the gable approx. 1,500 kg. (1.20mx1.10mx0.40m), which impacts the ampoloader team and part of this block injures the operator of the ampoloader team who was standing on the ground. The equipment anfoloader has a cabin with protection ROPs and FOPs, at the time of the accident both workers used helmets and safety boots. Both suffered polyontusions and minor scoria injuries.",Others,UNKNOWN,UNKNOWN,Unknown (not recorded in source),Unknown,UNKNOWN,UNKNOWN,Yes,UNKNOWN,Unmapped,UNKNOWN,UNKNOWN,UNKNOWN,UNKNOWN,2026-09-04T09:23:57Z,1.0.0,0,False,False
sif_guard_seed__OIL-00054,SIF-Guard project (internal),sif_guard_seed,N/A (internal project file),OIL-00054,real_ihm_stefanini,False,2016-03-13,Real-Local_03,oil_and_gas,Incident,Mining,"The mechanic assistant after throwing the wooden blocks of support of the stabilizer of the Hiab crane truck to the ground, when descending from the truck by the access ladder when arriving at the last step jumps towards the ground - height of 69cm - treading the edge of one of The wooden blocks cause an injury to the left ankle.",Others,UNKNOWN,UNKNOWN,Unknown (not recorded in source),Unknown,UNKNOWN,UNKNOWN,Yes,UNKNOWN,Unmapped,UNKNOWN,UNKNOWN,UNKNOWN,UNKNOWN,2026-09-04T09:23:57Z,1.0.0,0,False,False
sif_guard_seed__OIL-00678,SIF-Guard project (internal),sif_guard_seed,N/A (internal project file),OIL-00678,synthetic,True,2025-06-21,Site A - Duliajan,oil_and_gas,UC,Lifting Operations,A maintenance crew member observed faded exclusion-zone markings near the compressor unit; reported for repainting.,None identified,UNKNOWN,UNKNOWN,Positioning awareness,Adequate / Minor Gap,UNKNOWN,UNKNOWN,No,UNKNOWN,Line of Fire,UNKNOWN,UNKNOWN,UNKNOWN,UNKNOWN,2026-09-04T09:23:57Z,1.0.0,0,False,False
sif_guard_seed__OIL-00966,SIF-Guard project (internal),sif_guard_seed,N/A (internal project file),OIL-00966,synthetic,True,2026-01-06,Site B - Moran,oil_and_gas,UC,Vehicle Movement,Journey management plan was not filed before an operator undertook a long-distance site transfer.,Rollover,UNKNOWN,UNKNOWN,Journey management plan,Missing,UNKNOWN,UNKNOWN,Yes,UNKNOWN,Driving,UNKNOWN,UNKNOWN,UNKNOWN,UNKNOWN,2026-09-04T09:23:57Z,1.0.0,0,False,False
sif_guard_seed__OIL-00172,SIF-Guard project (internal),sif_guard_seed,N/A (internal project file),OIL-00172,real_ihm_stefanini,False,2016-07-11,Real-Local_05,oil_and_gas,Incident,Metals,"The accident occurred at the time an employee of the partner company SF carried out unloading operation of bladder bags. By cutting the bag for charging of the boom into the silo truck's delivery mouth, the inner plastic bag surrounding the contents abruptly dropped and a large amount of material fell onto the cone (funnel). The cone fell over and the injured man stood with his leg pressed between him and the body guard of the scaffold. There was external medical attention and it was verified that there was no fracture",Suspended Loads,UNKNOWN,UNKNOWN,Unknown (not recorded in source),Unknown,UNKNOWN,UNKNOWN,Yes,UNKNOWN,Line of Fire,UNKNOWN,UNKNOWN,UNKNOWN,UNKNOWN,2026-09-04T09:23:57Z,1.0.0,0,False,False
sif_guard_seed__OIL-00885,SIF-Guard project (internal),sif_guard_seed,N/A (internal project file),OIL-00885,synthetic,True,2025-11-06,Site C - Kumchai,oil_and_gas,UC,Maintenance,A rigger was found not wearing safety glasses while filing paperwork in the site office. Addressed before the shift ended.,None identified,UNKNOWN,UNKNOWN,UNKNOWN,UNKNOWN,UNKNOWN,UNKNOWN,No,UNKNOWN,UNKNOWN,UNKNOWN,UNKNOWN,UNKNOWN,UNKNOWN,2026-09-04T09:23:57Z,1.0.0,15374,False,False
sif_guard_seed__OIL-00974,SIF-Guard project (internal),sif_guard_seed,N/A (internal project file),OIL-00974,synthetic,True,2026-01-13,Site A - Duliajan,oil_and_gas,UA,Production Operations,A rigger was found not wearing safety glasses while filing paperwork in the site office. Addressed before the shift ended.,None identified,UNKNOWN,UNKNOWN,UNKNOWN,UNKNOWN,UNKNOWN,UNKNOWN,No,UNKNOWN,UNKNOWN,UNKNOWN,UNKNOWN,UNKNOWN,UNKNOWN,2026-09-04T09:23:57Z,1.0.0,15374,False,False
sif_guard_seed__OIL-01261,SIF-Guard project (internal),sif_guard_seed,N/A (internal project file),OIL-01261,synthetic,True,2026-07-21,Site C - Kumchai,oil_and_gas,Near Miss,Lifting Operations,No competent banksman was present while a new joinee directed a crane lift. This was flagged as a high-priority observation.,Crane instability,UNKNOWN,UNKNOWN,Load chart compliance,Failed,UNKNOWN,UNKNOWN,Yes,UNKNOWN,Safe Mechanical Lifting,UNKNOWN,UNKNOWN,UNKNOWN,UNKNOWN,2026-09-04T09:23:57Z,1.0.0,0,False,False
sif_guard_seed__OIL-01136,SIF-Guard project (internal),sif_guard_seed,N/A (internal project file),OIL-01136,synthetic,True,2026-04-25,Site A - Duliajan,oil_and_gas,Incident,Production Operations,LOTO was not applied before a shift technician attempted to remove a valve on the hydraulic line; potential for unexpected energy release. This was flagged as a high-priority observation.,Electrical shock,UNKNOWN,UNKNOWN,Isolation certificate,Missing,UNKNOWN,UNKNOWN,Yes,UNKNOWN,Energy Isolation,UNKNOWN,UNKNOWN,UNKNOWN,UNKNOWN,2026-09-04T09:23:57Z,1.0.0,0,False,False
sif_guard_seed__OIL-00206,SIF-Guard project (internal),sif_guard_seed,N/A (internal project file),OIL-00206,real_ihm_stefanini,False,2016-09-04,Real-Local_03,oil_and_gas,Incident,Mining,"On the surface, in the dining room of employees of the unit, while the collaborator performed the chicken habilitation for lunch using a kitchen knife, it comes into contact with the distal part of the second finger of the left hand causing the injury described . During the accident the employee did not use his specific height gloves for this type of work.",Others,UNKNOWN,UNKNOWN,Unknown (not recorded in source),Unknown,UNKNOWN,UNKNOWN,No,UNKNOWN,Unmapped,UNKNOWN,UNKNOWN,UNKNOWN,UNKNOWN,2026-09-04T09:23:57Z,1.0.0,0,False,False
sif_guard_seed__OIL-01254,SIF-Guard project (internal),sif_guard_seed,N/A (internal project file),OIL-01254,synthetic,True,2026-07-15,Site A - Duliajan,oil_and_gas,Near Miss,Lifting Operations,Rigging sling was found frayed but a rigger continued the lift without inspection. Corrective action was raised on the spot.,Rigging failure,UNKNOWN,UNKNOWN,Lift plan,Missing,UNKNOWN,UNKNOWN,Yes,UNKNOWN,Safe Mechanical Lifting,UNKNOWN,UNKNOWN,UNKNOWN,UNKNOWN,2026-09-04T09:23:57Z,1.0.0,0,False,False
sif_guard_seed__OIL-00288,SIF-Guard project (internal),sif_guard_seed,N/A (internal project file),OIL-00288,real_ihm_stefanini,False,2017-01-05,Real-Local_03,oil_and_gas,Incident,Mining,"During the mechanized support activity in the level 3450 - Tajo when lifting the support mesh on the platform of the Scissor equipment, the employee with a stumble feels a pain in the heel of the left foot.",Others,UNKNOWN,UNKNOWN,Unknown (not recorded in source),Unknown,UNKNOWN,UNKNOWN,No,UNKNOWN,Unmapped,UNKNOWN,UNKNOWN,UNKNOWN,UNKNOWN,2026-09-04T09:23:57Z,1.0.0,0,False,False
sif_guard_seed__OIL-00442,SIF-Guard project (internal),sif_guard_seed,N/A (internal project file),OIL-00442,synthetic,True,2025-01-07,Site C - Kumchai,oil_and_gas,Incident,Maintenance,Noise from a printer in the office was reported as mildly disruptive. Noted during the daily safety walk.,None identified,UNKNOWN,UNKNOWN,UNKNOWN,UNKNOWN,UNKNOWN,UNKNOWN,No,UNKNOWN,UNKNOWN,UNKNOWN,UNKNOWN,UNKNOWN,UNKNOWN,2026-09-04T09:23:57Z,1.0.0,15470,False,False
sif_guard_seed__OIL-01030,SIF-Guard project (internal),sif_guard_seed,N/A (internal project file),OIL-01030,synthetic,True,2026-02-23,Site A - Duliajan,oil_and_gas,Near Miss,Production Operations,Noise from a printer in the office was reported as mildly disruptive. Noted during the daily safety walk.,None identified,UNKNOWN,UNKNOWN,UNKNOWN,UNKNOWN,UNKNOWN,UNKNOWN,No,UNKNOWN,UNKNOWN,UNKNOWN,UNKNOWN,UNKNOWN,UNKNOWN,2026-09-04T09:23:57Z,1.0.0,15470,False,False
sif_guard_seed__OIL-00466,SIF-Guard project (internal),sif_guard_seed,N/A (internal project file),OIL-00466,synthetic,True,2025-01-27,Site D - Jorajan,oil_and_gas,Incident,Maintenance,A maintenance crew member reported that the office AC filter needed cleaning. Corrected on the spot.,None identified,UNKNOWN,UNKNOWN,UNKNOWN,UNKNOWN,UNKNOWN,UNKNOWN,No,UNKNOWN,UNKNOWN,UNKNOWN,UNKNOWN,UNKNOWN,UNKNOWN,2026-09-04T09:23:57Z,1.0.0,15361,False,False
sif_guard_seed__OIL-00963,SIF-Guard project (internal),sif_guard_seed,N/A (internal project file),OIL-00963,synthetic,True,2026-01-05,Site D - Jorajan,oil_and_gas,UC,Production Operations,A maintenance crew member reported that the office AC filter needed cleaning. Corrected on the spot.,None identified,UNKNOWN,UNKNOWN,UNKNOWN,UNKNOWN,UNKNOWN,UNKNOWN,No,UNKNOWN,UNKNOWN,UNKNOWN,UNKNOWN,UNKNOWN,UNKNOWN,2026-09-04T09:23:57Z,1.0.0,15361,False,False
sif_guard_seed__OIL-00498,SIF-Guard project (internal),sif_guard_seed,N/A (internal project file),OIL-00498,synthetic,True,2025-02-24,Site D - Jorajan,oil_and_gas,UA,Production Operations,A shift technician reported a flickering light in the break room; maintenance ticket raised. Logged for routine follow-up.,None identified,UNKNOWN,UNKNOWN,UNKNOWN,UNKNOWN,UNKNOWN,UNKNOWN,No,UNKNOWN,UNKNOWN,UNKNOWN,UNKNOWN,UNKNOWN,UNKNOWN,2026-09-04T09:23:57Z,1.0.0,0,False,False
sif_guard_seed__OIL-01264,SIF-Guard project (internal),sif_guard_seed,N/A (internal project file),OIL-01264,synthetic,True,2026-07-23,Site A - Duliajan,oil_and_gas,Near Miss,Maintenance,Gas testing equipment battery indicator was low but was replaced before any entry occurred. Noted during the daily safety walk.,None identified,UNKNOWN,UNKNOWN,Continuous atmosphere monitoring,Adequate / Minor Gap,UNKNOWN,UNKNOWN,No,UNKNOWN,Confined Space,UNKNOWN,UNKNOWN,UNKNOWN,UNKNOWN,2026-09-04T09:23:57Z,1.0.0,0,False,False
sif_guard_seed__OIL-00044,SIF-Guard project (internal),sif_guard_seed,N/A (internal project file),OIL-00044,real_ihm_stefanini,False,2016-03-02,Real-Local_08,oil_and_gas,Incident,Metals,"The operator was in the center (Demag IV), performing maintenance. When transporting the hydraulic cylinder with the help of another operator the official was unbalanced coming the cylinder that carried to press his finger (Left thumb) against the pillar of support of the oven specified below (figure).",Pressed,UNKNOWN,UNKNOWN,Unknown (not recorded in source),Unknown,UNKNOWN,UNKNOWN,No,UNKNOWN,Unmapped,UNKNOWN,UNKNOWN,UNKNOWN,UNKNOWN,2026-09-04T09:23:57Z,1.0.0,0,False,False
sif_guard_seed__OIL-00223,SIF-Guard project (internal),sif_guard_seed,N/A (internal project file),OIL-00223,real_ihm_stefanini,False,2016-09-22,Real-Local_01,oil_and_gas,Incident,Mining,In circumstances in which the operator of bolter N ° 8 went down the ladder to the height of the resting platform - at 0.80 m. floor level - slips off balance by hitting your back against the handrail of the operator's door. At the time of the event the injured person used all his EPP's.,Others,UNKNOWN,UNKNOWN,Unknown (not recorded in source),Unknown,UNKNOWN,UNKNOWN,Yes,UNKNOWN,Unmapped,UNKNOWN,UNKNOWN,UNKNOWN,UNKNOWN,2026-09-04T09:23:57Z,1.0.0,0,False,False
sif_guard_seed__OIL-01071,SIF-Guard project (internal),sif_guard_seed,N/A (internal project file),OIL-01071,synthetic,True,2026-03-19,Site C - Kumchai,oil_and_gas,UA,Production Operations,A new joinee was found not wearing safety glasses while filing paperwork in the site office. Noted during the daily safety walk.,None identified,UNKNOWN,UNKNOWN,UNKNOWN,UNKNOWN,UNKNOWN,UNKNOWN,No,UNKNOWN,UNKNOWN,UNKNOWN,UNKNOWN,UNKNOWN,UNKNOWN,2026-09-04T09:23:57Z,1.0.0,15369,False,False
sif_guard_seed__OIL-01223,SIF-Guard project (internal),sif_guard_seed,N/A (internal project file),OIL-01223,synthetic,True,2026-06-24,Site A - Duliajan,oil_and_gas,UA,Maintenance,A new joinee was found not wearing safety glasses while filing paperwork in the site office. Noted during the daily safety walk.,None identified,UNKNOWN,UNKNOWN,UNKNOWN,UNKNOWN,UNKNOWN,UNKNOWN,No,UNKNOWN,UNKNOWN,UNKNOWN,UNKNOWN,UNKNOWN,UNKNOWN,2026-09-04T09:23:57Z,1.0.0,15369,False,False
