source_dataset,source_term,mapped_rule_id,mapping_confidence,notes
ihm_stefanini_raw,Bees,Unmapped,n/a,No confident IOGP rule match for 'Bees' in Critical Risk
ihm_stefanini_raw,Blocking and isolation of energies,energy_isolation,high,
ihm_stefanini_raw,Burn,hot_work,high,
ihm_stefanini_raw,Chemical substances,Unmapped,n/a,No confident IOGP rule match for 'Chemical substances' in Critical Risk
ihm_stefanini_raw,Confined space,confined_space,high,
ihm_stefanini_raw,Cut,Unmapped,n/a,No confident IOGP rule match for 'Cut' in Critical Risk
ihm_stefanini_raw,Electrical installation,energy_isolation,high,
ihm_stefanini_raw,Electrical Shock,energy_isolation,high,
ihm_stefanini_raw,Fall,working_at_height,high,
ihm_stefanini_raw,Fall prevention,working_at_height,high,
ihm_stefanini_raw,Fall prevention (same level),Unmapped,n/a,No confident IOGP rule match for 'Fall prevention (same level)' in Critical Risk
ihm_stefanini_raw,Individual protection equipment,Unmapped,n/a,PPE gaps are a distinct failure mode from bypassing an interlock/permit/control — not a clean IOGP match.
ihm_stefanini_raw,Liquid Metal,hot_work,high,
ihm_stefanini_raw,Machine Protection,bypassing_safety_controls,high,
ihm_stefanini_raw,Manual Tools,Unmapped,n/a,No confident IOGP rule match for 'Manual Tools' in Critical Risk
ihm_stefanini_raw,Not applicable,Unmapped,n/a,No confident IOGP rule match for 'Not applicable' in Critical Risk
ihm_stefanini_raw,Others,Unmapped,n/a,No confident IOGP rule match for 'Others' in Critical Risk
ihm_stefanini_raw,Plates,Unmapped,n/a,No confident IOGP rule match for 'Plates' in Critical Risk
ihm_stefanini_raw,Poll,Unmapped,n/a,No confident IOGP rule match for 'Poll' in Critical Risk
ihm_stefanini_raw,Power lock,energy_isolation,high,
ihm_stefanini_raw,Pressed,Unmapped,n/a,No confident IOGP rule match for 'Pressed' in Critical Risk
ihm_stefanini_raw,Pressurized Systems,energy_isolation,high,
ihm_stefanini_raw,Pressurized Systems / Chemical Substances,Unmapped,n/a,No confident IOGP rule match for 'Pressurized Systems / Chemical Substances' in Critical Risk
ihm_stefanini_raw,Projection,Unmapped,n/a,No confident IOGP rule match for 'Projection' in Critical Risk
ihm_stefanini_raw,Projection of fragments,Unmapped,n/a,No confident IOGP rule match for 'Projection of fragments' in Critical Risk
ihm_stefanini_raw,Projection/Burning,Unmapped,n/a,No confident IOGP rule match for 'Projection/Burning' in Critical Risk
ihm_stefanini_raw,Projection/Choco,Unmapped,n/a,No confident IOGP rule match for 'Projection/Choco' in Critical Risk
ihm_stefanini_raw,Projection/Manual Tools,Unmapped,n/a,No confident IOGP rule match for 'Projection/Manual Tools' in Critical Risk
ihm_stefanini_raw,remains of choco,Unmapped,n/a,No confident IOGP rule match for 'remains of choco' in Critical Risk
ihm_stefanini_raw,Suspended Loads,safe_mechanical_lifting,high,
ihm_stefanini_raw,Traffic,driving,high,
ihm_stefanini_raw,Vehicles and Mobile Equipment,driving,high,
ihm_stefanini_raw,Venomous Animals,Unmapped,n/a,No confident IOGP rule match for 'Venomous Animals' in Critical Risk
severe_injury_reports_jboysen,1110,Unmapped,n/a,No confident IOGP rule match for '1110' in Event
severe_injury_reports_jboysen,1111,Unmapped,n/a,No confident IOGP rule match for '1111' in Event
severe_injury_reports_jboysen,1112,Unmapped,n/a,No confident IOGP rule match for '1112' in Event
severe_injury_reports_jboysen,1113,Unmapped,n/a,No confident IOGP rule match for '1113' in Event
severe_injury_reports_jboysen,1114,Unmapped,n/a,No confident IOGP rule match for '1114' in Event
severe_injury_reports_jboysen,1119,Unmapped,n/a,No confident IOGP rule match for '1119' in Event
severe_injury_reports_jboysen,1210,Unmapped,n/a,No confident IOGP rule match for '1210' in Event
severe_injury_reports_jboysen,1211,Unmapped,n/a,No confident IOGP rule match for '1211' in Event
severe_injury_reports_jboysen,1212,Unmapped,n/a,No confident IOGP rule match for '1212' in Event
severe_injury_reports_jboysen,1213,Unmapped,n/a,No confident IOGP rule match for '1213' in Event
severe_injury_reports_jboysen,1214,Unmapped,n/a,No confident IOGP rule match for '1214' in Event
severe_injury_reports_jboysen,1215,Unmapped,n/a,No confident IOGP rule match for '1215' in Event
severe_injury_reports_jboysen,1219,Unmapped,n/a,No confident IOGP rule match for '1219' in Event
severe_injury_reports_jboysen,1221,Unmapped,n/a,No confident IOGP rule match for '1221' in Event
severe_injury_reports_jboysen,1229,Unmapped,n/a,No confident IOGP rule match for '1229' in Event
severe_injury_reports_jboysen,129,Unmapped,n/a,No confident IOGP rule match for '129' in Event
severe_injury_reports_jboysen,1310,Unmapped,n/a,No confident IOGP rule match for '1310' in Event
severe_injury_reports_jboysen,1311,Unmapped,n/a,No confident IOGP rule match for '1311' in Event
severe_injury_reports_jboysen,1312,Unmapped,n/a,No confident IOGP rule match for '1312' in Event
severe_injury_reports_jboysen,1313,Unmapped,n/a,No confident IOGP rule match for '1313' in Event
severe_injury_reports_jboysen,1319,Unmapped,n/a,No confident IOGP rule match for '1319' in Event
severe_injury_reports_jboysen,1320,Unmapped,n/a,No confident IOGP rule match for '1320' in Event
severe_injury_reports_jboysen,1321,Unmapped,n/a,No confident IOGP rule match for '1321' in Event
severe_injury_reports_jboysen,1322,Unmapped,n/a,No confident IOGP rule match for '1322' in Event
severe_injury_reports_jboysen,1323,Unmapped,n/a,No confident IOGP rule match for '1323' in Event
severe_injury_reports_jboysen,1324,Unmapped,n/a,No confident IOGP rule match for '1324' in Event
severe_injury_reports_jboysen,1329,Unmapped,n/a,No confident IOGP rule match for '1329' in Event
severe_injury_reports_jboysen,1381,Unmapped,n/a,No confident IOGP rule match for '1381' in Event
severe_injury_reports_jboysen,20,driving,high,
severe_injury_reports_jboysen,210,driving,high,
severe_injury_reports_jboysen,211,driving,high,
severe_injury_reports_jboysen,2151,driving,high,
severe_injury_reports_jboysen,2153,driving,high,
severe_injury_reports_jboysen,216,driving,high,
severe_injury_reports_jboysen,219,driving,high,
severe_injury_reports_jboysen,227,driving,high,
severe_injury_reports_jboysen,229,driving,high,
severe_injury_reports_jboysen,2312,driving,high,
severe_injury_reports_jboysen,2313,driving,high,
severe_injury_reports_jboysen,2321,driving,high,
severe_injury_reports_jboysen,2322,driving,high,
severe_injury_reports_jboysen,2323,driving,high,
severe_injury_reports_jboysen,2329,driving,high,
severe_injury_reports_jboysen,240,driving,high,
severe_injury_reports_jboysen,2410,driving,high,
severe_injury_reports_jboysen,2411,driving,high,
severe_injury_reports_jboysen,2412,driving,high,
severe_injury_reports_jboysen,2413,driving,high,
severe_injury_reports_jboysen,2419,driving,high,
severe_injury_reports_jboysen,2420,driving,high,
severe_injury_reports_jboysen,2421,driving,high,
severe_injury_reports_jboysen,2422,driving,high,
severe_injury_reports_jboysen,2423,driving,high,
severe_injury_reports_jboysen,2429,driving,high,
severe_injury_reports_jboysen,2430,driving,high,
severe_injury_reports_jboysen,2431,driving,high,
severe_injury_reports_jboysen,2432,driving,high,
severe_injury_reports_jboysen,2433,driving,high,
severe_injury_reports_jboysen,2440,driving,high,
severe_injury_reports_jboysen,2441,driving,high,
severe_injury_reports_jboysen,2442,driving,high,
severe_injury_reports_jboysen,2443,driving,high,
severe_injury_reports_jboysen,2449,driving,high,
severe_injury_reports_jboysen,249,driving,high,
severe_injury_reports_jboysen,250,driving,high,
severe_injury_reports_jboysen,2521,driving,high,
severe_injury_reports_jboysen,2522,driving,high,
severe_injury_reports_jboysen,253,driving,high,
severe_injury_reports_jboysen,256,driving,high,
severe_injury_reports_jboysen,257,driving,high,
severe_injury_reports_jboysen,258,driving,high,
severe_injury_reports_jboysen,259,driving,high,
severe_injury_reports_jboysen,260,driving,high,
severe_injury_reports_jboysen,2610,driving,high,
severe_injury_reports_jboysen,2611,driving,high,
severe_injury_reports_jboysen,2612,driving,high,
severe_injury_reports_jboysen,2613,driving,high,
severe_injury_reports_jboysen,2615,driving,high,
severe_injury_reports_jboysen,2621,driving,high,
severe_injury_reports_jboysen,2622,driving,high,
severe_injury_reports_jboysen,2629,driving,high,
severe_injury_reports_jboysen,2630,driving,high,
severe_injury_reports_jboysen,2631,driving,high,
severe_injury_reports_jboysen,2632,driving,high,
severe_injury_reports_jboysen,2634,driving,high,
severe_injury_reports_jboysen,2636,driving,high,
severe_injury_reports_jboysen,2637,driving,high,
severe_injury_reports_jboysen,2638,driving,high,
severe_injury_reports_jboysen,2639,driving,high,
severe_injury_reports_jboysen,270,driving,high,
severe_injury_reports_jboysen,2710,driving,high,
severe_injury_reports_jboysen,2711,driving,high,
severe_injury_reports_jboysen,2712,driving,high,
severe_injury_reports_jboysen,2713,driving,high,
severe_injury_reports_jboysen,2719,driving,high,
severe_injury_reports_jboysen,2720,driving,high,
severe_injury_reports_jboysen,2721,Unmapped,n/a,No confident IOGP rule match for '2721' in Event
severe_injury_reports_jboysen,2729,Unmapped,n/a,No confident IOGP rule match for '2729' in Event
severe_injury_reports_jboysen,2730,Unmapped,n/a,No confident IOGP rule match for '2730' in Event
severe_injury_reports_jboysen,2731,Unmapped,n/a,No confident IOGP rule match for '2731' in Event
severe_injury_reports_jboysen,2732,Unmapped,n/a,No confident IOGP rule match for '2732' in Event
severe_injury_reports_jboysen,2733,Unmapped,n/a,No confident IOGP rule match for '2733' in Event
severe_injury_reports_jboysen,2734,Unmapped,n/a,No confident IOGP rule match for '2734' in Event
severe_injury_reports_jboysen,2735,Unmapped,n/a,No confident IOGP rule match for '2735' in Event
severe_injury_reports_jboysen,2736,Unmapped,n/a,No confident IOGP rule match for '2736' in Event
severe_injury_reports_jboysen,2737,Unmapped,n/a,No confident IOGP rule match for '2737' in Event
severe_injury_reports_jboysen,2738,Unmapped,n/a,No confident IOGP rule match for '2738' in Event
severe_injury_reports_jboysen,2739,Unmapped,n/a,No confident IOGP rule match for '2739' in Event
severe_injury_reports_jboysen,30,hot_work,high,
severe_injury_reports_jboysen,310,hot_work,high,
severe_injury_reports_jboysen,311,hot_work,high,
severe_injury_reports_jboysen,312,hot_work,high,
severe_injury_reports_jboysen,313,hot_work,high,
severe_injury_reports_jboysen,314,hot_work,high,
severe_injury_reports_jboysen,315,hot_work,high,
severe_injury_reports_jboysen,316,hot_work,high,
severe_injury_reports_jboysen,317,hot_work,high,
severe_injury_reports_jboysen,319,hot_work,high,
severe_injury_reports_jboysen,320,hot_work,high,
severe_injury_reports_jboysen,321,hot_work,high,
severe_injury_reports_jboysen,322,hot_work,high,
severe_injury_reports_jboysen,323,hot_work,high,
severe_injury_reports_jboysen,329,hot_work,high,
severe_injury_reports_jboysen,40,Unmapped,n/a,No confident IOGP rule match for '40' in Event
severe_injury_reports_jboysen,410,Unmapped,n/a,No confident IOGP rule match for '410' in Event
severe_injury_reports_jboysen,4110,Unmapped,n/a,No confident IOGP rule match for '4110' in Event
severe_injury_reports_jboysen,4111,Unmapped,n/a,No confident IOGP rule match for '4111' in Event
severe_injury_reports_jboysen,4112,Unmapped,n/a,No confident IOGP rule match for '4112' in Event
severe_injury_reports_jboysen,4119,Unmapped,n/a,No confident IOGP rule match for '4119' in Event
severe_injury_reports_jboysen,4120,Unmapped,n/a,No confident IOGP rule match for '4120' in Event
severe_injury_reports_jboysen,4121,Unmapped,n/a,No confident IOGP rule match for '4121' in Event
severe_injury_reports_jboysen,4122,Unmapped,n/a,No confident IOGP rule match for '4122' in Event
severe_injury_reports_jboysen,4123,Unmapped,n/a,No confident IOGP rule match for '4123' in Event
severe_injury_reports_jboysen,4129,Unmapped,n/a,No confident IOGP rule match for '4129' in Event
severe_injury_reports_jboysen,419,Unmapped,n/a,No confident IOGP rule match for '419' in Event
severe_injury_reports_jboysen,420,Unmapped,n/a,No confident IOGP rule match for '420' in Event
severe_injury_reports_jboysen,4210,Unmapped,n/a,No confident IOGP rule match for '4210' in Event
severe_injury_reports_jboysen,4211,Unmapped,n/a,No confident IOGP rule match for '4211' in Event
severe_injury_reports_jboysen,4212,Unmapped,n/a,No confident IOGP rule match for '4212' in Event
severe_injury_reports_jboysen,4213,Unmapped,n/a,No confident IOGP rule match for '4213' in Event
severe_injury_reports_jboysen,4214,Unmapped,n/a,No confident IOGP rule match for '4214' in Event
severe_injury_reports_jboysen,4219,Unmapped,n/a,No confident IOGP rule match for '4219' in Event
severe_injury_reports_jboysen,422,Unmapped,n/a,No confident IOGP rule match for '422' in Event
severe_injury_reports_jboysen,423,Unmapped,n/a,No confident IOGP rule match for '423' in Event
severe_injury_reports_jboysen,424,Unmapped,n/a,No confident IOGP rule match for '424' in Event
severe_injury_reports_jboysen,429,Unmapped,n/a,No confident IOGP rule match for '429' in Event
severe_injury_reports_jboysen,430,working_at_height,high,
severe_injury_reports_jboysen,4310,Unmapped,n/a,No confident IOGP rule match for '4310' in Event
severe_injury_reports_jboysen,4311,Unmapped,n/a,No confident IOGP rule match for '4311' in Event
severe_injury_reports_jboysen,4312,Unmapped,n/a,No confident IOGP rule match for '4312' in Event
severe_injury_reports_jboysen,4313,Unmapped,n/a,No confident IOGP rule match for '4313' in Event
severe_injury_reports_jboysen,4314,Unmapped,n/a,No confident IOGP rule match for '4314' in Event
severe_injury_reports_jboysen,4315,Unmapped,n/a,No confident IOGP rule match for '4315' in Event
severe_injury_reports_jboysen,4316,Unmapped,n/a,No confident IOGP rule match for '4316' in Event
severe_injury_reports_jboysen,4317,Unmapped,n/a,No confident IOGP rule match for '4317' in Event
severe_injury_reports_jboysen,4320,Unmapped,n/a,No confident IOGP rule match for '4320' in Event
severe_injury_reports_jboysen,4321,Unmapped,n/a,No confident IOGP rule match for '4321' in Event
severe_injury_reports_jboysen,4322,Unmapped,n/a,No confident IOGP rule match for '4322' in Event
severe_injury_reports_jboysen,4323,Unmapped,n/a,No confident IOGP rule match for '4323' in Event
severe_injury_reports_jboysen,4324,Unmapped,n/a,No confident IOGP rule match for '4324' in Event
severe_injury_reports_jboysen,4325,Unmapped,n/a,No confident IOGP rule match for '4325' in Event
severe_injury_reports_jboysen,4326,Unmapped,n/a,No confident IOGP rule match for '4326' in Event
severe_injury_reports_jboysen,4327,Unmapped,n/a,No confident IOGP rule match for '4327' in Event
severe_injury_reports_jboysen,4330,Unmapped,n/a,No confident IOGP rule match for '4330' in Event
severe_injury_reports_jboysen,4331,Unmapped,n/a,No confident IOGP rule match for '4331' in Event
severe_injury_reports_jboysen,4332,Unmapped,n/a,No confident IOGP rule match for '4332' in Event
severe_injury_reports_jboysen,4333,Unmapped,n/a,No confident IOGP rule match for '4333' in Event
severe_injury_reports_jboysen,4334,Unmapped,n/a,No confident IOGP rule match for '4334' in Event
severe_injury_reports_jboysen,4335,Unmapped,n/a,No confident IOGP rule match for '4335' in Event
severe_injury_reports_jboysen,4336,Unmapped,n/a,No confident IOGP rule match for '4336' in Event
severe_injury_reports_jboysen,4337,Unmapped,n/a,No confident IOGP rule match for '4337' in Event
severe_injury_reports_jboysen,440,working_at_height,high,
severe_injury_reports_jboysen,4411,Unmapped,n/a,No confident IOGP rule match for '4411' in Event
severe_injury_reports_jboysen,4420,Unmapped,n/a,No confident IOGP rule match for '4420' in Event
severe_injury_reports_jboysen,4421,Unmapped,n/a,No confident IOGP rule match for '4421' in Event
severe_injury_reports_jboysen,4422,Unmapped,n/a,No confident IOGP rule match for '4422' in Event
severe_injury_reports_jboysen,4423,Unmapped,n/a,No confident IOGP rule match for '4423' in Event
severe_injury_reports_jboysen,4426,Unmapped,n/a,No confident IOGP rule match for '4426' in Event
severe_injury_reports_jboysen,4427,Unmapped,n/a,No confident IOGP rule match for '4427' in Event
severe_injury_reports_jboysen,45,working_at_height,high,
severe_injury_reports_jboysen,49,Unmapped,n/a,No confident IOGP rule match for '49' in Event
severe_injury_reports_jboysen,50,Unmapped,n/a,No confident IOGP rule match for '50' in Event
severe_injury_reports_jboysen,510,energy_isolation,high,
severe_injury_reports_jboysen,5110,Unmapped,n/a,No confident IOGP rule match for '5110' in Event
severe_injury_reports_jboysen,5111,Unmapped,n/a,No confident IOGP rule match for '5111' in Event
severe_injury_reports_jboysen,5112,Unmapped,n/a,No confident IOGP rule match for '5112' in Event
severe_injury_reports_jboysen,5120,Unmapped,n/a,No confident IOGP rule match for '5120' in Event
severe_injury_reports_jboysen,5121,Unmapped,n/a,No confident IOGP rule match for '5121' in Event
severe_injury_reports_jboysen,5122,Unmapped,n/a,No confident IOGP rule match for '5122' in Event
severe_injury_reports_jboysen,5211,Unmapped,n/a,No confident IOGP rule match for '5211' in Event
severe_injury_reports_jboysen,530,Unmapped,n/a,No confident IOGP rule match for '530' in Event
severe_injury_reports_jboysen,531,Unmapped,n/a,No confident IOGP rule match for '531' in Event
severe_injury_reports_jboysen,532,Unmapped,n/a,No confident IOGP rule match for '532' in Event
severe_injury_reports_jboysen,533,Unmapped,n/a,No confident IOGP rule match for '533' in Event
severe_injury_reports_jboysen,534,Unmapped,n/a,No confident IOGP rule match for '534' in Event
severe_injury_reports_jboysen,541,Unmapped,n/a,No confident IOGP rule match for '541' in Event
severe_injury_reports_jboysen,542,Unmapped,n/a,No confident IOGP rule match for '542' in Event
severe_injury_reports_jboysen,550,Unmapped,n/a,No confident IOGP rule match for '550' in Event
severe_injury_reports_jboysen,5520,Unmapped,n/a,No confident IOGP rule match for '5520' in Event
severe_injury_reports_jboysen,5521,Unmapped,n/a,No confident IOGP rule match for '5521' in Event
severe_injury_reports_jboysen,5522,Unmapped,n/a,No confident IOGP rule match for '5522' in Event
severe_injury_reports_jboysen,553,Unmapped,n/a,No confident IOGP rule match for '553' in Event
severe_injury_reports_jboysen,5540,Unmapped,n/a,No confident IOGP rule match for '5540' in Event
severe_injury_reports_jboysen,5541,Unmapped,n/a,No confident IOGP rule match for '5541' in Event
severe_injury_reports_jboysen,5542,Unmapped,n/a,No confident IOGP rule match for '5542' in Event
severe_injury_reports_jboysen,5543,Unmapped,n/a,No confident IOGP rule match for '5543' in Event
severe_injury_reports_jboysen,5544,Unmapped,n/a,No confident IOGP rule match for '5544' in Event
severe_injury_reports_jboysen,558,Unmapped,n/a,No confident IOGP rule match for '558' in Event
severe_injury_reports_jboysen,562,Unmapped,n/a,No confident IOGP rule match for '562' in Event
severe_injury_reports_jboysen,57,Unmapped,n/a,No confident IOGP rule match for '57' in Event
severe_injury_reports_jboysen,60,Unmapped,n/a,No confident IOGP rule match for '60' in Event
severe_injury_reports_jboysen,61,Unmapped,n/a,No confident IOGP rule match for '61' in Event
severe_injury_reports_jboysen,620,line_of_fire,high,
severe_injury_reports_jboysen,6210,Unmapped,n/a,No confident IOGP rule match for '6210' in Event
severe_injury_reports_jboysen,6211,Unmapped,n/a,No confident IOGP rule match for '6211' in Event
severe_injury_reports_jboysen,6212,Unmapped,n/a,No confident IOGP rule match for '6212' in Event
severe_injury_reports_jboysen,6213,Unmapped,n/a,No confident IOGP rule match for '6213' in Event
severe_injury_reports_jboysen,6214,Unmapped,n/a,No confident IOGP rule match for '6214' in Event
severe_injury_reports_jboysen,6215,Unmapped,n/a,No confident IOGP rule match for '6215' in Event
severe_injury_reports_jboysen,6216,Unmapped,n/a,No confident IOGP rule match for '6216' in Event
severe_injury_reports_jboysen,6219,Unmapped,n/a,No confident IOGP rule match for '6219' in Event
severe_injury_reports_jboysen,6220,Unmapped,n/a,No confident IOGP rule match for '6220' in Event
severe_injury_reports_jboysen,6221,Unmapped,n/a,No confident IOGP rule match for '6221' in Event
severe_injury_reports_jboysen,6222,Unmapped,n/a,No confident IOGP rule match for '6222' in Event
severe_injury_reports_jboysen,6223,Unmapped,n/a,No confident IOGP rule match for '6223' in Event
severe_injury_reports_jboysen,6229,Unmapped,n/a,No confident IOGP rule match for '6229' in Event
severe_injury_reports_jboysen,6230,Unmapped,n/a,No confident IOGP rule match for '6230' in Event
severe_injury_reports_jboysen,6231,Unmapped,n/a,No confident IOGP rule match for '6231' in Event
severe_injury_reports_jboysen,6232,Unmapped,n/a,No confident IOGP rule match for '6232' in Event
severe_injury_reports_jboysen,6233,Unmapped,n/a,No confident IOGP rule match for '6233' in Event
severe_injury_reports_jboysen,6239,Unmapped,n/a,No confident IOGP rule match for '6239' in Event
severe_injury_reports_jboysen,6240,Unmapped,n/a,No confident IOGP rule match for '6240' in Event
severe_injury_reports_jboysen,6241,Unmapped,n/a,No confident IOGP rule match for '6241' in Event
severe_injury_reports_jboysen,6242,Unmapped,n/a,No confident IOGP rule match for '6242' in Event
severe_injury_reports_jboysen,6243,Unmapped,n/a,No confident IOGP rule match for '6243' in Event
severe_injury_reports_jboysen,6249,Unmapped,n/a,No confident IOGP rule match for '6249' in Event
severe_injury_reports_jboysen,6250,Unmapped,n/a,No confident IOGP rule match for '6250' in Event
severe_injury_reports_jboysen,6251,Unmapped,n/a,No confident IOGP rule match for '6251' in Event
severe_injury_reports_jboysen,6252,Unmapped,n/a,No confident IOGP rule match for '6252' in Event
severe_injury_reports_jboysen,6253,Unmapped,n/a,No confident IOGP rule match for '6253' in Event
severe_injury_reports_jboysen,6259,Unmapped,n/a,No confident IOGP rule match for '6259' in Event
severe_injury_reports_jboysen,6260,Unmapped,n/a,No confident IOGP rule match for '6260' in Event
severe_injury_reports_jboysen,6261,Unmapped,n/a,No confident IOGP rule match for '6261' in Event
severe_injury_reports_jboysen,6269,Unmapped,n/a,No confident IOGP rule match for '6269' in Event
severe_injury_reports_jboysen,629,line_of_fire,high,
severe_injury_reports_jboysen,630,line_of_fire,high,
severe_injury_reports_jboysen,6310,Unmapped,n/a,No confident IOGP rule match for '6310' in Event
severe_injury_reports_jboysen,6311,Unmapped,n/a,No confident IOGP rule match for '6311' in Event
severe_injury_reports_jboysen,6312,Unmapped,n/a,No confident IOGP rule match for '6312' in Event
severe_injury_reports_jboysen,6319,Unmapped,n/a,No confident IOGP rule match for '6319' in Event
severe_injury_reports_jboysen,6320,Unmapped,n/a,No confident IOGP rule match for '6320' in Event
severe_injury_reports_jboysen,6321,Unmapped,n/a,No confident IOGP rule match for '6321' in Event
severe_injury_reports_jboysen,6322,Unmapped,n/a,No confident IOGP rule match for '6322' in Event
severe_injury_reports_jboysen,6329,Unmapped,n/a,No confident IOGP rule match for '6329' in Event
severe_injury_reports_jboysen,639,line_of_fire,high,
severe_injury_reports_jboysen,640,energy_isolation,high,
severe_injury_reports_jboysen,6410,Unmapped,n/a,No confident IOGP rule match for '6410' in Event
severe_injury_reports_jboysen,6411,Unmapped,n/a,No confident IOGP rule match for '6411' in Event
severe_injury_reports_jboysen,6412,Unmapped,n/a,No confident IOGP rule match for '6412' in Event
severe_injury_reports_jboysen,6419,Unmapped,n/a,No confident IOGP rule match for '6419' in Event
severe_injury_reports_jboysen,642,energy_isolation,high,
severe_injury_reports_jboysen,643,energy_isolation,high,
severe_injury_reports_jboysen,644,energy_isolation,high,
severe_injury_reports_jboysen,649,energy_isolation,high,
severe_injury_reports_jboysen,651,line_of_fire,high,
severe_injury_reports_jboysen,655,line_of_fire,high,
severe_injury_reports_jboysen,656,line_of_fire,high,
severe_injury_reports_jboysen,659,line_of_fire,high,
severe_injury_reports_jboysen,662,line_of_fire,high,
severe_injury_reports_jboysen,664,line_of_fire,high,
severe_injury_reports_jboysen,669,line_of_fire,high,
severe_injury_reports_jboysen,69,Unmapped,n/a,No confident IOGP rule match for '69' in Event
severe_injury_reports_jboysen,70,Unmapped,n/a,No confident IOGP rule match for '70' in Event
severe_injury_reports_jboysen,710,Unmapped,n/a,No confident IOGP rule match for '710' in Event
severe_injury_reports_jboysen,7110,Unmapped,n/a,No confident IOGP rule match for '7110' in Event
severe_injury_reports_jboysen,7111,Unmapped,n/a,No confident IOGP rule match for '7111' in Event
severe_injury_reports_jboysen,7112,Unmapped,n/a,No confident IOGP rule match for '7112' in Event
severe_injury_reports_jboysen,7113,Unmapped,n/a,No confident IOGP rule match for '7113' in Event
severe_injury_reports_jboysen,7120,Unmapped,n/a,No confident IOGP rule match for '7120' in Event
severe_injury_reports_jboysen,7121,Unmapped,n/a,No confident IOGP rule match for '7121' in Event
severe_injury_reports_jboysen,7122,Unmapped,n/a,No confident IOGP rule match for '7122' in Event
severe_injury_reports_jboysen,7131,Unmapped,n/a,No confident IOGP rule match for '7131' in Event
severe_injury_reports_jboysen,7132,Unmapped,n/a,No confident IOGP rule match for '7132' in Event
severe_injury_reports_jboysen,7141,Unmapped,n/a,No confident IOGP rule match for '7141' in Event
severe_injury_reports_jboysen,7143,Unmapped,n/a,No confident IOGP rule match for '7143' in Event
severe_injury_reports_jboysen,718,Unmapped,n/a,No confident IOGP rule match for '718' in Event
severe_injury_reports_jboysen,719,Unmapped,n/a,No confident IOGP rule match for '719' in Event
severe_injury_reports_jboysen,730,Unmapped,n/a,No confident IOGP rule match for '730' in Event
severe_injury_reports_jboysen,7310,Unmapped,n/a,No confident IOGP rule match for '7310' in Event
severe_injury_reports_jboysen,7311,Unmapped,n/a,No confident IOGP rule match for '7311' in Event
severe_injury_reports_jboysen,7312,Unmapped,n/a,No confident IOGP rule match for '7312' in Event
severe_injury_reports_jboysen,7313,Unmapped,n/a,No confident IOGP rule match for '7313' in Event
severe_injury_reports_jboysen,7314,Unmapped,n/a,No confident IOGP rule match for '7314' in Event
severe_injury_reports_jboysen,7321,Unmapped,n/a,No confident IOGP rule match for '7321' in Event
severe_injury_reports_jboysen,7322,Unmapped,n/a,No confident IOGP rule match for '7322' in Event
severe_injury_reports_jboysen,7341,Unmapped,n/a,No confident IOGP rule match for '7341' in Event
severe_injury_reports_jboysen,7351,Unmapped,n/a,No confident IOGP rule match for '7351' in Event
severe_injury_reports_jboysen,7361,Unmapped,n/a,No confident IOGP rule match for '7361' in Event
severe_injury_reports_jboysen,7362,Unmapped,n/a,No confident IOGP rule match for '7362' in Event
severe_injury_reports_jboysen,7371,Unmapped,n/a,No confident IOGP rule match for '7371' in Event
severe_injury_reports_jboysen,738,Unmapped,n/a,No confident IOGP rule match for '738' in Event
severe_injury_reports_jboysen,7399,Unmapped,n/a,No confident IOGP rule match for '7399' in Event
severe_injury_reports_jboysen,74,Unmapped,n/a,No confident IOGP rule match for '74' in Event
severe_injury_reports_jboysen,78,Unmapped,n/a,No confident IOGP rule match for '78' in Event
severe_injury_reports_jboysen,79,Unmapped,n/a,No confident IOGP rule match for '79' in Event
severe_injury_reports_jboysen,9999,Unmapped,n/a,No confident IOGP rule match for '9999' in Event
severe_injury_reports_jboysen,"Aircraft incident, n.e.c.",Unmapped,n/a,"No confident IOGP rule match for 'Aircraft incident, n.e.c.' in EventTitle"
severe_injury_reports_jboysen,"Aircraft incident, unspecified",Unmapped,n/a,"No confident IOGP rule match for 'Aircraft incident, unspecified' in EventTitle"
severe_injury_reports_jboysen,Animal transportation collision in nonroadway area,Unmapped,n/a,No confident IOGP rule match for 'Animal transportation collision in nonroadway area' in EventTitle
severe_injury_reports_jboysen,"Bending, crawling, reaching, twisting, climbing, stepping, unspecified",Unmapped,n/a,"No confident IOGP rule match for 'Bending, crawling, reaching, twisting, climbing, stepping, unspecified' in EventTitle"
severe_injury_reports_jboysen,"Bending, crawling, reaching, twisting-repetitive or prolonged",Unmapped,n/a,"No confident IOGP rule match for 'Bending, crawling, reaching, twisting-repetitive or prolonged' in EventTitle"
severe_injury_reports_jboysen,"Bending, crawling, reaching, twisting-single episode",Unmapped,n/a,"No confident IOGP rule match for 'Bending, crawling, reaching, twisting-single episode' in EventTitle"
severe_injury_reports_jboysen,"Bites and stings, n.e.c.",Unmapped,n/a,"No confident IOGP rule match for 'Bites and stings, n.e.c.' in EventTitle"
severe_injury_reports_jboysen,"Bites and stings, unspecified",Unmapped,n/a,"No confident IOGP rule match for 'Bites and stings, unspecified' in EventTitle"
severe_injury_reports_jboysen,Bitten and struck by animal,Unmapped,n/a,No confident IOGP rule match for 'Bitten and struck by animal' in EventTitle
severe_injury_reports_jboysen,"Boarding, alighting-excluding slip, trip, fall-single episode",Unmapped,n/a,"No confident IOGP rule match for 'Boarding, alighting-excluding slip, trip, fall-single episode' in EventTitle"
severe_injury_reports_jboysen,"Bodily conditions, n.e.c.",Unmapped,n/a,"No confident IOGP rule match for 'Bodily conditions, n.e.c.' in EventTitle"
severe_injury_reports_jboysen,Caught between rolling powered vehicle and other object,Unmapped,n/a,No confident IOGP rule match for 'Caught between rolling powered vehicle and other object' in EventTitle
severe_injury_reports_jboysen,"Caught in or compressed by equipment or objects, n.e.c.",Unmapped,n/a,"No confident IOGP rule match for 'Caught in or compressed by equipment or objects, n.e.c.' in EventTitle"
severe_injury_reports_jboysen,"Caught in or compressed by equipment or objects, unspecified",Unmapped,n/a,"No confident IOGP rule match for 'Caught in or compressed by equipment or objects, unspecified' in EventTitle"
severe_injury_reports_jboysen,"Caught in running equipment or machinery during maintenance, cleaning",Unmapped,n/a,"No confident IOGP rule match for 'Caught in running equipment or machinery during maintenance, cleaning' in EventTitle"
severe_injury_reports_jboysen,Caught in running equipment or machinery during regular operation,Unmapped,n/a,No confident IOGP rule match for 'Caught in running equipment or machinery during regular operation' in EventTitle
severe_injury_reports_jboysen,"Caught in running equipment or machinery, n.e.c.",Unmapped,n/a,"No confident IOGP rule match for 'Caught in running equipment or machinery, n.e.c.' in EventTitle"
severe_injury_reports_jboysen,"Caught in running equipment or machinery, unspecified",Unmapped,n/a,"No confident IOGP rule match for 'Caught in running equipment or machinery, unspecified' in EventTitle"
severe_injury_reports_jboysen,Choking on object or substance,Unmapped,n/a,No confident IOGP rule match for 'Choking on object or substance' in EventTitle
severe_injury_reports_jboysen,Climbing or stepping up or down-repetitive or prolonged,Unmapped,n/a,No confident IOGP rule match for 'Climbing or stepping up or down-repetitive or prolonged' in EventTitle
severe_injury_reports_jboysen,Climbing or stepping up or down-single episode,Unmapped,n/a,No confident IOGP rule match for 'Climbing or stepping up or down-single episode' in EventTitle
severe_injury_reports_jboysen,"Collapsing building, structure, or structural element during fire",Unmapped,n/a,"No confident IOGP rule match for 'Collapsing building, structure, or structural element during fire' in EventTitle"
severe_injury_reports_jboysen,"Collision between a moving and standing vehicle, nonroadway",Unmapped,n/a,"No confident IOGP rule match for 'Collision between a moving and standing vehicle, nonroadway' in EventTitle"
severe_injury_reports_jboysen,Collision between water vehicle and object,Unmapped,n/a,No confident IOGP rule match for 'Collision between water vehicle and object' in EventTitle
severe_injury_reports_jboysen,Collision between water vehicles,Unmapped,n/a,No confident IOGP rule match for 'Collision between water vehicles' in EventTitle
severe_injury_reports_jboysen,Compressed or pinched between two stationary objects,Unmapped,n/a,No confident IOGP rule match for 'Compressed or pinched between two stationary objects' in EventTitle
severe_injury_reports_jboysen,Compressed or pinched by shifting objects or equipment,Unmapped,n/a,No confident IOGP rule match for 'Compressed or pinched by shifting objects or equipment' in EventTitle
severe_injury_reports_jboysen,Contact with cold objects or substances,Unmapped,n/a,No confident IOGP rule match for 'Contact with cold objects or substances' in EventTitle
severe_injury_reports_jboysen,Contact with hot objects or substances,Unmapped,n/a,No confident IOGP rule match for 'Contact with hot objects or substances' in EventTitle
severe_injury_reports_jboysen,"Contact with objects and equipment, n.e.c.",Unmapped,n/a,"No confident IOGP rule match for 'Contact with objects and equipment, n.e.c.' in EventTitle"
severe_injury_reports_jboysen,"Contact with objects and equipment, unspecified",Unmapped,n/a,"No confident IOGP rule match for 'Contact with objects and equipment, unspecified' in EventTitle"
severe_injury_reports_jboysen,"Direct exposure to electricity, 220 volts or less",Unmapped,n/a,"No confident IOGP rule match for 'Direct exposure to electricity, 220 volts or less' in EventTitle"
severe_injury_reports_jboysen,"Direct exposure to electricity, greater than 220 volts",Unmapped,n/a,"No confident IOGP rule match for 'Direct exposure to electricity, greater than 220 volts' in EventTitle"
severe_injury_reports_jboysen,"Direct exposure to electricity, unspecified",Unmapped,n/a,"No confident IOGP rule match for 'Direct exposure to electricity, unspecified' in EventTitle"
severe_injury_reports_jboysen,Dust explosion,Unmapped,n/a,No confident IOGP rule match for 'Dust explosion' in EventTitle
severe_injury_reports_jboysen,Engulfment in other collapsing material,Unmapped,n/a,No confident IOGP rule match for 'Engulfment in other collapsing material' in EventTitle
severe_injury_reports_jboysen,Entangled in other object or equipment,Unmapped,n/a,No confident IOGP rule match for 'Entangled in other object or equipment' in EventTitle
severe_injury_reports_jboysen,Excavation or trenching cave-in,Unmapped,n/a,No confident IOGP rule match for 'Excavation or trenching cave-in' in EventTitle
severe_injury_reports_jboysen,"Explosion of nonpressurized vapors, gases, or liquids",Unmapped,n/a,"No confident IOGP rule match for 'Explosion of nonpressurized vapors, gases, or liquids' in EventTitle"
severe_injury_reports_jboysen,"Explosion of pressure vessel, piping, or tire",Unmapped,n/a,"No confident IOGP rule match for 'Explosion of pressure vessel, piping, or tire' in EventTitle"
severe_injury_reports_jboysen,Explosion or fire on water vehicle,Unmapped,n/a,No confident IOGP rule match for 'Explosion or fire on water vehicle' in EventTitle
severe_injury_reports_jboysen,"Explosion, n.e.c.",Unmapped,n/a,"No confident IOGP rule match for 'Explosion, n.e.c.' in EventTitle"
severe_injury_reports_jboysen,"Explosion, unspecified",Unmapped,n/a,"No confident IOGP rule match for 'Explosion, unspecified' in EventTitle"
severe_injury_reports_jboysen,"Exposure through intact skin, eyes, or other exposed tissue",Unmapped,n/a,"No confident IOGP rule match for 'Exposure through intact skin, eyes, or other exposed tissue' in EventTitle"
severe_injury_reports_jboysen,Exposure through medical injection,Unmapped,n/a,No confident IOGP rule match for 'Exposure through medical injection' in EventTitle
severe_injury_reports_jboysen,Exposure through scratch or other open wound,Unmapped,n/a,No confident IOGP rule match for 'Exposure through scratch or other open wound' in EventTitle
severe_injury_reports_jboysen,Exposure through unintentional needlestick or sharp injury,Unmapped,n/a,No confident IOGP rule match for 'Exposure through unintentional needlestick or sharp injury' in EventTitle
severe_injury_reports_jboysen,Exposure to change in air pressure,Unmapped,n/a,No confident IOGP rule match for 'Exposure to change in air pressure' in EventTitle
severe_injury_reports_jboysen,Exposure to change in water pressure,Unmapped,n/a,No confident IOGP rule match for 'Exposure to change in water pressure' in EventTitle
severe_injury_reports_jboysen,"Exposure to electricity, unspecified",Unmapped,n/a,"No confident IOGP rule match for 'Exposure to electricity, unspecified' in EventTitle"
severe_injury_reports_jboysen,Exposure to environmental cold,Unmapped,n/a,No confident IOGP rule match for 'Exposure to environmental cold' in EventTitle
severe_injury_reports_jboysen,Exposure to environmental heat,Unmapped,n/a,No confident IOGP rule match for 'Exposure to environmental heat' in EventTitle
severe_injury_reports_jboysen,"Exposure to harmful substance through skin, eyes, or other exposed tissue, unspecified",Unmapped,n/a,"No confident IOGP rule match for 'Exposure to harmful substance through skin, eyes, or other exposed tissue, unspecified' in EventTitle"
severe_injury_reports_jboysen,"Exposure to harmful substances or environments, unspecified",Unmapped,n/a,"No confident IOGP rule match for 'Exposure to harmful substances or environments, unspecified' in EventTitle"
severe_injury_reports_jboysen,Exposure to light,Unmapped,n/a,No confident IOGP rule match for 'Exposure to light' in EventTitle
severe_injury_reports_jboysen,Exposure to other harmful substance-multiple routes of exposure,Unmapped,n/a,No confident IOGP rule match for 'Exposure to other harmful substance-multiple routes of exposure' in EventTitle
severe_injury_reports_jboysen,"Exposure to other harmful substances, unspecified",Unmapped,n/a,"No confident IOGP rule match for 'Exposure to other harmful substances, unspecified' in EventTitle"
severe_injury_reports_jboysen,"Exposure to temperature extremes, unspecified",Unmapped,n/a,"No confident IOGP rule match for 'Exposure to temperature extremes, unspecified' in EventTitle"
severe_injury_reports_jboysen,"Exposure to traumatic or stressful event, n.e.c.",Unmapped,n/a,"No confident IOGP rule match for 'Exposure to traumatic or stressful event, n.e.c.' in EventTitle"
severe_injury_reports_jboysen,Fall from collapsing structure or equipment 11 to 15 feet,Unmapped,n/a,No confident IOGP rule match for 'Fall from collapsing structure or equipment 11 to 15 feet' in EventTitle
severe_injury_reports_jboysen,Fall from collapsing structure or equipment 16 to 20 feet,Unmapped,n/a,No confident IOGP rule match for 'Fall from collapsing structure or equipment 16 to 20 feet' in EventTitle
severe_injury_reports_jboysen,Fall from collapsing structure or equipment 21 to 25 feet,Unmapped,n/a,No confident IOGP rule match for 'Fall from collapsing structure or equipment 21 to 25 feet' in EventTitle
severe_injury_reports_jboysen,Fall from collapsing structure or equipment 26 to 30 feet,Unmapped,n/a,No confident IOGP rule match for 'Fall from collapsing structure or equipment 26 to 30 feet' in EventTitle
severe_injury_reports_jboysen,Fall from collapsing structure or equipment 6 to 10 feet,Unmapped,n/a,No confident IOGP rule match for 'Fall from collapsing structure or equipment 6 to 10 feet' in EventTitle
severe_injury_reports_jboysen,Fall from collapsing structure or equipment less than 6 feet,Unmapped,n/a,No confident IOGP rule match for 'Fall from collapsing structure or equipment less than 6 feet' in EventTitle
severe_injury_reports_jboysen,Fall from collapsing structure or equipment more than 30 feet,Unmapped,n/a,No confident IOGP rule match for 'Fall from collapsing structure or equipment more than 30 feet' in EventTitle
severe_injury_reports_jboysen,"Fall from collapsing structure or equipment, unspecified",Unmapped,n/a,"No confident IOGP rule match for 'Fall from collapsing structure or equipment, unspecified' in EventTitle"
severe_injury_reports_jboysen,Fall from pedal cycle,Unmapped,n/a,No confident IOGP rule match for 'Fall from pedal cycle' in EventTitle
severe_injury_reports_jboysen,Fall on same level due to slipping,Unmapped,n/a,No confident IOGP rule match for 'Fall on same level due to slipping' in EventTitle
severe_injury_reports_jboysen,Fall on same level due to tripping on uneven surface,Unmapped,n/a,No confident IOGP rule match for 'Fall on same level due to tripping on uneven surface' in EventTitle
severe_injury_reports_jboysen,Fall on same level due to tripping over an object,Unmapped,n/a,No confident IOGP rule match for 'Fall on same level due to tripping over an object' in EventTitle
severe_injury_reports_jboysen,Fall on same level due to tripping over self,Unmapped,n/a,No confident IOGP rule match for 'Fall on same level due to tripping over self' in EventTitle
severe_injury_reports_jboysen,"Fall on same level due to tripping, n.e.c.",Unmapped,n/a,"No confident IOGP rule match for 'Fall on same level due to tripping, n.e.c.' in EventTitle"
severe_injury_reports_jboysen,"Fall on same level due to tripping, unspecified",Unmapped,n/a,"No confident IOGP rule match for 'Fall on same level due to tripping, unspecified' in EventTitle"
severe_injury_reports_jboysen,"Fall on same level while climbing stairs, steps, or curbs",Unmapped,n/a,"No confident IOGP rule match for 'Fall on same level while climbing stairs, steps, or curbs' in EventTitle"
severe_injury_reports_jboysen,"Fall on same level, n.e.c.",Unmapped,n/a,"No confident IOGP rule match for 'Fall on same level, n.e.c.' in EventTitle"
severe_injury_reports_jboysen,"Fall on same level, unspecified",Unmapped,n/a,"No confident IOGP rule match for 'Fall on same level, unspecified' in EventTitle"
severe_injury_reports_jboysen,Fall on water vehicle,Unmapped,n/a,No confident IOGP rule match for 'Fall on water vehicle' in EventTitle
severe_injury_reports_jboysen,"Fall onto or against object on same level, n.e.c.",Unmapped,n/a,"No confident IOGP rule match for 'Fall onto or against object on same level, n.e.c.' in EventTitle"
severe_injury_reports_jboysen,Fall or jump curtailed by personal fall arrest system,Unmapped,n/a,No confident IOGP rule match for 'Fall or jump curtailed by personal fall arrest system' in EventTitle
severe_injury_reports_jboysen,"Fall or jump from and struck by another vehicle in normal operation, nonroadway",Unmapped,n/a,"No confident IOGP rule match for 'Fall or jump from and struck by another vehicle in normal operation, nonroadway' in EventTitle"
severe_injury_reports_jboysen,"Fall or jump from and struck by same vehicle in normal operation, nonroadway",Unmapped,n/a,"No confident IOGP rule match for 'Fall or jump from and struck by same vehicle in normal operation, nonroadway' in EventTitle"
severe_injury_reports_jboysen,"Fall or jump from and struck by same vehicle in normal operation, roadway",Unmapped,n/a,"No confident IOGP rule match for 'Fall or jump from and struck by same vehicle in normal operation, roadway' in EventTitle"
severe_injury_reports_jboysen,"Fall or jump from vehicle in normal operation, nonroadway",Unmapped,n/a,"No confident IOGP rule match for 'Fall or jump from vehicle in normal operation, nonroadway' in EventTitle"
severe_injury_reports_jboysen,"Fall or jump from vehicle in normal operation, roadway",Unmapped,n/a,"No confident IOGP rule match for 'Fall or jump from vehicle in normal operation, roadway' in EventTitle"
severe_injury_reports_jboysen,Fall or jump from water vehicle,Unmapped,n/a,No confident IOGP rule match for 'Fall or jump from water vehicle' in EventTitle
severe_injury_reports_jboysen,Fall through surface or existing opening 11 to 15 feet,Unmapped,n/a,No confident IOGP rule match for 'Fall through surface or existing opening 11 to 15 feet' in EventTitle
severe_injury_reports_jboysen,Fall through surface or existing opening 16 to 20 feet,Unmapped,n/a,No confident IOGP rule match for 'Fall through surface or existing opening 16 to 20 feet' in EventTitle
severe_injury_reports_jboysen,Fall through surface or existing opening 21 to 25 feet,Unmapped,n/a,No confident IOGP rule match for 'Fall through surface or existing opening 21 to 25 feet' in EventTitle
severe_injury_reports_jboysen,Fall through surface or existing opening 26 to 30 feet,Unmapped,n/a,No confident IOGP rule match for 'Fall through surface or existing opening 26 to 30 feet' in EventTitle
severe_injury_reports_jboysen,Fall through surface or existing opening 6 to 10 feet,Unmapped,n/a,No confident IOGP rule match for 'Fall through surface or existing opening 6 to 10 feet' in EventTitle
severe_injury_reports_jboysen,Fall through surface or existing opening less than 6 feet,Unmapped,n/a,No confident IOGP rule match for 'Fall through surface or existing opening less than 6 feet' in EventTitle
severe_injury_reports_jboysen,Fall through surface or existing opening more than 30 feet,Unmapped,n/a,No confident IOGP rule match for 'Fall through surface or existing opening more than 30 feet' in EventTitle
severe_injury_reports_jboysen,"Fall through surface or existing opening, unspecified",Unmapped,n/a,"No confident IOGP rule match for 'Fall through surface or existing opening, unspecified' in EventTitle"
severe_injury_reports_jboysen,"Fall to lower level, unspecified",Unmapped,n/a,"No confident IOGP rule match for 'Fall to lower level, unspecified' in EventTitle"
severe_injury_reports_jboysen,Fall while sitting,Unmapped,n/a,No confident IOGP rule match for 'Fall while sitting' in EventTitle
severe_injury_reports_jboysen,"Fall, slip, trip, n.e.c.",Unmapped,n/a,"No confident IOGP rule match for 'Fall, slip, trip, n.e.c.' in EventTitle"
severe_injury_reports_jboysen,"Fall, slip, trip, unspecified",Unmapped,n/a,"No confident IOGP rule match for 'Fall, slip, trip, unspecified' in EventTitle"
severe_injury_reports_jboysen,"Fire or explosion, unspecified",Unmapped,n/a,"No confident IOGP rule match for 'Fire or explosion, unspecified' in EventTitle"
severe_injury_reports_jboysen,"Fire, unspecified",Unmapped,n/a,"No confident IOGP rule match for 'Fire, unspecified' in EventTitle"
severe_injury_reports_jboysen,Forest or brush fire,Unmapped,n/a,No confident IOGP rule match for 'Forest or brush fire' in EventTitle
severe_injury_reports_jboysen,Gored or rammed by animal,Unmapped,n/a,No confident IOGP rule match for 'Gored or rammed by animal' in EventTitle
severe_injury_reports_jboysen,"Hitting, kicking, beating, shoving",Unmapped,n/a,"No confident IOGP rule match for 'Hitting, kicking, beating, shoving' in EventTitle"
severe_injury_reports_jboysen,Ignition of clothing from controlled heat source,Unmapped,n/a,No confident IOGP rule match for 'Ignition of clothing from controlled heat source' in EventTitle
severe_injury_reports_jboysen,"Ignition of vapors, gases, or liquids",Unmapped,n/a,"No confident IOGP rule match for 'Ignition of vapors, gases, or liquids' in EventTitle"
severe_injury_reports_jboysen,"Indirect exposure to electricity, 220 volts or less",Unmapped,n/a,"No confident IOGP rule match for 'Indirect exposure to electricity, 220 volts or less' in EventTitle"
severe_injury_reports_jboysen,"Indirect exposure to electricity, greater than 220 volts",Unmapped,n/a,"No confident IOGP rule match for 'Indirect exposure to electricity, greater than 220 volts' in EventTitle"
severe_injury_reports_jboysen,"Indirect exposure to electricity, unspecified",Unmapped,n/a,"No confident IOGP rule match for 'Indirect exposure to electricity, unspecified' in EventTitle"
severe_injury_reports_jboysen,Ingestion of harmful substance,Unmapped,n/a,No confident IOGP rule match for 'Ingestion of harmful substance' in EventTitle
severe_injury_reports_jboysen,"Inhalation of harmful substance, unspecified",Unmapped,n/a,"No confident IOGP rule match for 'Inhalation of harmful substance, unspecified' in EventTitle"
severe_injury_reports_jboysen,Inhalation of harmful substance-multiple episodes,Unmapped,n/a,No confident IOGP rule match for 'Inhalation of harmful substance-multiple episodes' in EventTitle
severe_injury_reports_jboysen,Inhalation of harmful substance-single episode,Unmapped,n/a,No confident IOGP rule match for 'Inhalation of harmful substance-single episode' in EventTitle
severe_injury_reports_jboysen,"Injured by handheld object or equipment, n.e.c.",Unmapped,n/a,"No confident IOGP rule match for 'Injured by handheld object or equipment, n.e.c.' in EventTitle"
severe_injury_reports_jboysen,"Injured by handheld object or equipment, unspecified",Unmapped,n/a,"No confident IOGP rule match for 'Injured by handheld object or equipment, unspecified' in EventTitle"
severe_injury_reports_jboysen,Injured by object breaking in hand,Unmapped,n/a,No confident IOGP rule match for 'Injured by object breaking in hand' in EventTitle
severe_injury_reports_jboysen,Injured by physical contact during horseplay,Unmapped,n/a,No confident IOGP rule match for 'Injured by physical contact during horseplay' in EventTitle
severe_injury_reports_jboysen,Injured by physical contact with other person in sporting event or physical training,Unmapped,n/a,No confident IOGP rule match for 'Injured by physical contact with other person in sporting event or physical training' in EventTitle
severe_injury_reports_jboysen,Injured by physical contact with person while moving that person-unintentional,Unmapped,n/a,No confident IOGP rule match for 'Injured by physical contact with person while moving that person-unintentional' in EventTitle
severe_injury_reports_jboysen,"Injured by physical contact with person while restraining, subduing-unintentional",Unmapped,n/a,"No confident IOGP rule match for 'Injured by physical contact with person while restraining, subduing-unintentional' in EventTitle"
severe_injury_reports_jboysen,Injured by slipping or swinging object held by injured worker,Unmapped,n/a,No confident IOGP rule match for 'Injured by slipping or swinging object held by injured worker' in EventTitle
severe_injury_reports_jboysen,Injured by slipping or swinging object held by other person,Unmapped,n/a,No confident IOGP rule match for 'Injured by slipping or swinging object held by other person' in EventTitle
severe_injury_reports_jboysen,"Injury by other person-unintentional or intent unknown, n.e.c.",Unmapped,n/a,"No confident IOGP rule match for 'Injury by other person-unintentional or intent unknown, n.e.c.' in EventTitle"
severe_injury_reports_jboysen,"Injury by other person-unintentional or intent unknown, unspecified",Unmapped,n/a,"No confident IOGP rule match for 'Injury by other person-unintentional or intent unknown, unspecified' in EventTitle"
severe_injury_reports_jboysen,"Injury by person-unintentional or intent unknown, n.e.c.",Unmapped,n/a,"No confident IOGP rule match for 'Injury by person-unintentional or intent unknown, n.e.c.' in EventTitle"
severe_injury_reports_jboysen,"Intentional injury by other person, n.e.c.",Unmapped,n/a,"No confident IOGP rule match for 'Intentional injury by other person, n.e.c.' in EventTitle"
severe_injury_reports_jboysen,"Intentional injury by other person, unspecified",Unmapped,n/a,"No confident IOGP rule match for 'Intentional injury by other person, unspecified' in EventTitle"
severe_injury_reports_jboysen,"Jack-knifed or overturned, nonroadway",Unmapped,n/a,"No confident IOGP rule match for 'Jack-knifed or overturned, nonroadway' in EventTitle"
severe_injury_reports_jboysen,"Jack-knifed or overturned, roadway",Unmapped,n/a,"No confident IOGP rule match for 'Jack-knifed or overturned, roadway' in EventTitle"
severe_injury_reports_jboysen,Jump from collapsing structure or equipment less than 6 feet,Unmapped,n/a,No confident IOGP rule match for 'Jump from collapsing structure or equipment less than 6 feet' in EventTitle
severe_injury_reports_jboysen,"Jump to lower level, unspecified",Unmapped,n/a,"No confident IOGP rule match for 'Jump to lower level, unspecified' in EventTitle"
severe_injury_reports_jboysen,Kicked by animal,Unmapped,n/a,No confident IOGP rule match for 'Kicked by animal' in EventTitle
severe_injury_reports_jboysen,"Kneeling, kneeling down-repetitive or prolonged",Unmapped,n/a,"No confident IOGP rule match for 'Kneeling, kneeling down-repetitive or prolonged' in EventTitle"
severe_injury_reports_jboysen,"Kneeling, kneeling down-single episode",Unmapped,n/a,"No confident IOGP rule match for 'Kneeling, kneeling down-single episode' in EventTitle"
severe_injury_reports_jboysen,Machinery or equipment incident on water vehicle,Unmapped,n/a,No confident IOGP rule match for 'Machinery or equipment incident on water vehicle' in EventTitle
severe_injury_reports_jboysen,"Mauled, clawed, or scratched by animal",Unmapped,n/a,"No confident IOGP rule match for 'Mauled, clawed, or scratched by animal' in EventTitle"
severe_injury_reports_jboysen,"Moving in opposite directions, oncoming, nonroadway",Unmapped,n/a,"No confident IOGP rule match for 'Moving in opposite directions, oncoming, nonroadway' in EventTitle"
severe_injury_reports_jboysen,"Moving in same direction, nonroadway",Unmapped,n/a,"No confident IOGP rule match for 'Moving in same direction, nonroadway' in EventTitle"
severe_injury_reports_jboysen,Multiple types of exertions and bodily reactions,Unmapped,n/a,No confident IOGP rule match for 'Multiple types of exertions and bodily reactions' in EventTitle
severe_injury_reports_jboysen,Multiple types of overexertion involving outside sources,Unmapped,n/a,No confident IOGP rule match for 'Multiple types of overexertion involving outside sources' in EventTitle
severe_injury_reports_jboysen,Multiple types of overexertions and bodily reactions,Unmapped,n/a,No confident IOGP rule match for 'Multiple types of overexertions and bodily reactions' in EventTitle
severe_injury_reports_jboysen,Needlestick without exposure to harmful substance,Unmapped,n/a,No confident IOGP rule match for 'Needlestick without exposure to harmful substance' in EventTitle
severe_injury_reports_jboysen,Nonclassifiable,Unmapped,n/a,No confident IOGP rule match for 'Nonclassifiable' in EventTitle
severe_injury_reports_jboysen,"Nonroadway collision with object other than vehicle, n.e.c.",Unmapped,n/a,"No confident IOGP rule match for 'Nonroadway collision with object other than vehicle, n.e.c.' in EventTitle"
severe_injury_reports_jboysen,"Nonroadway collision with object other than vehicle, unspecified",Unmapped,n/a,"No confident IOGP rule match for 'Nonroadway collision with object other than vehicle, unspecified' in EventTitle"
severe_injury_reports_jboysen,"Nonroadway collision with other vehicle, n.e.c.",Unmapped,n/a,"No confident IOGP rule match for 'Nonroadway collision with other vehicle, n.e.c.' in EventTitle"
severe_injury_reports_jboysen,"Nonroadway collision with other vehicle, unspecified",Unmapped,n/a,"No confident IOGP rule match for 'Nonroadway collision with other vehicle, unspecified' in EventTitle"
severe_injury_reports_jboysen,"Nonroadway incident involving motorized land vehicle, unspecified",Unmapped,n/a,"No confident IOGP rule match for 'Nonroadway incident involving motorized land vehicle, unspecified' in EventTitle"
severe_injury_reports_jboysen,"Nonroadway noncollision incident, n.e.c.",Unmapped,n/a,"No confident IOGP rule match for 'Nonroadway noncollision incident, n.e.c.' in EventTitle"
severe_injury_reports_jboysen,"Nonroadway noncollision incident, unspecified",Unmapped,n/a,"No confident IOGP rule match for 'Nonroadway noncollision incident, unspecified' in EventTitle"
severe_injury_reports_jboysen,"Nonstructural fire, n.e.c.",Unmapped,n/a,"No confident IOGP rule match for 'Nonstructural fire, n.e.c.' in EventTitle"
severe_injury_reports_jboysen,Nonvenomous insect bites,Unmapped,n/a,No confident IOGP rule match for 'Nonvenomous insect bites' in EventTitle
severe_injury_reports_jboysen,"Other animal bites, nonvenomous",Unmapped,n/a,"No confident IOGP rule match for 'Other animal bites, nonvenomous' in EventTitle"
severe_injury_reports_jboysen,"Other exertions or bodily reactions, n.e.c.",Unmapped,n/a,"No confident IOGP rule match for 'Other exertions or bodily reactions, n.e.c.' in EventTitle"
severe_injury_reports_jboysen,"Other exertions or bodily reactions, unspecified",Unmapped,n/a,"No confident IOGP rule match for 'Other exertions or bodily reactions, unspecified' in EventTitle"
severe_injury_reports_jboysen,Other fall to lower level 11 to 15 feet,Unmapped,n/a,No confident IOGP rule match for 'Other fall to lower level 11 to 15 feet' in EventTitle
severe_injury_reports_jboysen,Other fall to lower level 16 to 20 feet,Unmapped,n/a,No confident IOGP rule match for 'Other fall to lower level 16 to 20 feet' in EventTitle
severe_injury_reports_jboysen,Other fall to lower level 21 to 25 feet,Unmapped,n/a,No confident IOGP rule match for 'Other fall to lower level 21 to 25 feet' in EventTitle
severe_injury_reports_jboysen,Other fall to lower level 26 to 30 feet,Unmapped,n/a,No confident IOGP rule match for 'Other fall to lower level 26 to 30 feet' in EventTitle
severe_injury_reports_jboysen,Other fall to lower level 6 to 10 feet,Unmapped,n/a,No confident IOGP rule match for 'Other fall to lower level 6 to 10 feet' in EventTitle
severe_injury_reports_jboysen,Other fall to lower level less than 6 feet,Unmapped,n/a,No confident IOGP rule match for 'Other fall to lower level less than 6 feet' in EventTitle
severe_injury_reports_jboysen,Other fall to lower level more than 30 feet,Unmapped,n/a,No confident IOGP rule match for 'Other fall to lower level more than 30 feet' in EventTitle
severe_injury_reports_jboysen,"Other fall to lower level, unspecified",Unmapped,n/a,"No confident IOGP rule match for 'Other fall to lower level, unspecified' in EventTitle"
severe_injury_reports_jboysen,Other in-flight crash due to mechanical failure,Unmapped,n/a,No confident IOGP rule match for 'Other in-flight crash due to mechanical failure' in EventTitle
severe_injury_reports_jboysen,"Other in-flight crash into structure, object, or ground",Unmapped,n/a,"No confident IOGP rule match for 'Other in-flight crash into structure, object, or ground' in EventTitle"
severe_injury_reports_jboysen,Other jump to lower level 11 to 15 feet,Unmapped,n/a,No confident IOGP rule match for 'Other jump to lower level 11 to 15 feet' in EventTitle
severe_injury_reports_jboysen,Other jump to lower level 26 to 30 feet,Unmapped,n/a,No confident IOGP rule match for 'Other jump to lower level 26 to 30 feet' in EventTitle
severe_injury_reports_jboysen,Other jump to lower level 6 to 10 feet,Unmapped,n/a,No confident IOGP rule match for 'Other jump to lower level 6 to 10 feet' in EventTitle
severe_injury_reports_jboysen,Other jump to lower level less than 6 feet,Unmapped,n/a,No confident IOGP rule match for 'Other jump to lower level less than 6 feet' in EventTitle
severe_injury_reports_jboysen,Other jump to lower level more than 30 feet,Unmapped,n/a,No confident IOGP rule match for 'Other jump to lower level more than 30 feet' in EventTitle
severe_injury_reports_jboysen,"Other jump to lower level, unspecified",Unmapped,n/a,"No confident IOGP rule match for 'Other jump to lower level, unspecified' in EventTitle"
severe_injury_reports_jboysen,Other structural fire without collapse,Unmapped,n/a,No confident IOGP rule match for 'Other structural fire without collapse' in EventTitle
severe_injury_reports_jboysen,"Overexertion and bodily reaction and exertion, n.e.c.",Unmapped,n/a,"No confident IOGP rule match for 'Overexertion and bodily reaction and exertion, n.e.c.' in EventTitle"
severe_injury_reports_jboysen,"Overexertion and bodily reaction, unspecified",Unmapped,n/a,"No confident IOGP rule match for 'Overexertion and bodily reaction, unspecified' in EventTitle"
severe_injury_reports_jboysen,Overexertion in catching-single episode,Unmapped,n/a,No confident IOGP rule match for 'Overexertion in catching-single episode' in EventTitle
severe_injury_reports_jboysen,"Overexertion in holding, carrying, or wielding-multiple episodes",Unmapped,n/a,"No confident IOGP rule match for 'Overexertion in holding, carrying, or wielding-multiple episodes' in EventTitle"
severe_injury_reports_jboysen,"Overexertion in holding, carrying, or wielding-single episode",Unmapped,n/a,"No confident IOGP rule match for 'Overexertion in holding, carrying, or wielding-single episode' in EventTitle"
severe_injury_reports_jboysen,"Overexertion in lifting, lowering, unspecified",Unmapped,n/a,"No confident IOGP rule match for 'Overexertion in lifting, lowering, unspecified' in EventTitle"
severe_injury_reports_jboysen,Overexertion in lifting-multiple episodes,Unmapped,n/a,No confident IOGP rule match for 'Overexertion in lifting-multiple episodes' in EventTitle
severe_injury_reports_jboysen,Overexertion in lifting-single episode,Unmapped,n/a,No confident IOGP rule match for 'Overexertion in lifting-single episode' in EventTitle
severe_injury_reports_jboysen,Overexertion in lowering-single episode,Unmapped,n/a,No confident IOGP rule match for 'Overexertion in lowering-single episode' in EventTitle
severe_injury_reports_jboysen,"Overexertion in pushing, pulling, or turning, unspecified",Unmapped,n/a,"No confident IOGP rule match for 'Overexertion in pushing, pulling, or turning, unspecified' in EventTitle"
severe_injury_reports_jboysen,"Overexertion in pushing, pulling, or turning-multiple episodes",Unmapped,n/a,"No confident IOGP rule match for 'Overexertion in pushing, pulling, or turning-multiple episodes' in EventTitle"
severe_injury_reports_jboysen,"Overexertion in pushing, pulling, or turning-single episode",Unmapped,n/a,"No confident IOGP rule match for 'Overexertion in pushing, pulling, or turning-single episode' in EventTitle"
severe_injury_reports_jboysen,Overexertion in throwing-single episode,Unmapped,n/a,No confident IOGP rule match for 'Overexertion in throwing-single episode' in EventTitle
severe_injury_reports_jboysen,"Overexertion involving outside sources, n.e.c.",Unmapped,n/a,"No confident IOGP rule match for 'Overexertion involving outside sources, n.e.c.' in EventTitle"
severe_injury_reports_jboysen,"Overexertion involving outside sources, unspecified",Unmapped,n/a,"No confident IOGP rule match for 'Overexertion involving outside sources, unspecified' in EventTitle"
severe_injury_reports_jboysen,Parachuting incident,Unmapped,n/a,No confident IOGP rule match for 'Parachuting incident' in EventTitle
severe_injury_reports_jboysen,Part of occupants body caught between vehicle and other object in nonroadway transport incident,Unmapped,n/a,No confident IOGP rule match for 'Part of occupants body caught between vehicle and other object in nonroadway transport incident' in EventTitle
severe_injury_reports_jboysen,Pedal cycle collision in nonroadway area,Unmapped,n/a,No confident IOGP rule match for 'Pedal cycle collision in nonroadway area' in EventTitle
severe_injury_reports_jboysen,Pedal cycle collision in roadway,Unmapped,n/a,No confident IOGP rule match for 'Pedal cycle collision in roadway' in EventTitle
severe_injury_reports_jboysen,"Pedal cycle incident, n.e.c",Unmapped,n/a,"No confident IOGP rule match for 'Pedal cycle incident, n.e.c' in EventTitle"
severe_injury_reports_jboysen,Pedestrian struck by aircraft or propeller,Unmapped,n/a,No confident IOGP rule match for 'Pedestrian struck by aircraft or propeller' in EventTitle
severe_injury_reports_jboysen,Pedestrian struck by forward-moving vehicle in nonroadway area,Unmapped,n/a,No confident IOGP rule match for 'Pedestrian struck by forward-moving vehicle in nonroadway area' in EventTitle
severe_injury_reports_jboysen,Pedestrian struck by forward-moving vehicle in roadway,Unmapped,n/a,No confident IOGP rule match for 'Pedestrian struck by forward-moving vehicle in roadway' in EventTitle
severe_injury_reports_jboysen,Pedestrian struck by forward-moving vehicle in work zone,Unmapped,n/a,No confident IOGP rule match for 'Pedestrian struck by forward-moving vehicle in work zone' in EventTitle
severe_injury_reports_jboysen,Pedestrian struck by forward-moving vehicle on side of road,Unmapped,n/a,No confident IOGP rule match for 'Pedestrian struck by forward-moving vehicle on side of road' in EventTitle
severe_injury_reports_jboysen,Pedestrian struck by rail vehicle-transportation incident,Unmapped,n/a,No confident IOGP rule match for 'Pedestrian struck by rail vehicle-transportation incident' in EventTitle
severe_injury_reports_jboysen,Pedestrian struck by vehicle backing up in nonroadway area,Unmapped,n/a,No confident IOGP rule match for 'Pedestrian struck by vehicle backing up in nonroadway area' in EventTitle
severe_injury_reports_jboysen,Pedestrian struck by vehicle backing up in roadway,Unmapped,n/a,No confident IOGP rule match for 'Pedestrian struck by vehicle backing up in roadway' in EventTitle
severe_injury_reports_jboysen,Pedestrian struck by vehicle backing up in work zone,Unmapped,n/a,No confident IOGP rule match for 'Pedestrian struck by vehicle backing up in work zone' in EventTitle
severe_injury_reports_jboysen,Pedestrian struck by vehicle backing up on side of road,Unmapped,n/a,No confident IOGP rule match for 'Pedestrian struck by vehicle backing up on side of road' in EventTitle
severe_injury_reports_jboysen,"Pedestrian struck by vehicle in nonroadway area, n.e.c.",Unmapped,n/a,"No confident IOGP rule match for 'Pedestrian struck by vehicle in nonroadway area, n.e.c.' in EventTitle"
severe_injury_reports_jboysen,"Pedestrian struck by vehicle in nonroadway area, unspecified",Unmapped,n/a,"No confident IOGP rule match for 'Pedestrian struck by vehicle in nonroadway area, unspecified' in EventTitle"
severe_injury_reports_jboysen,"Pedestrian struck by vehicle in roadway, n.e.c.",Unmapped,n/a,"No confident IOGP rule match for 'Pedestrian struck by vehicle in roadway, n.e.c.' in EventTitle"
severe_injury_reports_jboysen,"Pedestrian struck by vehicle in roadway, unspecified",Unmapped,n/a,"No confident IOGP rule match for 'Pedestrian struck by vehicle in roadway, unspecified' in EventTitle"
severe_injury_reports_jboysen,"Pedestrian struck by vehicle in work zone, n.e.c.",Unmapped,n/a,"No confident IOGP rule match for 'Pedestrian struck by vehicle in work zone, n.e.c.' in EventTitle"
severe_injury_reports_jboysen,"Pedestrian struck by vehicle in work zone, unspecified",Unmapped,n/a,"No confident IOGP rule match for 'Pedestrian struck by vehicle in work zone, unspecified' in EventTitle"
severe_injury_reports_jboysen,"Pedestrian struck by vehicle on side of road, unspecified",Unmapped,n/a,"No confident IOGP rule match for 'Pedestrian struck by vehicle on side of road, unspecified' in EventTitle"
severe_injury_reports_jboysen,Pedestrian struck by vehicle propelled by another vehicle in  nonroadway area,Unmapped,n/a,No confident IOGP rule match for 'Pedestrian struck by vehicle propelled by another vehicle in  nonroadway area' in EventTitle
severe_injury_reports_jboysen,Pedestrian struck by vehicle propelled by another vehicle in roadway,Unmapped,n/a,No confident IOGP rule match for 'Pedestrian struck by vehicle propelled by another vehicle in roadway' in EventTitle
severe_injury_reports_jboysen,Pedestrian struck by vehicle propelled by another vehicle in work zone,Unmapped,n/a,No confident IOGP rule match for 'Pedestrian struck by vehicle propelled by another vehicle in work zone' in EventTitle
severe_injury_reports_jboysen,Pedestrian struck by vehicle propelled by another vehicle on side of road,Unmapped,n/a,No confident IOGP rule match for 'Pedestrian struck by vehicle propelled by another vehicle on side of road' in EventTitle
severe_injury_reports_jboysen,"Pedestrian vehicular incident, n.e.c.",Unmapped,n/a,"No confident IOGP rule match for 'Pedestrian vehicular incident, n.e.c.' in EventTitle"
severe_injury_reports_jboysen,"Pedestrian vehicular incident, unspecified",Unmapped,n/a,"No confident IOGP rule match for 'Pedestrian vehicular incident, unspecified' in EventTitle"
severe_injury_reports_jboysen,"Rail vehicle incident, n.e.c.",Unmapped,n/a,"No confident IOGP rule match for 'Rail vehicle incident, n.e.c.' in EventTitle"
severe_injury_reports_jboysen,"Ran off driving surface, nonroadway",Unmapped,n/a,"No confident IOGP rule match for 'Ran off driving surface, nonroadway' in EventTitle"
severe_injury_reports_jboysen,Ran off roadway,Unmapped,n/a,No confident IOGP rule match for 'Ran off roadway' in EventTitle
severe_injury_reports_jboysen,"Roadway collision with object other than vehicle, n.e.c.",Unmapped,n/a,"No confident IOGP rule match for 'Roadway collision with object other than vehicle, n.e.c.' in EventTitle"
severe_injury_reports_jboysen,"Roadway collision with other vehicle, unspecified",Unmapped,n/a,"No confident IOGP rule match for 'Roadway collision with other vehicle, unspecified' in EventTitle"
severe_injury_reports_jboysen,Roadway collision-moving and standing vehicle on side of roadway,Unmapped,n/a,No confident IOGP rule match for 'Roadway collision-moving and standing vehicle on side of roadway' in EventTitle
severe_injury_reports_jboysen,"Roadway collision-moving in opposite directions, oncoming",Unmapped,n/a,"No confident IOGP rule match for 'Roadway collision-moving in opposite directions, oncoming' in EventTitle"
severe_injury_reports_jboysen,Roadway collision-moving in same direction,Unmapped,n/a,No confident IOGP rule match for 'Roadway collision-moving in same direction' in EventTitle
severe_injury_reports_jboysen,Roadway collision-moving perpendicularly,Unmapped,n/a,No confident IOGP rule match for 'Roadway collision-moving perpendicularly' in EventTitle
severe_injury_reports_jboysen,"Roadway incident involving motorized land vehicle, unspecified",Unmapped,n/a,"No confident IOGP rule match for 'Roadway incident involving motorized land vehicle, unspecified' in EventTitle"
severe_injury_reports_jboysen,"Roadway noncollision incident, n.e.c.",Unmapped,n/a,"No confident IOGP rule match for 'Roadway noncollision incident, n.e.c.' in EventTitle"
severe_injury_reports_jboysen,"Roadway noncollision incident, unspecified",Unmapped,n/a,"No confident IOGP rule match for 'Roadway noncollision incident, unspecified' in EventTitle"
severe_injury_reports_jboysen,"Rubbed or abraded by friction or pressure, n.e.c.",Unmapped,n/a,"No confident IOGP rule match for 'Rubbed or abraded by friction or pressure, n.e.c.' in EventTitle"
severe_injury_reports_jboysen,Rubbed or abraded by objects being handled,Unmapped,n/a,No confident IOGP rule match for 'Rubbed or abraded by objects being handled' in EventTitle
severe_injury_reports_jboysen,"Rubbed or abraded by shoes, apparel, or accessories",Unmapped,n/a,"No confident IOGP rule match for 'Rubbed or abraded by shoes, apparel, or accessories' in EventTitle"
severe_injury_reports_jboysen,"Running, without other incident-repetitive or prolonged",Unmapped,n/a,"No confident IOGP rule match for 'Running, without other incident-repetitive or prolonged' in EventTitle"
severe_injury_reports_jboysen,"Running, without other incident-single episode",Unmapped,n/a,"No confident IOGP rule match for 'Running, without other incident-single episode' in EventTitle"
severe_injury_reports_jboysen,"Self-inflicted injury-unintentional or intent unknown, n.e.c.",Unmapped,n/a,"No confident IOGP rule match for 'Self-inflicted injury-unintentional or intent unknown, n.e.c.' in EventTitle"
severe_injury_reports_jboysen,Self-inflicted shooting-unintentional,Unmapped,n/a,No confident IOGP rule match for 'Self-inflicted shooting-unintentional' in EventTitle
severe_injury_reports_jboysen,Shooting by other person-intentional,Unmapped,n/a,No confident IOGP rule match for 'Shooting by other person-intentional' in EventTitle
severe_injury_reports_jboysen,Shooting by other person-unintentional,Unmapped,n/a,No confident IOGP rule match for 'Shooting by other person-unintentional' in EventTitle
severe_injury_reports_jboysen,Slip on substance without fall,Unmapped,n/a,No confident IOGP rule match for 'Slip on substance without fall' in EventTitle
severe_injury_reports_jboysen,Slip on vehicle without fall-nontransport,Unmapped,n/a,No confident IOGP rule match for 'Slip on vehicle without fall-nontransport' in EventTitle
severe_injury_reports_jboysen,"Slip or trip without fall, n.e.c.",Unmapped,n/a,"No confident IOGP rule match for 'Slip or trip without fall, n.e.c.' in EventTitle"
severe_injury_reports_jboysen,"Slip or trip without fall, unspecified",Unmapped,n/a,"No confident IOGP rule match for 'Slip or trip without fall, unspecified' in EventTitle"
severe_injury_reports_jboysen,"Slip without fall, n.e.c.",Unmapped,n/a,"No confident IOGP rule match for 'Slip without fall, n.e.c.' in EventTitle"
severe_injury_reports_jboysen,"Slip without fall, unspecified",Unmapped,n/a,"No confident IOGP rule match for 'Slip without fall, unspecified' in EventTitle"
severe_injury_reports_jboysen,Small-scale (limited) fire,Unmapped,n/a,No confident IOGP rule match for 'Small-scale (limited) fire' in EventTitle
severe_injury_reports_jboysen,"Stabbing, cutting, slashing, piercing",Unmapped,n/a,"No confident IOGP rule match for 'Stabbing, cutting, slashing, piercing' in EventTitle"
severe_injury_reports_jboysen,"Standing, standing up-single episode",Unmapped,n/a,"No confident IOGP rule match for 'Standing, standing up-single episode' in EventTitle"
severe_injury_reports_jboysen,Stepped on object,Unmapped,n/a,No confident IOGP rule match for 'Stepped on object' in EventTitle
severe_injury_reports_jboysen,Stings and venomous bites,Unmapped,n/a,No confident IOGP rule match for 'Stings and venomous bites' in EventTitle
severe_injury_reports_jboysen,Strangulation by other person,Unmapped,n/a,No confident IOGP rule match for 'Strangulation by other person' in EventTitle
severe_injury_reports_jboysen,"Struck against moving object or equipment, n.e.c.",Unmapped,n/a,"No confident IOGP rule match for 'Struck against moving object or equipment, n.e.c.' in EventTitle"
severe_injury_reports_jboysen,"Struck against moving object or equipment, unspecified",Unmapped,n/a,"No confident IOGP rule match for 'Struck against moving object or equipment, unspecified' in EventTitle"
severe_injury_reports_jboysen,Struck against moving part of machinery or equipment,Unmapped,n/a,No confident IOGP rule match for 'Struck against moving part of machinery or equipment' in EventTitle
severe_injury_reports_jboysen,Struck against object or equipment while moving it,Unmapped,n/a,No confident IOGP rule match for 'Struck against object or equipment while moving it' in EventTitle
severe_injury_reports_jboysen,"Struck against object or equipment, n.e.c.",Unmapped,n/a,"No confident IOGP rule match for 'Struck against object or equipment, n.e.c.' in EventTitle"
severe_injury_reports_jboysen,"Struck against object or equipment, unspecified",Unmapped,n/a,"No confident IOGP rule match for 'Struck against object or equipment, unspecified' in EventTitle"
severe_injury_reports_jboysen,Struck against stationary object or equipment while rising,Unmapped,n/a,No confident IOGP rule match for 'Struck against stationary object or equipment while rising' in EventTitle
severe_injury_reports_jboysen,"Struck against stationary object or equipment, n.e.c.",Unmapped,n/a,"No confident IOGP rule match for 'Struck against stationary object or equipment, n.e.c.' in EventTitle"
severe_injury_reports_jboysen,"Struck against stationary object or equipment, unspecified",Unmapped,n/a,"No confident IOGP rule match for 'Struck against stationary object or equipment, unspecified' in EventTitle"
severe_injury_reports_jboysen,"Struck bump, hole, or rough terrain in road surface",Unmapped,n/a,"No confident IOGP rule match for 'Struck bump, hole, or rough terrain in road surface' in EventTitle"
severe_injury_reports_jboysen,"Struck bump, hole, rough terrain on driving surface, nonroadway",Unmapped,n/a,"No confident IOGP rule match for 'Struck bump, hole, rough terrain on driving surface, nonroadway' in EventTitle"
severe_injury_reports_jboysen,"Struck by animal, n.e.c.",Unmapped,n/a,"No confident IOGP rule match for 'Struck by animal, n.e.c.' in EventTitle"
severe_injury_reports_jboysen,"Struck by animal, unspecified",Unmapped,n/a,"No confident IOGP rule match for 'Struck by animal, unspecified' in EventTitle"
severe_injury_reports_jboysen,Struck by discharged object or substance,Unmapped,n/a,No confident IOGP rule match for 'Struck by discharged object or substance' in EventTitle
severe_injury_reports_jboysen,"Struck by discharged or flying object, n.e.c.",Unmapped,n/a,"No confident IOGP rule match for 'Struck by discharged or flying object, n.e.c.' in EventTitle"
severe_injury_reports_jboysen,"Struck by discharged or flying object, unspecified",Unmapped,n/a,"No confident IOGP rule match for 'Struck by discharged or flying object, unspecified' in EventTitle"
severe_injury_reports_jboysen,"Struck by dislodged flying object, particle",Unmapped,n/a,"No confident IOGP rule match for 'Struck by dislodged flying object, particle' in EventTitle"
severe_injury_reports_jboysen,"Struck by falling object or equipment, n.e.c.",Unmapped,n/a,"No confident IOGP rule match for 'Struck by falling object or equipment, n.e.c.' in EventTitle"
severe_injury_reports_jboysen,"Struck by falling object or equipment, unspecified",Unmapped,n/a,"No confident IOGP rule match for 'Struck by falling object or equipment, unspecified' in EventTitle"
severe_injury_reports_jboysen,Struck by falling part of powered vehicle still attached,Unmapped,n/a,No confident IOGP rule match for 'Struck by falling part of powered vehicle still attached' in EventTitle
severe_injury_reports_jboysen,Struck by object falling from vehicle or machinery-other than vehicle part,Unmapped,n/a,No confident IOGP rule match for 'Struck by object falling from vehicle or machinery-other than vehicle part' in EventTitle
severe_injury_reports_jboysen,Struck by object or equipment dropped by injured worker,Unmapped,n/a,No confident IOGP rule match for 'Struck by object or equipment dropped by injured worker' in EventTitle
severe_injury_reports_jboysen,Struck by object or equipment dropped by other person,Unmapped,n/a,No confident IOGP rule match for 'Struck by object or equipment dropped by other person' in EventTitle
severe_injury_reports_jboysen,Struck by object or equipment rolling freely,Unmapped,n/a,No confident IOGP rule match for 'Struck by object or equipment rolling freely' in EventTitle
severe_injury_reports_jboysen,"Struck by object or equipment, n.e.c.",Unmapped,n/a,"No confident IOGP rule match for 'Struck by object or equipment, n.e.c.' in EventTitle"
severe_injury_reports_jboysen,"Struck by object or equipment, unspecified",Unmapped,n/a,"No confident IOGP rule match for 'Struck by object or equipment, unspecified' in EventTitle"
severe_injury_reports_jboysen,Struck by or caught in swinging door or gate,Unmapped,n/a,No confident IOGP rule match for 'Struck by or caught in swinging door or gate' in EventTitle
severe_injury_reports_jboysen,Struck by other falling powered vehicle,Unmapped,n/a,No confident IOGP rule match for 'Struck by other falling powered vehicle' in EventTitle
severe_injury_reports_jboysen,Struck by powered vehicle tipping over-nontransport,Unmapped,n/a,No confident IOGP rule match for 'Struck by powered vehicle tipping over-nontransport' in EventTitle
severe_injury_reports_jboysen,"Struck by powered vehicle-nontransport, n.e.c.",Unmapped,n/a,"No confident IOGP rule match for 'Struck by powered vehicle-nontransport, n.e.c.' in EventTitle"
severe_injury_reports_jboysen,"Struck by powered vehicle-nontransport, unspecified",Unmapped,n/a,"No confident IOGP rule match for 'Struck by powered vehicle-nontransport, unspecified' in EventTitle"
severe_injury_reports_jboysen,Struck by rolling object or equipment being pushed by another  person,Unmapped,n/a,No confident IOGP rule match for 'Struck by rolling object or equipment being pushed by another  person' in EventTitle
severe_injury_reports_jboysen,Struck by rolling object or equipment being pushed by injured worker,Unmapped,n/a,No confident IOGP rule match for 'Struck by rolling object or equipment being pushed by injured worker' in EventTitle
severe_injury_reports_jboysen,"Struck by rolling object or equipment-other than powered vehicle, n.e.c.",Unmapped,n/a,"No confident IOGP rule match for 'Struck by rolling object or equipment-other than powered vehicle, n.e.c.' in EventTitle"
severe_injury_reports_jboysen,"Struck by rolling object or equipment-other than powered vehicle, unspecified",Unmapped,n/a,"No confident IOGP rule match for 'Struck by rolling object or equipment-other than powered vehicle, unspecified' in EventTitle"
severe_injury_reports_jboysen,"Struck by shifting load during transport, nonroadway",Unmapped,n/a,"No confident IOGP rule match for 'Struck by shifting load during transport, nonroadway' in EventTitle"
severe_injury_reports_jboysen,"Struck by swinging or slipping object, other than handheld, n.e.c.",Unmapped,n/a,"No confident IOGP rule match for 'Struck by swinging or slipping object, other than handheld, n.e.c.' in EventTitle"
severe_injury_reports_jboysen,"Struck by swinging or slipping object, other than handheld, unspecified",Unmapped,n/a,"No confident IOGP rule match for 'Struck by swinging or slipping object, other than handheld, unspecified' in EventTitle"
severe_injury_reports_jboysen,Struck by swinging part of powered vehicle,Unmapped,n/a,No confident IOGP rule match for 'Struck by swinging part of powered vehicle' in EventTitle
severe_injury_reports_jboysen,Struck by thrown object-unintentional injury,Unmapped,n/a,No confident IOGP rule match for 'Struck by thrown object-unintentional injury' in EventTitle
severe_injury_reports_jboysen,Struck or run over by rolling powered vehicle,Unmapped,n/a,No confident IOGP rule match for 'Struck or run over by rolling powered vehicle' in EventTitle
severe_injury_reports_jboysen,"Struck, caught, or crushed in collapsing structure, equipment, or material, n.e.c.",Unmapped,n/a,"No confident IOGP rule match for 'Struck, caught, or crushed in collapsing structure, equipment, or material, n.e.c.' in EventTitle"
severe_injury_reports_jboysen,"Struck, caught, or crushed in other collapsing structure or equipment",Unmapped,n/a,"No confident IOGP rule match for 'Struck, caught, or crushed in other collapsing structure or equipment' in EventTitle"
severe_injury_reports_jboysen,"Sudden start or stop, nonroadway",Unmapped,n/a,"No confident IOGP rule match for 'Sudden start or stop, nonroadway' in EventTitle"
severe_injury_reports_jboysen,"Sudden start or stop, roadway",Unmapped,n/a,"No confident IOGP rule match for 'Sudden start or stop, roadway' in EventTitle"
severe_injury_reports_jboysen,"Thrown, fell, or jumped from animal being ridden",Unmapped,n/a,"No confident IOGP rule match for 'Thrown, fell, or jumped from animal being ridden' in EventTitle"
severe_injury_reports_jboysen,Trampled by or stepped on by animal,Unmapped,n/a,No confident IOGP rule match for 'Trampled by or stepped on by animal' in EventTitle
severe_injury_reports_jboysen,"Transportation incident, unspecified",Unmapped,n/a,"No confident IOGP rule match for 'Transportation incident, unspecified' in EventTitle"
severe_injury_reports_jboysen,Trip from stepping into a hole without fall,Unmapped,n/a,No confident IOGP rule match for 'Trip from stepping into a hole without fall' in EventTitle
severe_injury_reports_jboysen,Trip on uneven surface without fall,Unmapped,n/a,No confident IOGP rule match for 'Trip on uneven surface without fall' in EventTitle
severe_injury_reports_jboysen,Trip over an object without fall,Unmapped,n/a,No confident IOGP rule match for 'Trip over an object without fall' in EventTitle
severe_injury_reports_jboysen,"Trip without fall, n.e.c.",Unmapped,n/a,"No confident IOGP rule match for 'Trip without fall, n.e.c.' in EventTitle"
severe_injury_reports_jboysen,"Trip without fall, unspecified",Unmapped,n/a,"No confident IOGP rule match for 'Trip without fall, unspecified' in EventTitle"
severe_injury_reports_jboysen,Vehicle or machinery fire,Unmapped,n/a,No confident IOGP rule match for 'Vehicle or machinery fire' in EventTitle
severe_injury_reports_jboysen,Vehicle struck object or animal in roadway,Unmapped,n/a,No confident IOGP rule match for 'Vehicle struck object or animal in roadway' in EventTitle
severe_injury_reports_jboysen,Vehicle struck object or animal on side of roadway,Unmapped,n/a,No confident IOGP rule match for 'Vehicle struck object or animal on side of roadway' in EventTitle
severe_injury_reports_jboysen,"Walking, without other incident-single episode",Unmapped,n/a,"No confident IOGP rule match for 'Walking, without other incident-single episode' in EventTitle"
severe_injury_reports_jboysen,"Water vehicle incident, n.e.c.",Unmapped,n/a,"No confident IOGP rule match for 'Water vehicle incident, n.e.c.' in EventTitle"
severe_injury_reports_jboysen,"Water vehicle incident, unspecified",Unmapped,n/a,"No confident IOGP rule match for 'Water vehicle incident, unspecified' in EventTitle"
severe_injury_reports_jboysen,"Abdominal pain, unspecified",Unmapped,n/a,"No confident IOGP rule match for 'Abdominal pain, unspecified' in NatureTitle"
severe_injury_reports_jboysen,"Abrasions, scratches",Unmapped,n/a,"No confident IOGP rule match for 'Abrasions, scratches' in NatureTitle"
severe_injury_reports_jboysen,Allergic dermatitis-acute,Unmapped,n/a,No confident IOGP rule match for 'Allergic dermatitis-acute' in NatureTitle
severe_injury_reports_jboysen,Amputations,Unmapped,n/a,No confident IOGP rule match for 'Amputations' in NatureTitle
severe_injury_reports_jboysen,"Amputations, avulsions, enucleations, n.e.c.",Unmapped,n/a,"No confident IOGP rule match for 'Amputations, avulsions, enucleations, n.e.c.' in NatureTitle"
severe_injury_reports_jboysen,"Amputations, avulsions, enucleations, unspecified",Unmapped,n/a,"No confident IOGP rule match for 'Amputations, avulsions, enucleations, unspecified' in NatureTitle"
severe_injury_reports_jboysen,"Anaphylactic shock, anaphylaxis",Unmapped,n/a,"No confident IOGP rule match for 'Anaphylactic shock, anaphylaxis' in NatureTitle"
severe_injury_reports_jboysen,"Anxiety, stress, unspecified",Unmapped,n/a,"No confident IOGP rule match for 'Anxiety, stress, unspecified' in NatureTitle"
severe_injury_reports_jboysen,"Asphyxiations, strangulations, suffocations",Unmapped,n/a,"No confident IOGP rule match for 'Asphyxiations, strangulations, suffocations' in NatureTitle"
severe_injury_reports_jboysen,"Avulsions, enucleations",Unmapped,n/a,"No confident IOGP rule match for 'Avulsions, enucleations' in NatureTitle"
severe_injury_reports_jboysen,"Blindness, low vision",Unmapped,n/a,"No confident IOGP rule match for 'Blindness, low vision' in NatureTitle"
severe_injury_reports_jboysen,Blisters,Unmapped,n/a,No confident IOGP rule match for 'Blisters' in NatureTitle
severe_injury_reports_jboysen,"Bruises, contusions",Unmapped,n/a,"No confident IOGP rule match for 'Bruises, contusions' in NatureTitle"
severe_injury_reports_jboysen,"Burns and corrosions, unspecified",Unmapped,n/a,"No confident IOGP rule match for 'Burns and corrosions, unspecified' in NatureTitle"
severe_injury_reports_jboysen,"Burns and other injuries, except fractures, unspecified",Unmapped,n/a,"No confident IOGP rule match for 'Burns and other injuries, except fractures, unspecified' in NatureTitle"
severe_injury_reports_jboysen,"Burns and other injuries, n.e.c.",Unmapped,n/a,"No confident IOGP rule match for 'Burns and other injuries, n.e.c.' in NatureTitle"
severe_injury_reports_jboysen,Burns and smoke inhalation,Unmapped,n/a,No confident IOGP rule match for 'Burns and smoke inhalation' in NatureTitle
severe_injury_reports_jboysen,Bursitis,Unmapped,n/a,No confident IOGP rule match for 'Bursitis' in NatureTitle
severe_injury_reports_jboysen,"Caisson disease, bends, divers' palsy",Unmapped,n/a,"No confident IOGP rule match for 'Caisson disease, bends, divers' palsy' in NatureTitle"
severe_injury_reports_jboysen,"Cartilage fractures and tears, n.e.c.",Unmapped,n/a,"No confident IOGP rule match for 'Cartilage fractures and tears, n.e.c.' in NatureTitle"
severe_injury_reports_jboysen,"Cartilage fractures and tears, unspecified",Unmapped,n/a,"No confident IOGP rule match for 'Cartilage fractures and tears, unspecified' in NatureTitle"
severe_injury_reports_jboysen,Cellulitis and abscess,Unmapped,n/a,No confident IOGP rule match for 'Cellulitis and abscess' in NatureTitle
severe_injury_reports_jboysen,Cerebral and other intracranial hemorrhages,Unmapped,n/a,No confident IOGP rule match for 'Cerebral and other intracranial hemorrhages' in NatureTitle
severe_injury_reports_jboysen,"Chemical burns and corrosions, unspecified",Unmapped,n/a,"No confident IOGP rule match for 'Chemical burns and corrosions, unspecified' in NatureTitle"
severe_injury_reports_jboysen,Chest pain,Unmapped,n/a,No confident IOGP rule match for 'Chest pain' in NatureTitle
severe_injury_reports_jboysen,Concussions,Unmapped,n/a,No confident IOGP rule match for 'Concussions' in NatureTitle
severe_injury_reports_jboysen,"Convulsions, seizures",Unmapped,n/a,"No confident IOGP rule match for 'Convulsions, seizures' in NatureTitle"
severe_injury_reports_jboysen,"Coughing and throat irritation- toxic, noxious, or allergenic effect",Unmapped,n/a,"No confident IOGP rule match for 'Coughing and throat irritation- toxic, noxious, or allergenic effect' in NatureTitle"
severe_injury_reports_jboysen,Crushing injuries,Unmapped,n/a,No confident IOGP rule match for 'Crushing injuries' in NatureTitle
severe_injury_reports_jboysen,Cuts and abrasions or bruises,Unmapped,n/a,No confident IOGP rule match for 'Cuts and abrasions or bruises' in NatureTitle
severe_injury_reports_jboysen,"Cuts, lacerations",Unmapped,n/a,"No confident IOGP rule match for 'Cuts, lacerations' in NatureTitle"
severe_injury_reports_jboysen,"Damage to prosthetic devices, n.e.c.",Unmapped,n/a,"No confident IOGP rule match for 'Damage to prosthetic devices, n.e.c.' in NatureTitle"
severe_injury_reports_jboysen,"Dermatitis and reactions affecting the skin-acute, unspecified",Unmapped,n/a,"No confident IOGP rule match for 'Dermatitis and reactions affecting the skin-acute, unspecified' in NatureTitle"
severe_injury_reports_jboysen,Dislocation of joints,Unmapped,n/a,No confident IOGP rule match for 'Dislocation of joints' in NatureTitle
severe_injury_reports_jboysen,"Dislocations, n.e.c.",Unmapped,n/a,"No confident IOGP rule match for 'Dislocations, n.e.c.' in NatureTitle"
severe_injury_reports_jboysen,"Dislocations, unspecified",Unmapped,n/a,"No confident IOGP rule match for 'Dislocations, unspecified' in NatureTitle"
severe_injury_reports_jboysen,"Dizziness, lightheadedness, headache-toxic, noxious, or allergenic effect",Unmapped,n/a,"No confident IOGP rule match for 'Dizziness, lightheadedness, headache-toxic, noxious, or allergenic effect' in NatureTitle"
severe_injury_reports_jboysen,"Effects of environmental conditions, n.e.c.",Unmapped,n/a,"No confident IOGP rule match for 'Effects of environmental conditions, n.e.c.' in NatureTitle"
severe_injury_reports_jboysen,"Effects of environmental conditions, unspecified",Unmapped,n/a,"No confident IOGP rule match for 'Effects of environmental conditions, unspecified' in NatureTitle"
severe_injury_reports_jboysen,"Effects of heat and light, n.e.c.",Unmapped,n/a,"No confident IOGP rule match for 'Effects of heat and light, n.e.c.' in NatureTitle"
severe_injury_reports_jboysen,"Effects of heat and light, unspecified",Unmapped,n/a,"No confident IOGP rule match for 'Effects of heat and light, unspecified' in NatureTitle"
severe_injury_reports_jboysen,"Electrical burns, unspecified",Unmapped,n/a,"No confident IOGP rule match for 'Electrical burns, unspecified' in NatureTitle"
severe_injury_reports_jboysen,"Electrocutions, electric shocks",Unmapped,n/a,"No confident IOGP rule match for 'Electrocutions, electric shocks' in NatureTitle"
severe_injury_reports_jboysen,"Embolism, air or fat",Unmapped,n/a,"No confident IOGP rule match for 'Embolism, air or fat' in NatureTitle"
severe_injury_reports_jboysen,"Endocrine, nutritional, metabolic, and immunity disorders, n.e.c.",Unmapped,n/a,"No confident IOGP rule match for 'Endocrine, nutritional, metabolic, and immunity disorders, n.e.c.' in NatureTitle"
severe_injury_reports_jboysen,"Endocrine, nutritional, metabolic, and immunity disorders, unspecified",Unmapped,n/a,"No confident IOGP rule match for 'Endocrine, nutritional, metabolic, and immunity disorders, unspecified' in NatureTitle"
severe_injury_reports_jboysen,EXPOSURES TO DISEASE-NO ILLNESS INCURRED,Unmapped,n/a,No confident IOGP rule match for 'EXPOSURES TO DISEASE-NO ILLNESS INCURRED' in NatureTitle
severe_injury_reports_jboysen,First degree chemical burns and corrosions,Unmapped,n/a,No confident IOGP rule match for 'First degree chemical burns and corrosions' in NatureTitle
severe_injury_reports_jboysen,First degree electrical burns,Unmapped,n/a,No confident IOGP rule match for 'First degree electrical burns' in NatureTitle
severe_injury_reports_jboysen,First degree heat (thermal) burns,Unmapped,n/a,No confident IOGP rule match for 'First degree heat (thermal) burns' in NatureTitle
severe_injury_reports_jboysen,Fractures,Unmapped,n/a,No confident IOGP rule match for 'Fractures' in NatureTitle
severe_injury_reports_jboysen,"Fractures (except rib, trunk fractures) and internal injuries",Unmapped,n/a,"No confident IOGP rule match for 'Fractures (except rib, trunk fractures) and internal injuries' in NatureTitle"
severe_injury_reports_jboysen,Fractures (except skull fractures) and concussions,Unmapped,n/a,No confident IOGP rule match for 'Fractures (except skull fractures) and concussions' in NatureTitle
severe_injury_reports_jboysen,Fractures and burns,Unmapped,n/a,No confident IOGP rule match for 'Fractures and burns' in NatureTitle
severe_injury_reports_jboysen,Fractures and dislocations,Unmapped,n/a,No confident IOGP rule match for 'Fractures and dislocations' in NatureTitle
severe_injury_reports_jboysen,"Fractures and other injuries, n.e.c.",Unmapped,n/a,"No confident IOGP rule match for 'Fractures and other injuries, n.e.c.' in NatureTitle"
severe_injury_reports_jboysen,"Fractures and other injuries, unspecified",Unmapped,n/a,"No confident IOGP rule match for 'Fractures and other injuries, unspecified' in NatureTitle"
severe_injury_reports_jboysen,Frostbite,Unmapped,n/a,No confident IOGP rule match for 'Frostbite' in NatureTitle
severe_injury_reports_jboysen,"General symptoms, n.e.c.",Unmapped,n/a,"No confident IOGP rule match for 'General symptoms, n.e.c.' in NatureTitle"
severe_injury_reports_jboysen,"General symptoms, unspecified",Unmapped,n/a,"No confident IOGP rule match for 'General symptoms, unspecified' in NatureTitle"
severe_injury_reports_jboysen,Gunshot wounds,Unmapped,n/a,No confident IOGP rule match for 'Gunshot wounds' in NatureTitle
severe_injury_reports_jboysen,"Heat (thermal) burns, n.e.c.",Unmapped,n/a,"No confident IOGP rule match for 'Heat (thermal) burns, n.e.c.' in NatureTitle"
severe_injury_reports_jboysen,"Heat (thermal) burns, unspecified",Unmapped,n/a,"No confident IOGP rule match for 'Heat (thermal) burns, unspecified' in NatureTitle"
severe_injury_reports_jboysen,"Heat exhaustion, prostration",Unmapped,n/a,"No confident IOGP rule match for 'Heat exhaustion, prostration' in NatureTitle"
severe_injury_reports_jboysen,Heat fatigue,Unmapped,n/a,No confident IOGP rule match for 'Heat fatigue' in NatureTitle
severe_injury_reports_jboysen,Heat stroke,Unmapped,n/a,No confident IOGP rule match for 'Heat stroke' in NatureTitle
severe_injury_reports_jboysen,Heat syncope,Unmapped,n/a,No confident IOGP rule match for 'Heat syncope' in NatureTitle
severe_injury_reports_jboysen,Hernias due to traumatic incidents,Unmapped,n/a,No confident IOGP rule match for 'Hernias due to traumatic incidents' in NatureTitle
severe_injury_reports_jboysen,Herniated discs,Unmapped,n/a,No confident IOGP rule match for 'Herniated discs' in NatureTitle
severe_injury_reports_jboysen,Hyperventilation,Unmapped,n/a,No confident IOGP rule match for 'Hyperventilation' in NatureTitle
severe_injury_reports_jboysen,Hypothermia,Unmapped,n/a,No confident IOGP rule match for 'Hypothermia' in NatureTitle
severe_injury_reports_jboysen,"Infections of the skin and subcutaneous tissue, unspecified",Unmapped,n/a,"No confident IOGP rule match for 'Infections of the skin and subcutaneous tissue, unspecified' in NatureTitle"
severe_injury_reports_jboysen,"Inflammation, swelling-general",Unmapped,n/a,"No confident IOGP rule match for 'Inflammation, swelling-general' in NatureTitle"
severe_injury_reports_jboysen,Influenza-common,Unmapped,n/a,No confident IOGP rule match for 'Influenza-common' in NatureTitle
severe_injury_reports_jboysen,Influenza-novel,Unmapped,n/a,No confident IOGP rule match for 'Influenza-novel' in NatureTitle
severe_injury_reports_jboysen,Internal injuries to organs and blood vessels of the trunk,Unmapped,n/a,No confident IOGP rule match for 'Internal injuries to organs and blood vessels of the trunk' in NatureTitle
severe_injury_reports_jboysen,Intracranial injuries and injuries to internal organs,Unmapped,n/a,No confident IOGP rule match for 'Intracranial injuries and injuries to internal organs' in NatureTitle
severe_injury_reports_jboysen,"Intracranial injuries, n.e.c.",Unmapped,n/a,"No confident IOGP rule match for 'Intracranial injuries, n.e.c.' in NatureTitle"
severe_injury_reports_jboysen,"Intracranial injuries, unspecified",Unmapped,n/a,"No confident IOGP rule match for 'Intracranial injuries, unspecified' in NatureTitle"
severe_injury_reports_jboysen,Irritant dermatitis-acute,Unmapped,n/a,No confident IOGP rule match for 'Irritant dermatitis-acute' in NatureTitle
severe_injury_reports_jboysen,"Ischemic heart disease, unspecified",Unmapped,n/a,"No confident IOGP rule match for 'Ischemic heart disease, unspecified' in NatureTitle"
severe_injury_reports_jboysen,Loss of consciousness-not heat related,Unmapped,n/a,No confident IOGP rule match for 'Loss of consciousness-not heat related' in NatureTitle
severe_injury_reports_jboysen,"Major tears to muscles, tendons, ligaments",Unmapped,n/a,"No confident IOGP rule match for 'Major tears to muscles, tendons, ligaments' in NatureTitle"
severe_injury_reports_jboysen,Methicillin-resistant staphylococcus aureus (MRSA) infection,Unmapped,n/a,No confident IOGP rule match for 'Methicillin-resistant staphylococcus aureus (MRSA) infection' in NatureTitle
severe_injury_reports_jboysen,Multiple effects of heat and light,Unmapped,n/a,No confident IOGP rule match for 'Multiple effects of heat and light' in NatureTitle
severe_injury_reports_jboysen,Multiple general symptoms,Unmapped,n/a,No confident IOGP rule match for 'Multiple general symptoms' in NatureTitle
severe_injury_reports_jboysen,"Multiple intracranial injuries, n.e.c.",Unmapped,n/a,"No confident IOGP rule match for 'Multiple intracranial injuries, n.e.c.' in NatureTitle"
severe_injury_reports_jboysen,"Multiple intracranial injuries, unspecified",Unmapped,n/a,"No confident IOGP rule match for 'Multiple intracranial injuries, unspecified' in NatureTitle"
severe_injury_reports_jboysen,Multiple nonspecified injuries and disorders,Unmapped,n/a,No confident IOGP rule match for 'Multiple nonspecified injuries and disorders' in NatureTitle
severe_injury_reports_jboysen,"Multiple poisoning, toxic, noxious, or allergenic effects",Unmapped,n/a,"No confident IOGP rule match for 'Multiple poisoning, toxic, noxious, or allergenic effects' in NatureTitle"
severe_injury_reports_jboysen,"Multiple sprains, strains, tears",Unmapped,n/a,"No confident IOGP rule match for 'Multiple sprains, strains, tears' in NatureTitle"
severe_injury_reports_jboysen,Multiple surface wounds and bruises,Unmapped,n/a,No confident IOGP rule match for 'Multiple surface wounds and bruises' in NatureTitle
severe_injury_reports_jboysen,Multiple symptoms,Unmapped,n/a,No confident IOGP rule match for 'Multiple symptoms' in NatureTitle
severe_injury_reports_jboysen,"Multiple symptoms, signs, and ill-defined conditions",Unmapped,n/a,"No confident IOGP rule match for 'Multiple symptoms, signs, and ill-defined conditions' in NatureTitle"
severe_injury_reports_jboysen,"Multiple traumatic injuries and disorders, n.e.c.",Unmapped,n/a,"No confident IOGP rule match for 'Multiple traumatic injuries and disorders, n.e.c.' in NatureTitle"
severe_injury_reports_jboysen,"Multiple traumatic injuries and disorders, unspecified",Unmapped,n/a,"No confident IOGP rule match for 'Multiple traumatic injuries and disorders, unspecified' in NatureTitle"
severe_injury_reports_jboysen,"Multiple traumatic injuries to bones, nerves, spinal cord",Unmapped,n/a,"No confident IOGP rule match for 'Multiple traumatic injuries to bones, nerves, spinal cord' in NatureTitle"
severe_injury_reports_jboysen,"Multiple traumatic injuries to muscles, tendons, ligaments, joints, etc.",Unmapped,n/a,"No confident IOGP rule match for 'Multiple traumatic injuries to muscles, tendons, ligaments, joints, etc.' in NatureTitle"
severe_injury_reports_jboysen,Multiple types of open wounds,Unmapped,n/a,No confident IOGP rule match for 'Multiple types of open wounds' in NatureTitle
severe_injury_reports_jboysen,Myocardial infarction (heart attack),Unmapped,n/a,No confident IOGP rule match for 'Myocardial infarction (heart attack)' in NatureTitle
severe_injury_reports_jboysen,"Nausea, vomiting- toxic, noxious, or allergenic effect",Unmapped,n/a,"No confident IOGP rule match for 'Nausea, vomiting- toxic, noxious, or allergenic effect' in NatureTitle"
severe_injury_reports_jboysen,Nonclassifiable,Unmapped,n/a,No confident IOGP rule match for 'Nonclassifiable' in NatureTitle
severe_injury_reports_jboysen,"Nonspecified injuries and disorders, n.e.c.",Unmapped,n/a,"No confident IOGP rule match for 'Nonspecified injuries and disorders, n.e.c.' in NatureTitle"
severe_injury_reports_jboysen,Numbness-nonspecified injury,Unmapped,n/a,No confident IOGP rule match for 'Numbness-nonspecified injury' in NatureTitle
severe_injury_reports_jboysen,"Open wounds, n.e.c.",Unmapped,n/a,"No confident IOGP rule match for 'Open wounds, n.e.c.' in NatureTitle"
severe_injury_reports_jboysen,"Open wounds, unspecified",Unmapped,n/a,"No confident IOGP rule match for 'Open wounds, unspecified' in NatureTitle"
severe_injury_reports_jboysen,"Other burns, second degree",Unmapped,n/a,"No confident IOGP rule match for 'Other burns, second degree' in NatureTitle"
severe_injury_reports_jboysen,"Other burns, unspecified",Unmapped,n/a,"No confident IOGP rule match for 'Other burns, unspecified' in NatureTitle"
severe_injury_reports_jboysen,"Other diseases due to viruses, n.e.c.",Unmapped,n/a,"No confident IOGP rule match for 'Other diseases due to viruses, n.e.c.' in NatureTitle"
severe_injury_reports_jboysen,Other or unspecified allergic reactions,Unmapped,n/a,No confident IOGP rule match for 'Other or unspecified allergic reactions' in NatureTitle
severe_injury_reports_jboysen,"Other poisoning, toxic, noxious, or allergenic effects, n.e.c.",Unmapped,n/a,"No confident IOGP rule match for 'Other poisoning, toxic, noxious, or allergenic effects, n.e.c.' in NatureTitle"
severe_injury_reports_jboysen,"Other respiratory system symptoms-toxic, noxious, or allergenic effect",Unmapped,n/a,"No confident IOGP rule match for 'Other respiratory system symptoms-toxic, noxious, or allergenic effect' in NatureTitle"
severe_injury_reports_jboysen,"Other traumatic injuries and disorders, unspecified",Unmapped,n/a,"No confident IOGP rule match for 'Other traumatic injuries and disorders, unspecified' in NatureTitle"
severe_injury_reports_jboysen,"Paralysis, paraplegia, quadriplegia",Unmapped,n/a,"No confident IOGP rule match for 'Paralysis, paraplegia, quadriplegia' in NatureTitle"
severe_injury_reports_jboysen,Pinched nerve,Unmapped,n/a,No confident IOGP rule match for 'Pinched nerve' in NatureTitle
severe_injury_reports_jboysen,Pneumonia,Unmapped,n/a,No confident IOGP rule match for 'Pneumonia' in NatureTitle
severe_injury_reports_jboysen,"Poisoning, including poisoning-related asphyxia",Unmapped,n/a,"No confident IOGP rule match for 'Poisoning, including poisoning-related asphyxia' in NatureTitle"
severe_injury_reports_jboysen,"Poisoning, toxic, noxious, or allergenic effect, unspecified",Unmapped,n/a,"No confident IOGP rule match for 'Poisoning, toxic, noxious, or allergenic effect, unspecified' in NatureTitle"
severe_injury_reports_jboysen,"Puncture wounds, except gunshot wounds",Unmapped,n/a,"No confident IOGP rule match for 'Puncture wounds, except gunshot wounds' in NatureTitle"
severe_injury_reports_jboysen,Second degree chemical burns and corrosions,Unmapped,n/a,No confident IOGP rule match for 'Second degree chemical burns and corrosions' in NatureTitle
severe_injury_reports_jboysen,Second degree electrical burns,Unmapped,n/a,No confident IOGP rule match for 'Second degree electrical burns' in NatureTitle
severe_injury_reports_jboysen,Second degree heat (thermal) burns,Unmapped,n/a,No confident IOGP rule match for 'Second degree heat (thermal) burns' in NatureTitle
severe_injury_reports_jboysen,Skull fracture and intracranial injury,Unmapped,n/a,No confident IOGP rule match for 'Skull fracture and intracranial injury' in NatureTitle
severe_injury_reports_jboysen,"Soreness, pain, hurt-nonspecified injury",Unmapped,n/a,"No confident IOGP rule match for 'Soreness, pain, hurt-nonspecified injury' in NatureTitle"
severe_injury_reports_jboysen,Sprains,Unmapped,n/a,No confident IOGP rule match for 'Sprains' in NatureTitle
severe_injury_reports_jboysen,Sprains and bruises,Unmapped,n/a,No confident IOGP rule match for 'Sprains and bruises' in NatureTitle
severe_injury_reports_jboysen,Sprains and cuts,Unmapped,n/a,No confident IOGP rule match for 'Sprains and cuts' in NatureTitle
severe_injury_reports_jboysen,"Sprains and other injuries, n.e.c.",Unmapped,n/a,"No confident IOGP rule match for 'Sprains and other injuries, n.e.c.' in NatureTitle"
severe_injury_reports_jboysen,"Sprains and other injuries, unspecified",Unmapped,n/a,"No confident IOGP rule match for 'Sprains and other injuries, unspecified' in NatureTitle"
severe_injury_reports_jboysen,"Sprains, strains, tears, unspecified",Unmapped,n/a,"No confident IOGP rule match for 'Sprains, strains, tears, unspecified' in NatureTitle"
severe_injury_reports_jboysen,Strains,Unmapped,n/a,No confident IOGP rule match for 'Strains' in NatureTitle
severe_injury_reports_jboysen,Stroke,Unmapped,n/a,No confident IOGP rule match for 'Stroke' in NatureTitle
severe_injury_reports_jboysen,"Surface wounds and bruises, unspecified",Unmapped,n/a,"No confident IOGP rule match for 'Surface wounds and bruises, unspecified' in NatureTitle"
severe_injury_reports_jboysen,"Swelling, inflammation, irritation-nonspecified injury",Unmapped,n/a,"No confident IOGP rule match for 'Swelling, inflammation, irritation-nonspecified injury' in NatureTitle"
severe_injury_reports_jboysen,"Symptoms involving cardiovascular system, n.e.c.",Unmapped,n/a,"No confident IOGP rule match for 'Symptoms involving cardiovascular system, n.e.c.' in NatureTitle"
severe_injury_reports_jboysen,"Symptoms involving respiratory system and chest, n.e.c.",Unmapped,n/a,"No confident IOGP rule match for 'Symptoms involving respiratory system and chest, n.e.c.' in NatureTitle"
severe_injury_reports_jboysen,Third or fourth degree chemical burns and corrosions,Unmapped,n/a,No confident IOGP rule match for 'Third or fourth degree chemical burns and corrosions' in NatureTitle
severe_injury_reports_jboysen,Third or fourth degree electrical burns,Unmapped,n/a,No confident IOGP rule match for 'Third or fourth degree electrical burns' in NatureTitle
severe_injury_reports_jboysen,Third or fourth degree heat (thermal) burns,Unmapped,n/a,No confident IOGP rule match for 'Third or fourth degree heat (thermal) burns' in NatureTitle
severe_injury_reports_jboysen,Transient ischemia attacks,Unmapped,n/a,No confident IOGP rule match for 'Transient ischemia attacks' in NatureTitle
severe_injury_reports_jboysen,"Traumatic injuries and disorders, n.e.c.",Unmapped,n/a,"No confident IOGP rule match for 'Traumatic injuries and disorders, n.e.c.' in NatureTitle"
severe_injury_reports_jboysen,"Traumatic injuries and disorders, unspecified",Unmapped,n/a,"No confident IOGP rule match for 'Traumatic injuries and disorders, unspecified' in NatureTitle"
severe_injury_reports_jboysen,"Traumatic injuries to bones, nerves, spinal cord, n.e.c.",Unmapped,n/a,"No confident IOGP rule match for 'Traumatic injuries to bones, nerves, spinal cord, n.e.c.' in NatureTitle"
severe_injury_reports_jboysen,"Traumatic injuries to bones, nerves, spinal cord, unspecified",Unmapped,n/a,"No confident IOGP rule match for 'Traumatic injuries to bones, nerves, spinal cord, unspecified' in NatureTitle"
severe_injury_reports_jboysen,"Traumatic injuries to muscles, tendons, ligaments, joints, etc., n.e.c.",Unmapped,n/a,"No confident IOGP rule match for 'Traumatic injuries to muscles, tendons, ligaments, joints, etc., n.e.c.' in NatureTitle"
severe_injury_reports_jboysen,"Traumatic injuries to muscles, tendons, ligaments, joints, etc., unspecified",Unmapped,n/a,"No confident IOGP rule match for 'Traumatic injuries to muscles, tendons, ligaments, joints, etc., unspecified' in NatureTitle"
severe_injury_reports_jboysen,"Traumatic injuries to nerves, except the spinal cord, n.e.c.",Unmapped,n/a,"No confident IOGP rule match for 'Traumatic injuries to nerves, except the spinal cord, n.e.c.' in NatureTitle"
severe_injury_reports_jboysen,"Traumatic injuries to nerves, except the spinal cord, unspecified",Unmapped,n/a,"No confident IOGP rule match for 'Traumatic injuries to nerves, except the spinal cord, unspecified' in NatureTitle"
severe_injury_reports_jboysen,"Traumatic injuries to spinal cord, unspecified",Unmapped,n/a,"No confident IOGP rule match for 'Traumatic injuries to spinal cord, unspecified' in NatureTitle"
severe_injury_reports_jboysen,"Acetic acid, vinegar",Unmapped,n/a,"No confident IOGP rule match for 'Acetic acid, vinegar' in SourceTitle"
severe_injury_reports_jboysen,Acetone,Unmapped,n/a,No confident IOGP rule match for 'Acetone' in SourceTitle
severe_injury_reports_jboysen,"Acids, n.e.c.",Unmapped,n/a,"No confident IOGP rule match for 'Acids, n.e.c.' in SourceTitle"
severe_injury_reports_jboysen,"Acids, unspecified",Unmapped,n/a,"No confident IOGP rule match for 'Acids, unspecified' in SourceTitle"
severe_injury_reports_jboysen,Acquaintance,Unmapped,n/a,No confident IOGP rule match for 'Acquaintance' in SourceTitle
severe_injury_reports_jboysen,Acrylonitrile,Unmapped,n/a,No confident IOGP rule match for 'Acrylonitrile' in SourceTitle
severe_injury_reports_jboysen,"Adhesives, glues, n.e.c.",Unmapped,n/a,"No confident IOGP rule match for 'Adhesives, glues, n.e.c.' in SourceTitle"
severe_injury_reports_jboysen,"Aerial lifts, scissor lifts-except truck-mounted",Unmapped,n/a,"No confident IOGP rule match for 'Aerial lifts, scissor lifts-except truck-mounted' in SourceTitle"
severe_injury_reports_jboysen,"Agitators, mixers-earth, mineral",Unmapped,n/a,"No confident IOGP rule match for 'Agitators, mixers-earth, mineral' in SourceTitle"
severe_injury_reports_jboysen,"Agricultural and garden machinery, n.e.c.",Unmapped,n/a,"No confident IOGP rule match for 'Agricultural and garden machinery, n.e.c.' in SourceTitle"
severe_injury_reports_jboysen,"Agricultural and garden machinery, unspecified",Unmapped,n/a,"No confident IOGP rule match for 'Agricultural and garden machinery, unspecified' in SourceTitle"
severe_injury_reports_jboysen,"Agricultural building, n.e.c.",Unmapped,n/a,"No confident IOGP rule match for 'Agricultural building, n.e.c.' in SourceTitle"
severe_injury_reports_jboysen,Air compressors,Unmapped,n/a,No confident IOGP rule match for 'Air compressors' in SourceTitle
severe_injury_reports_jboysen,Air conditioning units,Unmapped,n/a,No confident IOGP rule match for 'Air conditioning units' in SourceTitle
severe_injury_reports_jboysen,Aircraft unspecified,Unmapped,n/a,No confident IOGP rule match for 'Aircraft unspecified' in SourceTitle
severe_injury_reports_jboysen,"Aircraft-powered rotary wing, unspecified",Unmapped,n/a,"No confident IOGP rule match for 'Aircraft-powered rotary wing, unspecified' in SourceTitle"
severe_injury_reports_jboysen,Airplane-jet or turbine engine,Unmapped,n/a,No confident IOGP rule match for 'Airplane-jet or turbine engine' in SourceTitle
severe_injury_reports_jboysen,"Airplane-powered fixed wing, n.e.c",Unmapped,n/a,"No confident IOGP rule match for 'Airplane-powered fixed wing, n.e.c' in SourceTitle"
severe_injury_reports_jboysen,"Airplane-powered fixed wing, unspecified",Unmapped,n/a,"No confident IOGP rule match for 'Airplane-powered fixed wing, unspecified' in SourceTitle"
severe_injury_reports_jboysen,Airplane-propeller-driven or piston engine,Unmapped,n/a,No confident IOGP rule match for 'Airplane-propeller-driven or piston engine' in SourceTitle
severe_injury_reports_jboysen,Airport runways,Unmapped,n/a,No confident IOGP rule match for 'Airport runways' in SourceTitle
severe_injury_reports_jboysen,Airport utility vehicle-powered,Unmapped,n/a,No confident IOGP rule match for 'Airport utility vehicle-powered' in SourceTitle
severe_injury_reports_jboysen,"Alcohols, n.e.c.",Unmapped,n/a,"No confident IOGP rule match for 'Alcohols, n.e.c.' in SourceTitle"
severe_injury_reports_jboysen,"Alcohols, unspecified",Unmapped,n/a,"No confident IOGP rule match for 'Alcohols, unspecified' in SourceTitle"
severe_injury_reports_jboysen,"Alkalies, unspecified",Unmapped,n/a,"No confident IOGP rule match for 'Alkalies, unspecified' in SourceTitle"
severe_injury_reports_jboysen,Aluminum and compounds,Unmapped,n/a,No confident IOGP rule match for 'Aluminum and compounds' in SourceTitle
severe_injury_reports_jboysen,"Ambulance, police, and other emergency passenger vehicle",Unmapped,n/a,"No confident IOGP rule match for 'Ambulance, police, and other emergency passenger vehicle' in SourceTitle"
severe_injury_reports_jboysen,"Ammonia and ammonium compounds, n.e.c.",Unmapped,n/a,"No confident IOGP rule match for 'Ammonia and ammonium compounds, n.e.c.' in SourceTitle"
severe_injury_reports_jboysen,"Ammonia and ammonium compounds, unspecified",Unmapped,n/a,"No confident IOGP rule match for 'Ammonia and ammonium compounds, unspecified' in SourceTitle"
severe_injury_reports_jboysen,"Ammonia, anhydrous ammonia",Unmapped,n/a,"No confident IOGP rule match for 'Ammonia, anhydrous ammonia' in SourceTitle"
severe_injury_reports_jboysen,Ammunition,Unmapped,n/a,No confident IOGP rule match for 'Ammunition' in SourceTitle
severe_injury_reports_jboysen,Amusement park rail vehicle,Unmapped,n/a,No confident IOGP rule match for 'Amusement park rail vehicle' in SourceTitle
severe_injury_reports_jboysen,Angle irons,Unmapped,n/a,No confident IOGP rule match for 'Angle irons' in SourceTitle
severe_injury_reports_jboysen,"Animal and plant byproducts, n.e.c.",Unmapped,n/a,"No confident IOGP rule match for 'Animal and plant byproducts, n.e.c.' in SourceTitle"
severe_injury_reports_jboysen,"Animal carcass, roadkill",Unmapped,n/a,"No confident IOGP rule match for 'Animal carcass, roadkill' in SourceTitle"
severe_injury_reports_jboysen,"Animal products-nonfood, n.e.c.",Unmapped,n/a,"No confident IOGP rule match for 'Animal products-nonfood, n.e.c.' in SourceTitle"
severe_injury_reports_jboysen,Antifreeze,Unmapped,n/a,No confident IOGP rule match for 'Antifreeze' in SourceTitle
severe_injury_reports_jboysen,Ants,Unmapped,n/a,No confident IOGP rule match for 'Ants' in SourceTitle
severe_injury_reports_jboysen,"Arm saws, radial arm saws",Unmapped,n/a,"No confident IOGP rule match for 'Arm saws, radial arm saws' in SourceTitle"
severe_injury_reports_jboysen,Armored personnel carrier,Unmapped,n/a,No confident IOGP rule match for 'Armored personnel carrier' in SourceTitle
severe_injury_reports_jboysen,"Aromatics and hydrocarbon derivatives, except halogenated,  unspecified",Unmapped,n/a,"No confident IOGP rule match for 'Aromatics and hydrocarbon derivatives, except halogenated,  unspecified' in SourceTitle"
severe_injury_reports_jboysen,"Aromatics and hydrocarbon derivatives, except halogenated, n.e.c.",Unmapped,n/a,"No confident IOGP rule match for 'Aromatics and hydrocarbon derivatives, except halogenated, n.e.c.' in SourceTitle"
severe_injury_reports_jboysen,"Aromatics, n.e.c.",Unmapped,n/a,"No confident IOGP rule match for 'Aromatics, n.e.c.' in SourceTitle"
severe_injury_reports_jboysen,"Asphalt and concrete paving machines, pavers",Unmapped,n/a,"No confident IOGP rule match for 'Asphalt and concrete paving machines, pavers' in SourceTitle"
severe_injury_reports_jboysen,Asphalt and concrete spreaders,Unmapped,n/a,No confident IOGP rule match for 'Asphalt and concrete spreaders' in SourceTitle
severe_injury_reports_jboysen,"Assailant, suspect, n.e.c.",Unmapped,n/a,"No confident IOGP rule match for 'Assailant, suspect, n.e.c.' in SourceTitle"
severe_injury_reports_jboysen,"Assailant, suspect, unspecified",Unmapped,n/a,"No confident IOGP rule match for 'Assailant, suspect, unspecified' in SourceTitle"
severe_injury_reports_jboysen,Assembly presses,Unmapped,n/a,No confident IOGP rule match for 'Assembly presses' in SourceTitle
severe_injury_reports_jboysen,"ATV, all terrain vehicle",Unmapped,n/a,"No confident IOGP rule match for 'ATV, all terrain vehicle' in SourceTitle"
severe_injury_reports_jboysen,"Audio and video equipment, n.e.c.",Unmapped,n/a,"No confident IOGP rule match for 'Audio and video equipment, n.e.c.' in SourceTitle"
severe_injury_reports_jboysen,"Augers, plumbing snakes-nonpowered",Unmapped,n/a,"No confident IOGP rule match for 'Augers, plumbing snakes-nonpowered' in SourceTitle"
severe_injury_reports_jboysen,"Augers, plumbing snakes-powered",Unmapped,n/a,"No confident IOGP rule match for 'Augers, plumbing snakes-powered' in SourceTitle"
severe_injury_reports_jboysen,Automobile,Unmapped,n/a,No confident IOGP rule match for 'Automobile' in SourceTitle
severe_injury_reports_jboysen,Automobile lifts and hoists,Unmapped,n/a,No confident IOGP rule match for 'Automobile lifts and hoists' in SourceTitle
severe_injury_reports_jboysen,"Axes, hatchets",Unmapped,n/a,"No confident IOGP rule match for 'Axes, hatchets' in SourceTitle"
severe_injury_reports_jboysen,"Backhoes, trackhoes",Unmapped,n/a,"No confident IOGP rule match for 'Backhoes, trackhoes' in SourceTitle"
severe_injury_reports_jboysen,Backpacks,Unmapped,n/a,No confident IOGP rule match for 'Backpacks' in SourceTitle
severe_injury_reports_jboysen,Bacteria,Unmapped,n/a,No confident IOGP rule match for 'Bacteria' in SourceTitle
severe_injury_reports_jboysen,"Bags, sacks",Unmapped,n/a,"No confident IOGP rule match for 'Bags, sacks' in SourceTitle"
severe_injury_reports_jboysen,Balers-agricultural,Unmapped,n/a,No confident IOGP rule match for 'Balers-agricultural' in SourceTitle
severe_injury_reports_jboysen,"Balls, pucks",Unmapped,n/a,"No confident IOGP rule match for 'Balls, pucks' in SourceTitle"
severe_injury_reports_jboysen,Band saws,Unmapped,n/a,No confident IOGP rule match for 'Band saws' in SourceTitle
severe_injury_reports_jboysen,"Banding, baling, strapping machinery",Unmapped,n/a,"No confident IOGP rule match for 'Banding, baling, strapping machinery' in SourceTitle"
severe_injury_reports_jboysen,Bands,Unmapped,n/a,No confident IOGP rule match for 'Bands' in SourceTitle
severe_injury_reports_jboysen,Barbed-wire fences,Unmapped,n/a,No confident IOGP rule match for 'Barbed-wire fences' in SourceTitle
severe_injury_reports_jboysen,Barge,Unmapped,n/a,No confident IOGP rule match for 'Barge' in SourceTitle
severe_injury_reports_jboysen,"Barrels, drums-except pressurized",Unmapped,n/a,"No confident IOGP rule match for 'Barrels, drums-except pressurized' in SourceTitle"
severe_injury_reports_jboysen,"Bars, rods, reinforcing bar (rebar)",Unmapped,n/a,"No confident IOGP rule match for 'Bars, rods, reinforcing bar (rebar)' in SourceTitle"
severe_injury_reports_jboysen,"Bathtubs, hot tubs, showers",Unmapped,n/a,"No confident IOGP rule match for 'Bathtubs, hot tubs, showers' in SourceTitle"
severe_injury_reports_jboysen,Batteries other than automotive,Unmapped,n/a,No confident IOGP rule match for 'Batteries other than automotive' in SourceTitle
severe_injury_reports_jboysen,Battery-vehicle,Unmapped,n/a,No confident IOGP rule match for 'Battery-vehicle' in SourceTitle
severe_injury_reports_jboysen,Beams-unattached metal,Unmapped,n/a,No confident IOGP rule match for 'Beams-unattached metal' in SourceTitle
severe_injury_reports_jboysen,"Beauty preparations, cosmetics",Unmapped,n/a,"No confident IOGP rule match for 'Beauty preparations, cosmetics' in SourceTitle"
severe_injury_reports_jboysen,"Beds, mattresses",Unmapped,n/a,"No confident IOGP rule match for 'Beds, mattresses' in SourceTitle"
severe_injury_reports_jboysen,Beer and soda kegs,Unmapped,n/a,No confident IOGP rule match for 'Beer and soda kegs' in SourceTitle
severe_injury_reports_jboysen,"Bees, hornets, wasps",Unmapped,n/a,"No confident IOGP rule match for 'Bees, hornets, wasps' in SourceTitle"
severe_injury_reports_jboysen,"Benches, workbenches, saw horses",Unmapped,n/a,"No confident IOGP rule match for 'Benches, workbenches, saw horses' in SourceTitle"
severe_injury_reports_jboysen,"Bending, crimping machines",Unmapped,n/a,"No confident IOGP rule match for 'Bending, crimping machines' in SourceTitle"
severe_injury_reports_jboysen,"Bending, rolling, shaping machinery, n.e.c.",Unmapped,n/a,"No confident IOGP rule match for 'Bending, rolling, shaping machinery, n.e.c.' in SourceTitle"
severe_injury_reports_jboysen,"Bending, rolling, shaping machinery, unspecified",Unmapped,n/a,"No confident IOGP rule match for 'Bending, rolling, shaping machinery, unspecified' in SourceTitle"
severe_injury_reports_jboysen,Berms,Unmapped,n/a,No confident IOGP rule match for 'Berms' in SourceTitle
severe_injury_reports_jboysen,"Beverages, n.e.c.",Unmapped,n/a,"No confident IOGP rule match for 'Beverages, n.e.c.' in SourceTitle"
severe_injury_reports_jboysen,"Bicycle, pedal cycle",Unmapped,n/a,"No confident IOGP rule match for 'Bicycle, pedal cycle' in SourceTitle"
severe_injury_reports_jboysen,Bindery machinery,Unmapped,n/a,No confident IOGP rule match for 'Bindery machinery' in SourceTitle
severe_injury_reports_jboysen,"Blackboards, bulletin boards, mirrors, unspecified",Unmapped,n/a,"No confident IOGP rule match for 'Blackboards, bulletin boards, mirrors, unspecified' in SourceTitle"
severe_injury_reports_jboysen,"Blackboards, bulletin boards, mirrors-wall-mounted",Unmapped,n/a,"No confident IOGP rule match for 'Blackboards, bulletin boards, mirrors-wall-mounted' in SourceTitle"
severe_injury_reports_jboysen,"Blouses, shirts, dresses, trousers, skirts",Unmapped,n/a,"No confident IOGP rule match for 'Blouses, shirts, dresses, trousers, skirts' in SourceTitle"
severe_injury_reports_jboysen,"Bodily conditions of injured, ill worker",Unmapped,n/a,"No confident IOGP rule match for 'Bodily conditions of injured, ill worker' in SourceTitle"
severe_injury_reports_jboysen,"Bodily motion or position of injured, ill worker",Unmapped,n/a,"No confident IOGP rule match for 'Bodily motion or position of injured, ill worker' in SourceTitle"
severe_injury_reports_jboysen,Boilers,Unmapped,n/a,No confident IOGP rule match for 'Boilers' in SourceTitle
severe_injury_reports_jboysen,"Boom truck, bucket or basket hoist truck",Unmapped,n/a,"No confident IOGP rule match for 'Boom truck, bucket or basket hoist truck' in SourceTitle"
severe_injury_reports_jboysen,"Boring, drilling, planing, milling machinery, n.e.c.",Unmapped,n/a,"No confident IOGP rule match for 'Boring, drilling, planing, milling machinery, n.e.c.' in SourceTitle"
severe_injury_reports_jboysen,"Boring, drilling, planing, milling machinery, unspecified",Unmapped,n/a,"No confident IOGP rule match for 'Boring, drilling, planing, milling machinery, unspecified' in SourceTitle"
severe_injury_reports_jboysen,"Boring, routing, notching machines",Unmapped,n/a,"No confident IOGP rule match for 'Boring, routing, notching machines' in SourceTitle"
severe_injury_reports_jboysen,"Bottles, jugs, flasks",Unmapped,n/a,"No confident IOGP rule match for 'Bottles, jugs, flasks' in SourceTitle"
severe_injury_reports_jboysen,"Bottling, canning, filling machinery",Unmapped,n/a,"No confident IOGP rule match for 'Bottling, canning, filling machinery' in SourceTitle"
severe_injury_reports_jboysen,Boulders,Unmapped,n/a,No confident IOGP rule match for 'Boulders' in SourceTitle
severe_injury_reports_jboysen,Box cutters and razor knives,Unmapped,n/a,No confident IOGP rule match for 'Box cutters and razor knives' in SourceTitle
severe_injury_reports_jboysen,"Boxes, crates, cartons",Unmapped,n/a,"No confident IOGP rule match for 'Boxes, crates, cartons' in SourceTitle"
severe_injury_reports_jboysen,Braces-power not determined,Unmapped,n/a,No confident IOGP rule match for 'Braces-power not determined' in SourceTitle
severe_injury_reports_jboysen,Brake presses,Unmapped,n/a,No confident IOGP rule match for 'Brake presses' in SourceTitle
severe_injury_reports_jboysen,Bricks and pavers,Unmapped,n/a,No confident IOGP rule match for 'Bricks and pavers' in SourceTitle
severe_injury_reports_jboysen,"Bricks, blocks, structural stone, n.e.c.",Unmapped,n/a,"No confident IOGP rule match for 'Bricks, blocks, structural stone, n.e.c.' in SourceTitle"
severe_injury_reports_jboysen,"Bricks, blocks, structural stone, unspecified",Unmapped,n/a,"No confident IOGP rule match for 'Bricks, blocks, structural stone, unspecified' in SourceTitle"
severe_injury_reports_jboysen,"Bridges, dams, locks",Unmapped,n/a,"No confident IOGP rule match for 'Bridges, dams, locks' in SourceTitle"
severe_injury_reports_jboysen,Broiling and frying equipment and appliances,Unmapped,n/a,No confident IOGP rule match for 'Broiling and frying equipment and appliances' in SourceTitle
severe_injury_reports_jboysen,"Broken glass, glass chips, or fibers",Unmapped,n/a,"No confident IOGP rule match for 'Broken glass, glass chips, or fibers' in SourceTitle"
severe_injury_reports_jboysen,"Brooms, mops, and other cleaning tools",Unmapped,n/a,"No confident IOGP rule match for 'Brooms, mops, and other cleaning tools' in SourceTitle"
severe_injury_reports_jboysen,Brush hogs-tractor,Unmapped,n/a,No confident IOGP rule match for 'Brush hogs-tractor' in SourceTitle
severe_injury_reports_jboysen,"Bucket, front-end, end, and pay loaders",Unmapped,n/a,"No confident IOGP rule match for 'Bucket, front-end, end, and pay loaders' in SourceTitle"
severe_injury_reports_jboysen,"Buckets, baskets, pails",Unmapped,n/a,"No confident IOGP rule match for 'Buckets, baskets, pails' in SourceTitle"
severe_injury_reports_jboysen,"Buffers, polishers, waxers-powered",Unmapped,n/a,"No confident IOGP rule match for 'Buffers, polishers, waxers-powered' in SourceTitle"
severe_injury_reports_jboysen,"Building materials, unspecified",Unmapped,n/a,"No confident IOGP rule match for 'Building materials, unspecified' in SourceTitle"
severe_injury_reports_jboysen,"Building materials-solid elements, n.e.c.",Unmapped,n/a,"No confident IOGP rule match for 'Building materials-solid elements, n.e.c.' in SourceTitle"
severe_injury_reports_jboysen,"Building, n.e.c.",Unmapped,n/a,"No confident IOGP rule match for 'Building, n.e.c.' in SourceTitle"
severe_injury_reports_jboysen,"Building, unspecified",Unmapped,n/a,"No confident IOGP rule match for 'Building, unspecified' in SourceTitle"
severe_injury_reports_jboysen,Bulldozers,Unmapped,n/a,No confident IOGP rule match for 'Bulldozers' in SourceTitle
severe_injury_reports_jboysen,"Bundles, bales",Unmapped,n/a,"No confident IOGP rule match for 'Bundles, bales' in SourceTitle"
severe_injury_reports_jboysen,Bungee cords,Unmapped,n/a,No confident IOGP rule match for 'Bungee cords' in SourceTitle
severe_injury_reports_jboysen,Bus,Unmapped,n/a,No confident IOGP rule match for 'Bus' in SourceTitle
severe_injury_reports_jboysen,Butchering machinery,Unmapped,n/a,No confident IOGP rule match for 'Butchering machinery' in SourceTitle
severe_injury_reports_jboysen,"Cabinets, cases-display, storage",Unmapped,n/a,"No confident IOGP rule match for 'Cabinets, cases-display, storage' in SourceTitle"
severe_injury_reports_jboysen,"Cages, cage racks",Unmapped,n/a,"No confident IOGP rule match for 'Cages, cage racks' in SourceTitle"
severe_injury_reports_jboysen,"Calenders, supercalenders-paper production",Unmapped,n/a,"No confident IOGP rule match for 'Calenders, supercalenders-paper production' in SourceTitle"
severe_injury_reports_jboysen,Cans,Unmapped,n/a,No confident IOGP rule match for 'Cans' in SourceTitle
severe_injury_reports_jboysen,"Caps, lids, covers, n.e.c.",Unmapped,n/a,"No confident IOGP rule match for 'Caps, lids, covers, n.e.c.' in SourceTitle"
severe_injury_reports_jboysen,"Caps, lids, covers, unspecified",Unmapped,n/a,"No confident IOGP rule match for 'Caps, lids, covers, unspecified' in SourceTitle"
severe_injury_reports_jboysen,Car or vehicle washing machinery,Unmapped,n/a,No confident IOGP rule match for 'Car or vehicle washing machinery' in SourceTitle
severe_injury_reports_jboysen,Carbon monoxide,Unmapped,n/a,No confident IOGP rule match for 'Carbon monoxide' in SourceTitle
severe_injury_reports_jboysen,"Cargo ship, freighter, passenger liner, ship, excluding sail-powered",Unmapped,n/a,"No confident IOGP rule match for 'Cargo ship, freighter, passenger liner, ship, excluding sail-powered' in SourceTitle"
severe_injury_reports_jboysen,"Cart, dolly, hand truck-nonpowered",Unmapped,n/a,"No confident IOGP rule match for 'Cart, dolly, hand truck-nonpowered' in SourceTitle"
severe_injury_reports_jboysen,"Cases, cabinets, racks, shelves, n.e.c.",Unmapped,n/a,"No confident IOGP rule match for 'Cases, cabinets, racks, shelves, n.e.c.' in SourceTitle"
severe_injury_reports_jboysen,Casting machinery,Unmapped,n/a,No confident IOGP rule match for 'Casting machinery' in SourceTitle
severe_injury_reports_jboysen,"Cats, felines-domestic",Unmapped,n/a,"No confident IOGP rule match for 'Cats, felines-domestic' in SourceTitle"
severe_injury_reports_jboysen,Cattle and other bovines,Unmapped,n/a,No confident IOGP rule match for 'Cattle and other bovines' in SourceTitle
severe_injury_reports_jboysen,Catwalks,Unmapped,n/a,No confident IOGP rule match for 'Catwalks' in SourceTitle
severe_injury_reports_jboysen,Ceiling tiles,Unmapped,n/a,No confident IOGP rule match for 'Ceiling tiles' in SourceTitle
severe_injury_reports_jboysen,Ceilings,Unmapped,n/a,No confident IOGP rule match for 'Ceilings' in SourceTitle
severe_injury_reports_jboysen,"Ceilings, walls, n.e.c.",Unmapped,n/a,"No confident IOGP rule match for 'Ceilings, walls, n.e.c.' in SourceTitle"
severe_injury_reports_jboysen,"Cement truck, concrete mixer truck",Unmapped,n/a,"No confident IOGP rule match for 'Cement truck, concrete mixer truck' in SourceTitle"
severe_injury_reports_jboysen,"Cement, mortar mix-dry",Unmapped,n/a,"No confident IOGP rule match for 'Cement, mortar mix-dry' in SourceTitle"
severe_injury_reports_jboysen,"Cement, mortar mix-wet",Unmapped,n/a,"No confident IOGP rule match for 'Cement, mortar mix-wet' in SourceTitle"
severe_injury_reports_jboysen,Centrifuges,Unmapped,n/a,No confident IOGP rule match for 'Centrifuges' in SourceTitle
severe_injury_reports_jboysen,"Ceramic or stone tiles-drain, roof, multipurpose",Unmapped,n/a,"No confident IOGP rule match for 'Ceramic or stone tiles-drain, roof, multipurpose' in SourceTitle"
severe_injury_reports_jboysen,"Chain-link fences, panels",Unmapped,n/a,"No confident IOGP rule match for 'Chain-link fences, panels' in SourceTitle"
severe_injury_reports_jboysen,"Chains, n.e.c.",Unmapped,n/a,"No confident IOGP rule match for 'Chains, n.e.c.' in SourceTitle"
severe_injury_reports_jboysen,Chainsaws-powered,Unmapped,n/a,No confident IOGP rule match for 'Chainsaws-powered' in SourceTitle
severe_injury_reports_jboysen,Chairs,Unmapped,n/a,No confident IOGP rule match for 'Chairs' in SourceTitle
severe_injury_reports_jboysen,"Chemical products, n.e.c.",Unmapped,n/a,"No confident IOGP rule match for 'Chemical products, n.e.c.' in SourceTitle"
severe_injury_reports_jboysen,"Chemical products, unspecified",Unmapped,n/a,"No confident IOGP rule match for 'Chemical products, unspecified' in SourceTitle"
severe_injury_reports_jboysen,"Chemicals and chemical products, n.e.c.",Unmapped,n/a,"No confident IOGP rule match for 'Chemicals and chemical products, n.e.c.' in SourceTitle"
severe_injury_reports_jboysen,"Chemicals and chemical products, unspecified",Unmapped,n/a,"No confident IOGP rule match for 'Chemicals and chemical products, unspecified' in SourceTitle"
severe_injury_reports_jboysen,"Chemicals, n.e.c.",Unmapped,n/a,"No confident IOGP rule match for 'Chemicals, n.e.c.' in SourceTitle"
severe_injury_reports_jboysen,Chippers,Unmapped,n/a,No confident IOGP rule match for 'Chippers' in SourceTitle
severe_injury_reports_jboysen,"Chips, particles, splinters, n.e.c.",Unmapped,n/a,"No confident IOGP rule match for 'Chips, particles, splinters, n.e.c.' in SourceTitle"
severe_injury_reports_jboysen,"Chips, particles, splinters, unspecified",Unmapped,n/a,"No confident IOGP rule match for 'Chips, particles, splinters, unspecified' in SourceTitle"
severe_injury_reports_jboysen,Chisels-nonpowered,Unmapped,n/a,No confident IOGP rule match for 'Chisels-nonpowered' in SourceTitle
severe_injury_reports_jboysen,Chisels-power not determined,Unmapped,n/a,No confident IOGP rule match for 'Chisels-power not determined' in SourceTitle
severe_injury_reports_jboysen,Chisels-powered,Unmapped,n/a,No confident IOGP rule match for 'Chisels-powered' in SourceTitle
severe_injury_reports_jboysen,"Chlorine compounds, n.e.c.",Unmapped,n/a,"No confident IOGP rule match for 'Chlorine compounds, n.e.c.' in SourceTitle"
severe_injury_reports_jboysen,"Chlorine compounds, unspecified",Unmapped,n/a,"No confident IOGP rule match for 'Chlorine compounds, unspecified' in SourceTitle"
severe_injury_reports_jboysen,"Chlorine, chlorine bleach",Unmapped,n/a,"No confident IOGP rule match for 'Chlorine, chlorine bleach' in SourceTitle"
severe_injury_reports_jboysen,Chromium and compounds,Unmapped,n/a,No confident IOGP rule match for 'Chromium and compounds' in SourceTitle
severe_injury_reports_jboysen,Chutes,Unmapped,n/a,No confident IOGP rule match for 'Chutes' in SourceTitle
severe_injury_reports_jboysen,"Clamps, couplings",Unmapped,n/a,"No confident IOGP rule match for 'Clamps, couplings' in SourceTitle"
severe_injury_reports_jboysen,Clay-natural and processed,Unmapped,n/a,No confident IOGP rule match for 'Clay-natural and processed' in SourceTitle
severe_injury_reports_jboysen,"Cleaning and polishing agents, n.e.c.",Unmapped,n/a,"No confident IOGP rule match for 'Cleaning and polishing agents, n.e.c.' in SourceTitle"
severe_injury_reports_jboysen,"Cleaning and polishing agents, unspecified",Unmapped,n/a,"No confident IOGP rule match for 'Cleaning and polishing agents, unspecified' in SourceTitle"
severe_injury_reports_jboysen,Climate control systems,Unmapped,n/a,No confident IOGP rule match for 'Climate control systems' in SourceTitle
severe_injury_reports_jboysen,Clothes dryers,Unmapped,n/a,No confident IOGP rule match for 'Clothes dryers' in SourceTitle
severe_injury_reports_jboysen,Clothes washers,Unmapped,n/a,No confident IOGP rule match for 'Clothes washers' in SourceTitle
severe_injury_reports_jboysen,"Clothing, n.e.c.",Unmapped,n/a,"No confident IOGP rule match for 'Clothing, n.e.c.' in SourceTitle"
severe_injury_reports_jboysen,"Clothing, unspecified",Unmapped,n/a,"No confident IOGP rule match for 'Clothing, unspecified' in SourceTitle"
severe_injury_reports_jboysen,Co-worker,Unmapped,n/a,No confident IOGP rule match for 'Co-worker' in SourceTitle
severe_injury_reports_jboysen,"Co-worker or work associate of injured or ill worker, unspecified",Unmapped,n/a,"No confident IOGP rule match for 'Co-worker or work associate of injured or ill worker, unspecified' in SourceTitle"
severe_injury_reports_jboysen,"Co-worker or work associate, n.e.c.",Unmapped,n/a,"No confident IOGP rule match for 'Co-worker or work associate, n.e.c.' in SourceTitle"
severe_injury_reports_jboysen,"Coal, coal dust",Unmapped,n/a,"No confident IOGP rule match for 'Coal, coal dust' in SourceTitle"
severe_injury_reports_jboysen,"Coal, natural gas, petroleum fuels and products, n.e.c.",Unmapped,n/a,"No confident IOGP rule match for 'Coal, natural gas, petroleum fuels and products, n.e.c.' in SourceTitle"
severe_injury_reports_jboysen,"Coal, natural gas, petroleum fuels and products, unspecified",Unmapped,n/a,"No confident IOGP rule match for 'Coal, natural gas, petroleum fuels and products, unspecified' in SourceTitle"
severe_injury_reports_jboysen,Coaters-paper production,Unmapped,n/a,No confident IOGP rule match for 'Coaters-paper production' in SourceTitle
severe_injury_reports_jboysen,Cold-environmental,Unmapped,n/a,No confident IOGP rule match for 'Cold-environmental' in SourceTitle
severe_injury_reports_jboysen,Combines,Unmapped,n/a,No confident IOGP rule match for 'Combines' in SourceTitle
severe_injury_reports_jboysen,Commercial fishing vessel,Unmapped,n/a,No confident IOGP rule match for 'Commercial fishing vessel' in SourceTitle
severe_injury_reports_jboysen,"Compactors, crushers, pulverizers-earth, mineral",Unmapped,n/a,"No confident IOGP rule match for 'Compactors, crushers, pulverizers-earth, mineral' in SourceTitle"
severe_injury_reports_jboysen,"Concrete blocks, cinder blocks",Unmapped,n/a,"No confident IOGP rule match for 'Concrete blocks, cinder blocks' in SourceTitle"
severe_injury_reports_jboysen,Concrete or clay pipes and conduits,Unmapped,n/a,No confident IOGP rule match for 'Concrete or clay pipes and conduits' in SourceTitle
severe_injury_reports_jboysen,Concrete parking blocks and barriers,Unmapped,n/a,No confident IOGP rule match for 'Concrete parking blocks and barriers' in SourceTitle
severe_injury_reports_jboysen,"Confined spaces on ships, water vessels",Unmapped,n/a,"No confident IOGP rule match for 'Confined spaces on ships, water vessels' in SourceTitle"
severe_injury_reports_jboysen,"Confined spaces, n.e.c.",Unmapped,n/a,"No confident IOGP rule match for 'Confined spaces, n.e.c.' in SourceTitle"
severe_injury_reports_jboysen,Construction debris,Unmapped,n/a,No confident IOGP rule match for 'Construction debris' in SourceTitle
severe_injury_reports_jboysen,"Construction, logging, and mining machinery, n.e.c.",Unmapped,n/a,"No confident IOGP rule match for 'Construction, logging, and mining machinery, n.e.c.' in SourceTitle"
severe_injury_reports_jboysen,"Construction, logging, and mining machinery, unspecified",Unmapped,n/a,"No confident IOGP rule match for 'Construction, logging, and mining machinery, unspecified' in SourceTitle"
severe_injury_reports_jboysen,"Container caps, lids, covers",Unmapped,n/a,"No confident IOGP rule match for 'Container caps, lids, covers' in SourceTitle"
severe_injury_reports_jboysen,"Containers, n.e.c.",Unmapped,n/a,"No confident IOGP rule match for 'Containers, n.e.c.' in SourceTitle"
severe_injury_reports_jboysen,"Containers, unspecified",Unmapped,n/a,"No confident IOGP rule match for 'Containers, unspecified' in SourceTitle"
severe_injury_reports_jboysen,"Containers-nonpressurized, n.e.c.",Unmapped,n/a,"No confident IOGP rule match for 'Containers-nonpressurized, n.e.c.' in SourceTitle"
severe_injury_reports_jboysen,"Containers-nonpressurized, unspecified",Unmapped,n/a,"No confident IOGP rule match for 'Containers-nonpressurized, unspecified' in SourceTitle"
severe_injury_reports_jboysen,"Containers-pressurized, n.e.c.",Unmapped,n/a,"No confident IOGP rule match for 'Containers-pressurized, n.e.c.' in SourceTitle"
severe_injury_reports_jboysen,"Containers-pressurized, unspecified",Unmapped,n/a,"No confident IOGP rule match for 'Containers-pressurized, unspecified' in SourceTitle"
severe_injury_reports_jboysen,"Containers-variable restraint, n.e.c.",Unmapped,n/a,"No confident IOGP rule match for 'Containers-variable restraint, n.e.c.' in SourceTitle"
severe_injury_reports_jboysen,Conveyors-belt,Unmapped,n/a,No confident IOGP rule match for 'Conveyors-belt' in SourceTitle
severe_injury_reports_jboysen,"Conveyors-bucket, cup",Unmapped,n/a,"No confident IOGP rule match for 'Conveyors-bucket, cup' in SourceTitle"
severe_injury_reports_jboysen,Conveyors-chain,Unmapped,n/a,No confident IOGP rule match for 'Conveyors-chain' in SourceTitle
severe_injury_reports_jboysen,"Conveyors-gravity and nonpowered, n.e.c.",Unmapped,n/a,"No confident IOGP rule match for 'Conveyors-gravity and nonpowered, n.e.c.' in SourceTitle"
severe_injury_reports_jboysen,"Conveyors-gravity and nonpowered, unspecified",Unmapped,n/a,"No confident IOGP rule match for 'Conveyors-gravity and nonpowered, unspecified' in SourceTitle"
severe_injury_reports_jboysen,Conveyors-live roller,Unmapped,n/a,No confident IOGP rule match for 'Conveyors-live roller' in SourceTitle
severe_injury_reports_jboysen,Conveyors-pneumatic,Unmapped,n/a,No confident IOGP rule match for 'Conveyors-pneumatic' in SourceTitle
severe_injury_reports_jboysen,"Conveyors-powered, n.e.c.",Unmapped,n/a,"No confident IOGP rule match for 'Conveyors-powered, n.e.c.' in SourceTitle"
severe_injury_reports_jboysen,"Conveyors-powered, unspecified",Unmapped,n/a,"No confident IOGP rule match for 'Conveyors-powered, unspecified' in SourceTitle"
severe_injury_reports_jboysen,Conveyors-roller,Unmapped,n/a,No confident IOGP rule match for 'Conveyors-roller' in SourceTitle
severe_injury_reports_jboysen,"Conveyors-screw, auger",Unmapped,n/a,"No confident IOGP rule match for 'Conveyors-screw, auger' in SourceTitle"
severe_injury_reports_jboysen,Conveyors-slot,Unmapped,n/a,No confident IOGP rule match for 'Conveyors-slot' in SourceTitle
severe_injury_reports_jboysen,"Cooling and humidifying machinery and appliances, n.e.c.",Unmapped,n/a,"No confident IOGP rule match for 'Cooling and humidifying machinery and appliances, n.e.c.' in SourceTitle"
severe_injury_reports_jboysen,"Cooling and humidifying machinery and appliances, unspecified",Unmapped,n/a,"No confident IOGP rule match for 'Cooling and humidifying machinery and appliances, unspecified' in SourceTitle"
severe_injury_reports_jboysen,"Counters, counter tops",Unmapped,n/a,"No confident IOGP rule match for 'Counters, counter tops' in SourceTitle"
severe_injury_reports_jboysen,"Cranes, n.e.c.",Unmapped,n/a,"No confident IOGP rule match for 'Cranes, n.e.c.' in SourceTitle"
severe_injury_reports_jboysen,"Cranes, unspecified",Unmapped,n/a,"No confident IOGP rule match for 'Cranes, unspecified' in SourceTitle"
severe_injury_reports_jboysen,"Cranes-floating, barge mounted",Unmapped,n/a,"No confident IOGP rule match for 'Cranes-floating, barge mounted' in SourceTitle"
severe_injury_reports_jboysen,"Cranes-gantry, overhead, monorail, container",Unmapped,n/a,"No confident IOGP rule match for 'Cranes-gantry, overhead, monorail, container' in SourceTitle"
severe_injury_reports_jboysen,Cranes-other fixed or stationary cranes,Unmapped,n/a,No confident IOGP rule match for 'Cranes-other fixed or stationary cranes' in SourceTitle
severe_injury_reports_jboysen,Cranes-other mobile cranes,Unmapped,n/a,No confident IOGP rule match for 'Cranes-other mobile cranes' in SourceTitle
severe_injury_reports_jboysen,Cranes-rail-mounted,Unmapped,n/a,No confident IOGP rule match for 'Cranes-rail-mounted' in SourceTitle
severe_injury_reports_jboysen,"Cranes-tower, self-erecting, portal, pillar, hammerhead",Unmapped,n/a,"No confident IOGP rule match for 'Cranes-tower, self-erecting, portal, pillar, hammerhead' in SourceTitle"
severe_injury_reports_jboysen,Cranes-truck-mounted,Unmapped,n/a,No confident IOGP rule match for 'Cranes-truck-mounted' in SourceTitle
severe_injury_reports_jboysen,Crowbars,Unmapped,n/a,No confident IOGP rule match for 'Crowbars' in SourceTitle
severe_injury_reports_jboysen,Cryogenic gases,Unmapped,n/a,No confident IOGP rule match for 'Cryogenic gases' in SourceTitle
severe_injury_reports_jboysen,"Culverts, nonconfined ditches",Unmapped,n/a,"No confident IOGP rule match for 'Culverts, nonconfined ditches' in SourceTitle"
severe_injury_reports_jboysen,Curbs,Unmapped,n/a,No confident IOGP rule match for 'Curbs' in SourceTitle
severe_injury_reports_jboysen,"Cutting handtools-nonpowered, n.e.c.",Unmapped,n/a,"No confident IOGP rule match for 'Cutting handtools-nonpowered, n.e.c.' in SourceTitle"
severe_injury_reports_jboysen,"Cutting handtools-nonpowered, unspecified",Unmapped,n/a,"No confident IOGP rule match for 'Cutting handtools-nonpowered, unspecified' in SourceTitle"
severe_injury_reports_jboysen,"Cutting handtools-power not determined, n.e.c.",Unmapped,n/a,"No confident IOGP rule match for 'Cutting handtools-power not determined, n.e.c.' in SourceTitle"
severe_injury_reports_jboysen,"Cutting handtools-power not determined, unspecified",Unmapped,n/a,"No confident IOGP rule match for 'Cutting handtools-power not determined, unspecified' in SourceTitle"
severe_injury_reports_jboysen,"Cutting handtools-powered, n.e.c.",Unmapped,n/a,"No confident IOGP rule match for 'Cutting handtools-powered, n.e.c.' in SourceTitle"
severe_injury_reports_jboysen,"Cutting handtools-powered, unspecified",Unmapped,n/a,"No confident IOGP rule match for 'Cutting handtools-powered, unspecified' in SourceTitle"
severe_injury_reports_jboysen,"Cyanates, urethanes",Unmapped,n/a,"No confident IOGP rule match for 'Cyanates, urethanes' in SourceTitle"
severe_injury_reports_jboysen,"Cyanide and cyanide compounds, n.e.c.",Unmapped,n/a,"No confident IOGP rule match for 'Cyanide and cyanide compounds, n.e.c.' in SourceTitle"
severe_injury_reports_jboysen,Dairy and milk processing machinery-specialized,Unmapped,n/a,No confident IOGP rule match for 'Dairy and milk processing machinery-specialized' in SourceTitle
severe_injury_reports_jboysen,Dairy products,Unmapped,n/a,No confident IOGP rule match for 'Dairy products' in SourceTitle
severe_injury_reports_jboysen,Deer and other cervids,Unmapped,n/a,No confident IOGP rule match for 'Deer and other cervids' in SourceTitle
severe_injury_reports_jboysen,Delivery truck or van,Unmapped,n/a,No confident IOGP rule match for 'Delivery truck or van' in SourceTitle
severe_injury_reports_jboysen,Derricks and related equipment,Unmapped,n/a,No confident IOGP rule match for 'Derricks and related equipment' in SourceTitle
severe_injury_reports_jboysen,Desks,Unmapped,n/a,No confident IOGP rule match for 'Desks' in SourceTitle
severe_injury_reports_jboysen,"Dies, molds, patterns",Unmapped,n/a,"No confident IOGP rule match for 'Dies, molds, patterns' in SourceTitle"
severe_injury_reports_jboysen,"Digging handtools-nonpowered, n.e.c.",Unmapped,n/a,"No confident IOGP rule match for 'Digging handtools-nonpowered, n.e.c.' in SourceTitle"
severe_injury_reports_jboysen,"Dimensional lumber: 2x4, 2x3, etc.",Unmapped,n/a,"No confident IOGP rule match for 'Dimensional lumber: 2x4, 2x3, etc.' in SourceTitle"
severe_injury_reports_jboysen,"Dirt particles and dust from dirt, debris",Unmapped,n/a,"No confident IOGP rule match for 'Dirt particles and dust from dirt, debris' in SourceTitle"
severe_injury_reports_jboysen,"Dirt, earth",Unmapped,n/a,"No confident IOGP rule match for 'Dirt, earth' in SourceTitle"
severe_injury_reports_jboysen,Dishwashers,Unmapped,n/a,No confident IOGP rule match for 'Dishwashers' in SourceTitle
severe_injury_reports_jboysen,Disinfectants,Unmapped,n/a,No confident IOGP rule match for 'Disinfectants' in SourceTitle
severe_injury_reports_jboysen,"Ditches, channels, trenches, excavations",Unmapped,n/a,"No confident IOGP rule match for 'Ditches, channels, trenches, excavations' in SourceTitle"
severe_injury_reports_jboysen,"Dogs, canines-domestic",Unmapped,n/a,"No confident IOGP rule match for 'Dogs, canines-domestic' in SourceTitle"
severe_injury_reports_jboysen,"Doors, except garage and vehicle",Unmapped,n/a,"No confident IOGP rule match for 'Doors, except garage and vehicle' in SourceTitle"
severe_injury_reports_jboysen,Drain and oven cleaners,Unmapped,n/a,No confident IOGP rule match for 'Drain and oven cleaners' in SourceTitle
severe_injury_reports_jboysen,"Dressers, armoires",Unmapped,n/a,"No confident IOGP rule match for 'Dressers, armoires' in SourceTitle"
severe_injury_reports_jboysen,Drill bits-unattached,Unmapped,n/a,No confident IOGP rule match for 'Drill bits-unattached' in SourceTitle
severe_injury_reports_jboysen,"Drilling machines, drilling augers",Unmapped,n/a,"No confident IOGP rule match for 'Drilling machines, drilling augers' in SourceTitle"
severe_injury_reports_jboysen,Drills-powered,Unmapped,n/a,No confident IOGP rule match for 'Drills-powered' in SourceTitle
severe_injury_reports_jboysen,Drills-stationary,Unmapped,n/a,No confident IOGP rule match for 'Drills-stationary' in SourceTitle
severe_injury_reports_jboysen,"Drives-chain, leather, fabric, vee belt",Unmapped,n/a,"No confident IOGP rule match for 'Drives-chain, leather, fabric, vee belt' in SourceTitle"
severe_injury_reports_jboysen,"Drugs, alcohol, and medicines, n.e.c.",Unmapped,n/a,"No confident IOGP rule match for 'Drugs, alcohol, and medicines, n.e.c.' in SourceTitle"
severe_injury_reports_jboysen,"Drums, pulleys, sheaves",Unmapped,n/a,"No confident IOGP rule match for 'Drums, pulleys, sheaves' in SourceTitle"
severe_injury_reports_jboysen,Dryers-paper production,Unmapped,n/a,No confident IOGP rule match for 'Dryers-paper production' in SourceTitle
severe_injury_reports_jboysen,Ducts,Unmapped,n/a,No confident IOGP rule match for 'Ducts' in SourceTitle
severe_injury_reports_jboysen,Dump truck,Unmapped,n/a,No confident IOGP rule match for 'Dump truck' in SourceTitle
severe_injury_reports_jboysen,"Electric parts, n.e.c.",Unmapped,n/a,"No confident IOGP rule match for 'Electric parts, n.e.c.' in SourceTitle"
severe_injury_reports_jboysen,"Electric parts, unspecified",Unmapped,n/a,"No confident IOGP rule match for 'Electric parts, unspecified' in SourceTitle"
severe_injury_reports_jboysen,Electrical wiring-building,Unmapped,n/a,No confident IOGP rule match for 'Electrical wiring-building' in SourceTitle
severe_injury_reports_jboysen,Elevator shafts,Unmapped,n/a,No confident IOGP rule match for 'Elevator shafts' in SourceTitle
severe_injury_reports_jboysen,Elevators,Unmapped,n/a,No confident IOGP rule match for 'Elevators' in SourceTitle
severe_injury_reports_jboysen,"Elevators, hoists, aerial lifts, personnel platforms-except truck-mounted, n.e.c.",Unmapped,n/a,"No confident IOGP rule match for 'Elevators, hoists, aerial lifts, personnel platforms-except truck-mounted, n.e.c.' in SourceTitle"
severe_injury_reports_jboysen,"Elevators, hoists, aerial lifts, personnel platforms-except truck-mounted, unspecified",Unmapped,n/a,"No confident IOGP rule match for 'Elevators, hoists, aerial lifts, personnel platforms-except truck-mounted, unspecified' in SourceTitle"
severe_injury_reports_jboysen,Embankments,Unmapped,n/a,No confident IOGP rule match for 'Embankments' in SourceTitle
severe_injury_reports_jboysen,"Engine parts and accessories, n.e.c.",Unmapped,n/a,"No confident IOGP rule match for 'Engine parts and accessories, n.e.c.' in SourceTitle"
severe_injury_reports_jboysen,"Engine, engine block, motor-vehicle",Unmapped,n/a,"No confident IOGP rule match for 'Engine, engine block, motor-vehicle' in SourceTitle"
severe_injury_reports_jboysen,"Engines, turbines, except vehicle",Unmapped,n/a,"No confident IOGP rule match for 'Engines, turbines, except vehicle' in SourceTitle"
severe_injury_reports_jboysen,"Entrances and exits, n.e.c.",Unmapped,n/a,"No confident IOGP rule match for 'Entrances and exits, n.e.c.' in SourceTitle"
severe_injury_reports_jboysen,"Entrances and exits, unspecified",Unmapped,n/a,"No confident IOGP rule match for 'Entrances and exits, unspecified' in SourceTitle"
severe_injury_reports_jboysen,"Environmental and elemental conditions, n.e.c.",Unmapped,n/a,"No confident IOGP rule match for 'Environmental and elemental conditions, n.e.c.' in SourceTitle"
severe_injury_reports_jboysen,"Environmental and elemental conditions, unspecified",Unmapped,n/a,"No confident IOGP rule match for 'Environmental and elemental conditions, unspecified' in SourceTitle"
severe_injury_reports_jboysen,Escalators,Unmapped,n/a,No confident IOGP rule match for 'Escalators' in SourceTitle
severe_injury_reports_jboysen,"Excavating machinery, n.e.c.",Unmapped,n/a,"No confident IOGP rule match for 'Excavating machinery, n.e.c.' in SourceTitle"
severe_injury_reports_jboysen,"Excavating machinery, unspecified",Unmapped,n/a,"No confident IOGP rule match for 'Excavating machinery, unspecified' in SourceTitle"
severe_injury_reports_jboysen,"Excavations, strip mines, and quarries (except confined space)",Unmapped,n/a,"No confident IOGP rule match for 'Excavations, strip mines, and quarries (except confined space)' in SourceTitle"
severe_injury_reports_jboysen,Existing floor opening,Unmapped,n/a,No confident IOGP rule match for 'Existing floor opening' in SourceTitle
severe_injury_reports_jboysen,"Existing roof openings, other than skylights",Unmapped,n/a,"No confident IOGP rule match for 'Existing roof openings, other than skylights' in SourceTitle"
severe_injury_reports_jboysen,Explosive devices,Unmapped,n/a,No confident IOGP rule match for 'Explosive devices' in SourceTitle
severe_injury_reports_jboysen,"Explosives, blasting agents, n.e.c.",Unmapped,n/a,"No confident IOGP rule match for 'Explosives, blasting agents, n.e.c.' in SourceTitle"
severe_injury_reports_jboysen,Extension ladders,Unmapped,n/a,No confident IOGP rule match for 'Extension ladders' in SourceTitle
severe_injury_reports_jboysen,Extruding machinery,Unmapped,n/a,No confident IOGP rule match for 'Extruding machinery' in SourceTitle
severe_injury_reports_jboysen,"Extruding, injecting, forming, molding machinery, n.e.c.",Unmapped,n/a,"No confident IOGP rule match for 'Extruding, injecting, forming, molding machinery, n.e.c.' in SourceTitle"
severe_injury_reports_jboysen,"Extruding, injecting, forming, molding machinery, unspecified",Unmapped,n/a,"No confident IOGP rule match for 'Extruding, injecting, forming, molding machinery, unspecified' in SourceTitle"
severe_injury_reports_jboysen,"Fabric pins, safety pins",Unmapped,n/a,"No confident IOGP rule match for 'Fabric pins, safety pins' in SourceTitle"
severe_injury_reports_jboysen,Fabric pressers and ironing appliances,Unmapped,n/a,No confident IOGP rule match for 'Fabric pressers and ironing appliances' in SourceTitle
severe_injury_reports_jboysen,"Factory, manufacturing plant",Unmapped,n/a,"No confident IOGP rule match for 'Factory, manufacturing plant' in SourceTitle"
severe_injury_reports_jboysen,"Fans, blowers-wall, floor, ceiling, ventilation",Unmapped,n/a,"No confident IOGP rule match for 'Fans, blowers-wall, floor, ceiling, ventilation' in SourceTitle"
severe_injury_reports_jboysen,Farm tractor,Unmapped,n/a,No confident IOGP rule match for 'Farm tractor' in SourceTitle
severe_injury_reports_jboysen,"Fasteners, connectors, ropes, ties, n.e.c.",Unmapped,n/a,"No confident IOGP rule match for 'Fasteners, connectors, ropes, ties, n.e.c.' in SourceTitle"
severe_injury_reports_jboysen,"Fasteners, n.e.c.",Unmapped,n/a,"No confident IOGP rule match for 'Fasteners, n.e.c.' in SourceTitle"
severe_injury_reports_jboysen,"Fasteners, unspecified",Unmapped,n/a,"No confident IOGP rule match for 'Fasteners, unspecified' in SourceTitle"
severe_injury_reports_jboysen,"Fats, oils, cooking greases",Unmapped,n/a,"No confident IOGP rule match for 'Fats, oils, cooking greases' in SourceTitle"
severe_injury_reports_jboysen,"Feed grinders, crushers, mixers-agricultural",Unmapped,n/a,"No confident IOGP rule match for 'Feed grinders, crushers, mixers-agricultural' in SourceTitle"
severe_injury_reports_jboysen,"Fences, fence panels, gates, n.e.c.",Unmapped,n/a,"No confident IOGP rule match for 'Fences, fence panels, gates, n.e.c.' in SourceTitle"
severe_injury_reports_jboysen,"Fences, fence panels, gates, unspecified",Unmapped,n/a,"No confident IOGP rule match for 'Fences, fence panels, gates, unspecified' in SourceTitle"
severe_injury_reports_jboysen,"Fertilizers, plant food, n.e.c.",Unmapped,n/a,"No confident IOGP rule match for 'Fertilizers, plant food, n.e.c.' in SourceTitle"
severe_injury_reports_jboysen,Field crops,Unmapped,n/a,No confident IOGP rule match for 'Field crops' in SourceTitle
severe_injury_reports_jboysen,Files-surfacing handtool,Unmapped,n/a,No confident IOGP rule match for 'Files-surfacing handtool' in SourceTitle
severe_injury_reports_jboysen,Fire extinguishers,Unmapped,n/a,No confident IOGP rule match for 'Fire extinguishers' in SourceTitle
severe_injury_reports_jboysen,"Fire truck, other emergency equipment truck",Unmapped,n/a,"No confident IOGP rule match for 'Fire truck, other emergency equipment truck' in SourceTitle"
severe_injury_reports_jboysen,"Fire, flame",Unmapped,n/a,"No confident IOGP rule match for 'Fire, flame' in SourceTitle"
severe_injury_reports_jboysen,"Firearm, unspecified",Unmapped,n/a,"No confident IOGP rule match for 'Firearm, unspecified' in SourceTitle"
severe_injury_reports_jboysen,"Firearms, law enforcement, and other self-defense equipment, n.e.c.",Unmapped,n/a,"No confident IOGP rule match for 'Firearms, law enforcement, and other self-defense equipment, n.e.c.' in SourceTitle"
severe_injury_reports_jboysen,"Fish, shellfish",Unmapped,n/a,"No confident IOGP rule match for 'Fish, shellfish' in SourceTitle"
severe_injury_reports_jboysen,"Flammable gas, unspecified",Unmapped,n/a,"No confident IOGP rule match for 'Flammable gas, unspecified' in SourceTitle"
severe_injury_reports_jboysen,Flashing,Unmapped,n/a,No confident IOGP rule match for 'Flashing' in SourceTitle
severe_injury_reports_jboysen,Floor coverings- nonstructural,Unmapped,n/a,No confident IOGP rule match for 'Floor coverings- nonstructural' in SourceTitle
severe_injury_reports_jboysen,Floor irregularity,Unmapped,n/a,No confident IOGP rule match for 'Floor irregularity' in SourceTitle
severe_injury_reports_jboysen,"Floor, n.e.c.",Unmapped,n/a,"No confident IOGP rule match for 'Floor, n.e.c.' in SourceTitle"
severe_injury_reports_jboysen,"Floor, unspecified",Unmapped,n/a,"No confident IOGP rule match for 'Floor, unspecified' in SourceTitle"
severe_injury_reports_jboysen,"Floors, walkways, ground surfaces, n.e.c.",Unmapped,n/a,"No confident IOGP rule match for 'Floors, walkways, ground surfaces, n.e.c.' in SourceTitle"
severe_injury_reports_jboysen,"Floors, walkways, ground surfaces, unspecified",Unmapped,n/a,"No confident IOGP rule match for 'Floors, walkways, ground surfaces, unspecified' in SourceTitle"
severe_injury_reports_jboysen,"Fluorine compounds, n.e.c.",Unmapped,n/a,"No confident IOGP rule match for 'Fluorine compounds, n.e.c.' in SourceTitle"
severe_injury_reports_jboysen,"Fluorine compounds, unspecified",Unmapped,n/a,"No confident IOGP rule match for 'Fluorine compounds, unspecified' in SourceTitle"
severe_injury_reports_jboysen,Fluorotrichloromethane,Unmapped,n/a,No confident IOGP rule match for 'Fluorotrichloromethane' in SourceTitle
severe_injury_reports_jboysen,"Food and beverage processing machinery-specialized, n.e.c.",Unmapped,n/a,"No confident IOGP rule match for 'Food and beverage processing machinery-specialized, n.e.c.' in SourceTitle"
severe_injury_reports_jboysen,"Food and beverage processing machinery-specialized, unspecified",Unmapped,n/a,"No confident IOGP rule match for 'Food and beverage processing machinery-specialized, unspecified' in SourceTitle"
severe_injury_reports_jboysen,"Food products, n.e.c.",Unmapped,n/a,"No confident IOGP rule match for 'Food products, n.e.c.' in SourceTitle"
severe_injury_reports_jboysen,"Food products, unspecified",Unmapped,n/a,"No confident IOGP rule match for 'Food products, unspecified' in SourceTitle"
severe_injury_reports_jboysen,Food slicers,Unmapped,n/a,No confident IOGP rule match for 'Food slicers' in SourceTitle
severe_injury_reports_jboysen,Forging machinery,Unmapped,n/a,No confident IOGP rule match for 'Forging machinery' in SourceTitle
severe_injury_reports_jboysen,"Forklift, order picker, platform truck-powered",Unmapped,n/a,"No confident IOGP rule match for 'Forklift, order picker, platform truck-powered' in SourceTitle"
severe_injury_reports_jboysen,Formaldehyde,Unmapped,n/a,No confident IOGP rule match for 'Formaldehyde' in SourceTitle
severe_injury_reports_jboysen,Former work associate,Unmapped,n/a,No confident IOGP rule match for 'Former work associate' in SourceTitle
severe_injury_reports_jboysen,Formers-paper production,Unmapped,n/a,No confident IOGP rule match for 'Formers-paper production' in SourceTitle
severe_injury_reports_jboysen,"Forwarding and yarding machinery, except feller-forwarders",Unmapped,n/a,"No confident IOGP rule match for 'Forwarding and yarding machinery, except feller-forwarders' in SourceTitle"
severe_injury_reports_jboysen,Front and power shovels,Unmapped,n/a,No confident IOGP rule match for 'Front and power shovels' in SourceTitle
severe_injury_reports_jboysen,"Fruits, nuts, vegetables",Unmapped,n/a,"No confident IOGP rule match for 'Fruits, nuts, vegetables' in SourceTitle"
severe_injury_reports_jboysen,"Fumigants, n.e.c.",Unmapped,n/a,"No confident IOGP rule match for 'Fumigants, n.e.c.' in SourceTitle"
severe_injury_reports_jboysen,Fungicides,Unmapped,n/a,No confident IOGP rule match for 'Fungicides' in SourceTitle
severe_injury_reports_jboysen,"Fur, wool",Unmapped,n/a,"No confident IOGP rule match for 'Fur, wool' in SourceTitle"
severe_injury_reports_jboysen,"Furnaces, heaters",Unmapped,n/a,"No confident IOGP rule match for 'Furnaces, heaters' in SourceTitle"
severe_injury_reports_jboysen,"Furniture and fixtures, n.e.c.",Unmapped,n/a,"No confident IOGP rule match for 'Furniture and fixtures, n.e.c.' in SourceTitle"
severe_injury_reports_jboysen,"Furniture and fixtures, unspecified",Unmapped,n/a,"No confident IOGP rule match for 'Furniture and fixtures, unspecified' in SourceTitle"
severe_injury_reports_jboysen,"Furniture, n.e.c.",Unmapped,n/a,"No confident IOGP rule match for 'Furniture, n.e.c.' in SourceTitle"
severe_injury_reports_jboysen,"Furniture, unspecified",Unmapped,n/a,"No confident IOGP rule match for 'Furniture, unspecified' in SourceTitle"
severe_injury_reports_jboysen,Garage doors,Unmapped,n/a,No confident IOGP rule match for 'Garage doors' in SourceTitle
severe_injury_reports_jboysen,"Garbage, recycling, or refuse truck",Unmapped,n/a,"No confident IOGP rule match for 'Garbage, recycling, or refuse truck' in SourceTitle"
severe_injury_reports_jboysen,"Gasoline, diesel fuel, jet fuel",Unmapped,n/a,"No confident IOGP rule match for 'Gasoline, diesel fuel, jet fuel' in SourceTitle"
severe_injury_reports_jboysen,Gates,Unmapped,n/a,No confident IOGP rule match for 'Gates' in SourceTitle
severe_injury_reports_jboysen,Gears,Unmapped,n/a,No confident IOGP rule match for 'Gears' in SourceTitle
severe_injury_reports_jboysen,Generators,Unmapped,n/a,No confident IOGP rule match for 'Generators' in SourceTitle
severe_injury_reports_jboysen,"Girders, beams, structural steel",Unmapped,n/a,"No confident IOGP rule match for 'Girders, beams, structural steel' in SourceTitle"
severe_injury_reports_jboysen,Glass building materials,Unmapped,n/a,No confident IOGP rule match for 'Glass building materials' in SourceTitle
severe_injury_reports_jboysen,"Glasses-beverage, drinking cups",Unmapped,n/a,"No confident IOGP rule match for 'Glasses-beverage, drinking cups' in SourceTitle"
severe_injury_reports_jboysen,"Golf cart, personnel transport cart",Unmapped,n/a,"No confident IOGP rule match for 'Golf cart, personnel transport cart' in SourceTitle"
severe_injury_reports_jboysen,"Graders, scrapers-construction",Unmapped,n/a,"No confident IOGP rule match for 'Graders, scrapers-construction' in SourceTitle"
severe_injury_reports_jboysen,Grain elevator interiors,Unmapped,n/a,No confident IOGP rule match for 'Grain elevator interiors' in SourceTitle
severe_injury_reports_jboysen,"Grains, cereals, grain mill products",Unmapped,n/a,"No confident IOGP rule match for 'Grains, cereals, grain mill products' in SourceTitle"
severe_injury_reports_jboysen,"Grandstands, stadia",Unmapped,n/a,"No confident IOGP rule match for 'Grandstands, stadia' in SourceTitle"
severe_injury_reports_jboysen,Grates,Unmapped,n/a,No confident IOGP rule match for 'Grates' in SourceTitle
severe_injury_reports_jboysen,Grates and drains in floor surface,Unmapped,n/a,No confident IOGP rule match for 'Grates and drains in floor surface' in SourceTitle
severe_injury_reports_jboysen,"Grinders, abraders",Unmapped,n/a,"No confident IOGP rule match for 'Grinders, abraders' in SourceTitle"
severe_injury_reports_jboysen,"Grinding, polishing machinery, n.e.c.",Unmapped,n/a,"No confident IOGP rule match for 'Grinding, polishing machinery, n.e.c.' in SourceTitle"
severe_injury_reports_jboysen,"Grinding, polishing machinery, unspecified",Unmapped,n/a,"No confident IOGP rule match for 'Grinding, polishing machinery, unspecified' in SourceTitle"
severe_injury_reports_jboysen,"Gripping handtools-nonpowered, n.e.c.",Unmapped,n/a,"No confident IOGP rule match for 'Gripping handtools-nonpowered, n.e.c.' in SourceTitle"
severe_injury_reports_jboysen,Ground irregularity,Unmapped,n/a,No confident IOGP rule match for 'Ground irregularity' in SourceTitle
severe_injury_reports_jboysen,"Ground, n.e.c.",Unmapped,n/a,"No confident IOGP rule match for 'Ground, n.e.c.' in SourceTitle"
severe_injury_reports_jboysen,"Ground, unspecified",Unmapped,n/a,"No confident IOGP rule match for 'Ground, unspecified' in SourceTitle"
severe_injury_reports_jboysen,"Guardrails, road dividers",Unmapped,n/a,"No confident IOGP rule match for 'Guardrails, road dividers' in SourceTitle"
severe_injury_reports_jboysen,"Gutters, downspouts",Unmapped,n/a,"No confident IOGP rule match for 'Gutters, downspouts' in SourceTitle"
severe_injury_reports_jboysen,Gymnasium and exercise equipment,Unmapped,n/a,No confident IOGP rule match for 'Gymnasium and exercise equipment' in SourceTitle
severe_injury_reports_jboysen,"Halogens and halogen compounds, n.e.c.",Unmapped,n/a,"No confident IOGP rule match for 'Halogens and halogen compounds, n.e.c.' in SourceTitle"
severe_injury_reports_jboysen,"Hammers, except sledge-nonpowered",Unmapped,n/a,"No confident IOGP rule match for 'Hammers, except sledge-nonpowered' in SourceTitle"
severe_injury_reports_jboysen,Hammers-powered,Unmapped,n/a,No confident IOGP rule match for 'Hammers-powered' in SourceTitle
severe_injury_reports_jboysen,Hand grinders-powered,Unmapped,n/a,No confident IOGP rule match for 'Hand grinders-powered' in SourceTitle
severe_injury_reports_jboysen,"Handrails, banisters",Unmapped,n/a,"No confident IOGP rule match for 'Handrails, banisters' in SourceTitle"
severe_injury_reports_jboysen,"Handtools-nonpowered, n.e.c.",Unmapped,n/a,"No confident IOGP rule match for 'Handtools-nonpowered, n.e.c.' in SourceTitle"
severe_injury_reports_jboysen,"Handtools-nonpowered, unspecified",Unmapped,n/a,"No confident IOGP rule match for 'Handtools-nonpowered, unspecified' in SourceTitle"
severe_injury_reports_jboysen,"Handtools-power not determined, n.e.c.",Unmapped,n/a,"No confident IOGP rule match for 'Handtools-power not determined, n.e.c.' in SourceTitle"
severe_injury_reports_jboysen,"Handtools-power not determined, unspecified",Unmapped,n/a,"No confident IOGP rule match for 'Handtools-power not determined, unspecified' in SourceTitle"
severe_injury_reports_jboysen,"Handtools-powered, n.e.c.",Unmapped,n/a,"No confident IOGP rule match for 'Handtools-powered, n.e.c.' in SourceTitle"
severe_injury_reports_jboysen,"Handtools-powered, unspecified",Unmapped,n/a,"No confident IOGP rule match for 'Handtools-powered, unspecified' in SourceTitle"
severe_injury_reports_jboysen,"Harvesting and threshing machinery, n.e.c.",Unmapped,n/a,"No confident IOGP rule match for 'Harvesting and threshing machinery, n.e.c.' in SourceTitle"
severe_injury_reports_jboysen,Heat-environmental,Unmapped,n/a,No confident IOGP rule match for 'Heat-environmental' in SourceTitle
severe_injury_reports_jboysen,"Heating and cooking machinery and appliances, n.e.c.",Unmapped,n/a,"No confident IOGP rule match for 'Heating and cooking machinery and appliances, n.e.c.' in SourceTitle"
severe_injury_reports_jboysen,"Heating, cooling, and cleaning machinery and appliances, n.e.c.",Unmapped,n/a,"No confident IOGP rule match for 'Heating, cooling, and cleaning machinery and appliances, n.e.c.' in SourceTitle"
severe_injury_reports_jboysen,"Heating, cooling, and cleaning machinery and appliances, unspecified",Unmapped,n/a,"No confident IOGP rule match for 'Heating, cooling, and cleaning machinery and appliances, unspecified' in SourceTitle"
severe_injury_reports_jboysen,Helicopter,Unmapped,n/a,No confident IOGP rule match for 'Helicopter' in SourceTitle
severe_injury_reports_jboysen,"Highway vehicle, motorized, unspecified",Unmapped,n/a,"No confident IOGP rule match for 'Highway vehicle, motorized, unspecified' in SourceTitle"
severe_injury_reports_jboysen,Hills,Unmapped,n/a,No confident IOGP rule match for 'Hills' in SourceTitle
severe_injury_reports_jboysen,Hinges,Unmapped,n/a,No confident IOGP rule match for 'Hinges' in SourceTitle
severe_injury_reports_jboysen,"Hoisting accessories, n.e.c.",Unmapped,n/a,"No confident IOGP rule match for 'Hoisting accessories, n.e.c.' in SourceTitle"
severe_injury_reports_jboysen,"Hoisting accessories, unspecified",Unmapped,n/a,"No confident IOGP rule match for 'Hoisting accessories, unspecified' in SourceTitle"
severe_injury_reports_jboysen,"Honing, polishing, lapping machinery",Unmapped,n/a,"No confident IOGP rule match for 'Honing, polishing, lapping machinery' in SourceTitle"
severe_injury_reports_jboysen,"Hooks, shackles, magnets, clamshells",Unmapped,n/a,"No confident IOGP rule match for 'Hooks, shackles, magnets, clamshells' in SourceTitle"
severe_injury_reports_jboysen,Horses and other equines,Unmapped,n/a,No confident IOGP rule match for 'Horses and other equines' in SourceTitle
severe_injury_reports_jboysen,Hoses,Unmapped,n/a,No confident IOGP rule match for 'Hoses' in SourceTitle
severe_injury_reports_jboysen,"House, townhouse, rowhouse",Unmapped,n/a,"No confident IOGP rule match for 'House, townhouse, rowhouse' in SourceTitle"
severe_injury_reports_jboysen,"Humidifiers, dehumidifiers, vaporizers",Unmapped,n/a,"No confident IOGP rule match for 'Humidifiers, dehumidifiers, vaporizers' in SourceTitle"
severe_injury_reports_jboysen,Hydrants,Unmapped,n/a,No confident IOGP rule match for 'Hydrants' in SourceTitle
severe_injury_reports_jboysen,Hydrogen,Unmapped,n/a,No confident IOGP rule match for 'Hydrogen' in SourceTitle
severe_injury_reports_jboysen,"Hydrogen chloride, hydrochloric acid",Unmapped,n/a,"No confident IOGP rule match for 'Hydrogen chloride, hydrochloric acid' in SourceTitle"
severe_injury_reports_jboysen,"Hydrogen fluoride, hydrofluoric acid",Unmapped,n/a,"No confident IOGP rule match for 'Hydrogen fluoride, hydrofluoric acid' in SourceTitle"
severe_injury_reports_jboysen,Hydrogen sulfide,Unmapped,n/a,No confident IOGP rule match for 'Hydrogen sulfide' in SourceTitle
severe_injury_reports_jboysen,"Ice, sleet, snow",Unmapped,n/a,"No confident IOGP rule match for 'Ice, sleet, snow' in SourceTitle"
severe_injury_reports_jboysen,Impact wrenches-powered,Unmapped,n/a,No confident IOGP rule match for 'Impact wrenches-powered' in SourceTitle
severe_injury_reports_jboysen,"Industrial building, n.e.c.",Unmapped,n/a,"No confident IOGP rule match for 'Industrial building, n.e.c.' in SourceTitle"
severe_injury_reports_jboysen,Industrial tractor,Unmapped,n/a,No confident IOGP rule match for 'Industrial tractor' in SourceTitle
severe_injury_reports_jboysen,"Industrial vehicle, material hauling and transport-powered, n.e.c",Unmapped,n/a,"No confident IOGP rule match for 'Industrial vehicle, material hauling and transport-powered, n.e.c' in SourceTitle"
severe_injury_reports_jboysen,"Industrial vehicle, material hauling and transport-powered, unspecified",Unmapped,n/a,"No confident IOGP rule match for 'Industrial vehicle, material hauling and transport-powered, unspecified' in SourceTitle"
severe_injury_reports_jboysen,Inmate or detainee in custody,Unmapped,n/a,No confident IOGP rule match for 'Inmate or detainee in custody' in SourceTitle
severe_injury_reports_jboysen,Insecticides,Unmapped,n/a,No confident IOGP rule match for 'Insecticides' in SourceTitle
severe_injury_reports_jboysen,"Insects, arachnids, mites, unspecified",Unmapped,n/a,"No confident IOGP rule match for 'Insects, arachnids, mites, unspecified' in SourceTitle"
severe_injury_reports_jboysen,Irrigation machinery,Unmapped,n/a,No confident IOGP rule match for 'Irrigation machinery' in SourceTitle
severe_injury_reports_jboysen,Jackhammers-powered,Unmapped,n/a,No confident IOGP rule match for 'Jackhammers-powered' in SourceTitle
severe_injury_reports_jboysen,Jacks,Unmapped,n/a,No confident IOGP rule match for 'Jacks' in SourceTitle
severe_injury_reports_jboysen,"Juice, oil, and fat extractors",Unmapped,n/a,"No confident IOGP rule match for 'Juice, oil, and fat extractors' in SourceTitle"
severe_injury_reports_jboysen,"Knives, unspecified or n.e.c.",Unmapped,n/a,"No confident IOGP rule match for 'Knives, unspecified or n.e.c.' in SourceTitle"
severe_injury_reports_jboysen,Knives-power not determined,Unmapped,n/a,No confident IOGP rule match for 'Knives-power not determined' in SourceTitle
severe_injury_reports_jboysen,Laboratory,Unmapped,n/a,No confident IOGP rule match for 'Laboratory' in SourceTitle
severe_injury_reports_jboysen,"Lacquer, shellac, varnish",Unmapped,n/a,"No confident IOGP rule match for 'Lacquer, shellac, varnish' in SourceTitle"
severe_injury_reports_jboysen,"Ladders, n.e.c.",Unmapped,n/a,"No confident IOGP rule match for 'Ladders, n.e.c.' in SourceTitle"
severe_injury_reports_jboysen,"Ladders, unspecified",Unmapped,n/a,"No confident IOGP rule match for 'Ladders, unspecified' in SourceTitle"
severe_injury_reports_jboysen,Ladders-fixed,Unmapped,n/a,No confident IOGP rule match for 'Ladders-fixed' in SourceTitle
severe_injury_reports_jboysen,"Lamp posts, street lights",Unmapped,n/a,"No confident IOGP rule match for 'Lamp posts, street lights' in SourceTitle"
severe_injury_reports_jboysen,"Lamps, light fixtures",Unmapped,n/a,"No confident IOGP rule match for 'Lamps, light fixtures' in SourceTitle"
severe_injury_reports_jboysen,Latex gloves,Unmapped,n/a,No confident IOGP rule match for 'Latex gloves' in SourceTitle
severe_injury_reports_jboysen,"Lathes, n.e.c.",Unmapped,n/a,"No confident IOGP rule match for 'Lathes, n.e.c.' in SourceTitle"
severe_injury_reports_jboysen,"Lathes, unspecified",Unmapped,n/a,"No confident IOGP rule match for 'Lathes, unspecified' in SourceTitle"
severe_injury_reports_jboysen,Laundry,Unmapped,n/a,No confident IOGP rule match for 'Laundry' in SourceTitle
severe_injury_reports_jboysen,"Law enforcement and self-defense equipment, n.e.c.",Unmapped,n/a,"No confident IOGP rule match for 'Law enforcement and self-defense equipment, n.e.c.' in SourceTitle"
severe_injury_reports_jboysen,"Lawn edgers, clippers, trimmers-powered",Unmapped,n/a,"No confident IOGP rule match for 'Lawn edgers, clippers, trimmers-powered' in SourceTitle"
severe_injury_reports_jboysen,"Lawn mowers-nonriding, powered",Unmapped,n/a,"No confident IOGP rule match for 'Lawn mowers-nonriding, powered' in SourceTitle"
severe_injury_reports_jboysen,Lawn mowers-riding,Unmapped,n/a,No confident IOGP rule match for 'Lawn mowers-riding' in SourceTitle
severe_injury_reports_jboysen,"Lice, fleas, bedbugs",Unmapped,n/a,"No confident IOGP rule match for 'Lice, fleas, bedbugs' in SourceTitle"
severe_injury_reports_jboysen,"Lifelines, lanyards, safety belts, harnesses",Unmapped,n/a,"No confident IOGP rule match for 'Lifelines, lanyards, safety belts, harnesses' in SourceTitle"
severe_injury_reports_jboysen,Liftgates,Unmapped,n/a,No confident IOGP rule match for 'Liftgates' in SourceTitle
severe_injury_reports_jboysen,Light bulbs,Unmapped,n/a,No confident IOGP rule match for 'Light bulbs' in SourceTitle
severe_injury_reports_jboysen,"Lighting equipment, n.e.c.",Unmapped,n/a,"No confident IOGP rule match for 'Lighting equipment, n.e.c.' in SourceTitle"
severe_injury_reports_jboysen,Lightning,Unmapped,n/a,No confident IOGP rule match for 'Lightning' in SourceTitle
severe_injury_reports_jboysen,"Limbs, branches-unattached",Unmapped,n/a,"No confident IOGP rule match for 'Limbs, branches-unattached' in SourceTitle"
severe_injury_reports_jboysen,Lime,Unmapped,n/a,No confident IOGP rule match for 'Lime' in SourceTitle
severe_injury_reports_jboysen,"Liquids, n.e.c.",Unmapped,n/a,"No confident IOGP rule match for 'Liquids, n.e.c.' in SourceTitle"
severe_injury_reports_jboysen,"Liquids, unspecified",Unmapped,n/a,"No confident IOGP rule match for 'Liquids, unspecified' in SourceTitle"
severe_injury_reports_jboysen,"Loaders, n.e.c.",Unmapped,n/a,"No confident IOGP rule match for 'Loaders, n.e.c.' in SourceTitle"
severe_injury_reports_jboysen,"Loaders, unspecified",Unmapped,n/a,"No confident IOGP rule match for 'Loaders, unspecified' in SourceTitle"
severe_injury_reports_jboysen,Lockers,Unmapped,n/a,No confident IOGP rule match for 'Lockers' in SourceTitle
severe_injury_reports_jboysen,Log processing machinery,Unmapped,n/a,No confident IOGP rule match for 'Log processing machinery' in SourceTitle
severe_injury_reports_jboysen,"Logging and wood processing machinery-specialized, n.e.c.",Unmapped,n/a,"No confident IOGP rule match for 'Logging and wood processing machinery-specialized, n.e.c.' in SourceTitle"
severe_injury_reports_jboysen,"Logging and wood processing machinery-specialized, unspecified",Unmapped,n/a,"No confident IOGP rule match for 'Logging and wood processing machinery-specialized, unspecified' in SourceTitle"
severe_injury_reports_jboysen,Logs,Unmapped,n/a,No confident IOGP rule match for 'Logs' in SourceTitle
severe_injury_reports_jboysen,"Lubricating greases, cutting oils",Unmapped,n/a,"No confident IOGP rule match for 'Lubricating greases, cutting oils' in SourceTitle"
severe_injury_reports_jboysen,"Luggage, handbags, unspecified",Unmapped,n/a,"No confident IOGP rule match for 'Luggage, handbags, unspecified' in SourceTitle"
severe_injury_reports_jboysen,"Machine and appliance parts, n.e.c.",Unmapped,n/a,"No confident IOGP rule match for 'Machine and appliance parts, n.e.c.' in SourceTitle"
severe_injury_reports_jboysen,"Machine and appliance parts, unspecified",Unmapped,n/a,"No confident IOGP rule match for 'Machine and appliance parts, unspecified' in SourceTitle"
severe_injury_reports_jboysen,Machine platforms,Unmapped,n/a,No confident IOGP rule match for 'Machine platforms' in SourceTitle
severe_injury_reports_jboysen,"Machine, tool, and electric parts, n.e.c.",Unmapped,n/a,"No confident IOGP rule match for 'Machine, tool, and electric parts, n.e.c.' in SourceTitle"
severe_injury_reports_jboysen,"Machine, tool, and electric parts, unspecified",Unmapped,n/a,"No confident IOGP rule match for 'Machine, tool, and electric parts, unspecified' in SourceTitle"
severe_injury_reports_jboysen,"Machinery, n.e.c.",Unmapped,n/a,"No confident IOGP rule match for 'Machinery, n.e.c.' in SourceTitle"
severe_injury_reports_jboysen,"Machinery, unspecified",Unmapped,n/a,"No confident IOGP rule match for 'Machinery, unspecified' in SourceTitle"
severe_injury_reports_jboysen,Mailboxes,Unmapped,n/a,No confident IOGP rule match for 'Mailboxes' in SourceTitle
severe_injury_reports_jboysen,Mailing and metering machines,Unmapped,n/a,No confident IOGP rule match for 'Mailing and metering machines' in SourceTitle
severe_injury_reports_jboysen,Mallets,Unmapped,n/a,No confident IOGP rule match for 'Mallets' in SourceTitle
severe_injury_reports_jboysen,"Mammals, n.e.c.",Unmapped,n/a,"No confident IOGP rule match for 'Mammals, n.e.c.' in SourceTitle"
severe_injury_reports_jboysen,"Mammals, unspecified",Unmapped,n/a,"No confident IOGP rule match for 'Mammals, unspecified' in SourceTitle"
severe_injury_reports_jboysen,Manhole and cistern covers,Unmapped,n/a,No confident IOGP rule match for 'Manhole and cistern covers' in SourceTitle
severe_injury_reports_jboysen,Manlifts,Unmapped,n/a,No confident IOGP rule match for 'Manlifts' in SourceTitle
severe_injury_reports_jboysen,"Material and personnel handling machinery, n.e.c.",Unmapped,n/a,"No confident IOGP rule match for 'Material and personnel handling machinery, n.e.c.' in SourceTitle"
severe_injury_reports_jboysen,"Material and personnel handling machinery, unspecified",Unmapped,n/a,"No confident IOGP rule match for 'Material and personnel handling machinery, unspecified' in SourceTitle"
severe_injury_reports_jboysen,Material and personnel hoists,Unmapped,n/a,No confident IOGP rule match for 'Material and personnel hoists' in SourceTitle
severe_injury_reports_jboysen,"Measuring handtools, n.e.c.",Unmapped,n/a,"No confident IOGP rule match for 'Measuring handtools, n.e.c.' in SourceTitle"
severe_injury_reports_jboysen,Meat grinders,Unmapped,n/a,No confident IOGP rule match for 'Meat grinders' in SourceTitle
severe_injury_reports_jboysen,"Meat, poultry, seafood",Unmapped,n/a,"No confident IOGP rule match for 'Meat, poultry, seafood' in SourceTitle"
severe_injury_reports_jboysen,Mechanical harvesters--logging,Unmapped,n/a,No confident IOGP rule match for 'Mechanical harvesters--logging' in SourceTitle
severe_injury_reports_jboysen,"Medical and surgical instruments and equipment, n.e.c.",Unmapped,n/a,"No confident IOGP rule match for 'Medical and surgical instruments and equipment, n.e.c.' in SourceTitle"
severe_injury_reports_jboysen,"Medical machinery and equipment, except x-ray",Unmapped,n/a,"No confident IOGP rule match for 'Medical machinery and equipment, except x-ray' in SourceTitle"
severe_injury_reports_jboysen,"Medical sharps instruments, n.e.c.",Unmapped,n/a,"No confident IOGP rule match for 'Medical sharps instruments, n.e.c.' in SourceTitle"
severe_injury_reports_jboysen,"Medical, surgical, x-ray machinery and equipment, unspecified",Unmapped,n/a,"No confident IOGP rule match for 'Medical, surgical, x-ray machinery and equipment, unspecified' in SourceTitle"
severe_injury_reports_jboysen,"Medicines, except vaccines",Unmapped,n/a,"No confident IOGP rule match for 'Medicines, except vaccines' in SourceTitle"
severe_injury_reports_jboysen,"Metal chips, particles",Unmapped,n/a,"No confident IOGP rule match for 'Metal chips, particles' in SourceTitle"
severe_injury_reports_jboysen,"Metal materials-nonstructural, n.e.c.",Unmapped,n/a,"No confident IOGP rule match for 'Metal materials-nonstructural, n.e.c.' in SourceTitle"
severe_injury_reports_jboysen,"Metal materials-nonstructural, unspecified",Unmapped,n/a,"No confident IOGP rule match for 'Metal materials-nonstructural, unspecified' in SourceTitle"
severe_injury_reports_jboysen,Metal ores-nonradiating,Unmapped,n/a,No confident IOGP rule match for 'Metal ores-nonradiating' in SourceTitle
severe_injury_reports_jboysen,"Metal pipes, tubing",Unmapped,n/a,"No confident IOGP rule match for 'Metal pipes, tubing' in SourceTitle"
severe_injury_reports_jboysen,"Metal plates, metal panels",Unmapped,n/a,"No confident IOGP rule match for 'Metal plates, metal panels' in SourceTitle"
severe_injury_reports_jboysen,"Metal sheets, ingots, bars-nonstructural",Unmapped,n/a,"No confident IOGP rule match for 'Metal sheets, ingots, bars-nonstructural' in SourceTitle"
severe_injury_reports_jboysen,"Metal, woodworking, and special material machinery, n.e.c.",Unmapped,n/a,"No confident IOGP rule match for 'Metal, woodworking, and special material machinery, n.e.c.' in SourceTitle"
severe_injury_reports_jboysen,"Metal, woodworking, and special material machinery, unspecified",Unmapped,n/a,"No confident IOGP rule match for 'Metal, woodworking, and special material machinery, unspecified' in SourceTitle"
severe_injury_reports_jboysen,"Metallics and compounds, n.e.c.",Unmapped,n/a,"No confident IOGP rule match for 'Metallics and compounds, n.e.c.' in SourceTitle"
severe_injury_reports_jboysen,Metalworking lathes,Unmapped,n/a,No confident IOGP rule match for 'Metalworking lathes' in SourceTitle
severe_injury_reports_jboysen,Methane gas,Unmapped,n/a,No confident IOGP rule match for 'Methane gas' in SourceTitle
severe_injury_reports_jboysen,Methanol,Unmapped,n/a,No confident IOGP rule match for 'Methanol' in SourceTitle
severe_injury_reports_jboysen,Methyl ethyl ketone,Unmapped,n/a,No confident IOGP rule match for 'Methyl ethyl ketone' in SourceTitle
severe_injury_reports_jboysen,Milling machines,Unmapped,n/a,No confident IOGP rule match for 'Milling machines' in SourceTitle
severe_injury_reports_jboysen,"Milling machines, cold planers, and road profilers",Unmapped,n/a,"No confident IOGP rule match for 'Milling machines, cold planers, and road profilers' in SourceTitle"
severe_injury_reports_jboysen,Mini excavators,Unmapped,n/a,No confident IOGP rule match for 'Mini excavators' in SourceTitle
severe_injury_reports_jboysen,"Mining and drilling machinery, n.e.c.",Unmapped,n/a,"No confident IOGP rule match for 'Mining and drilling machinery, n.e.c.' in SourceTitle"
severe_injury_reports_jboysen,"Mining and drilling machinery, unspecified",Unmapped,n/a,"No confident IOGP rule match for 'Mining and drilling machinery, unspecified' in SourceTitle"
severe_injury_reports_jboysen,"Mixers, blenders, whippers-food and beverage",Unmapped,n/a,"No confident IOGP rule match for 'Mixers, blenders, whippers-food and beverage' in SourceTitle"
severe_injury_reports_jboysen,Mobile or prefabricated home,Unmapped,n/a,No confident IOGP rule match for 'Mobile or prefabricated home' in SourceTitle
severe_injury_reports_jboysen,Mobility scooters-powered,Unmapped,n/a,No confident IOGP rule match for 'Mobility scooters-powered' in SourceTitle
severe_injury_reports_jboysen,"Molten or hot metals, slag",Unmapped,n/a,"No confident IOGP rule match for 'Molten or hot metals, slag' in SourceTitle"
severe_injury_reports_jboysen,Mosquitoes,Unmapped,n/a,No confident IOGP rule match for 'Mosquitoes' in SourceTitle
severe_injury_reports_jboysen,"Motor home, RV",Unmapped,n/a,"No confident IOGP rule match for 'Motor home, RV' in SourceTitle"
severe_injury_reports_jboysen,"Motorboat, motorized yacht",Unmapped,n/a,"No confident IOGP rule match for 'Motorboat, motorized yacht' in SourceTitle"
severe_injury_reports_jboysen,"Motorcycle, moped, dirt bike",Unmapped,n/a,"No confident IOGP rule match for 'Motorcycle, moped, dirt bike' in SourceTitle"
severe_injury_reports_jboysen,Motors other than vehicle,Unmapped,n/a,No confident IOGP rule match for 'Motors other than vehicle' in SourceTitle
severe_injury_reports_jboysen,Mountains,Unmapped,n/a,No confident IOGP rule match for 'Mountains' in SourceTitle
severe_injury_reports_jboysen,"Movable ladders, n.e.c.",Unmapped,n/a,"No confident IOGP rule match for 'Movable ladders, n.e.c.' in SourceTitle"
severe_injury_reports_jboysen,"Movable ladders, unspecified",Unmapped,n/a,"No confident IOGP rule match for 'Movable ladders, unspecified' in SourceTitle"
severe_injury_reports_jboysen,"Mower-tractor, n.e.c.",Unmapped,n/a,"No confident IOGP rule match for 'Mower-tractor, n.e.c.' in SourceTitle"
severe_injury_reports_jboysen,"Mowing machinery, n.e.c.",Unmapped,n/a,"No confident IOGP rule match for 'Mowing machinery, n.e.c.' in SourceTitle"
severe_injury_reports_jboysen,"Mowing machinery, unspecified",Unmapped,n/a,"No confident IOGP rule match for 'Mowing machinery, unspecified' in SourceTitle"
severe_injury_reports_jboysen,Mud,Unmapped,n/a,No confident IOGP rule match for 'Mud' in SourceTitle
severe_injury_reports_jboysen,"Multi-purpose highway vehicle, n.e.c.",Unmapped,n/a,"No confident IOGP rule match for 'Multi-purpose highway vehicle, n.e.c.' in SourceTitle"
severe_injury_reports_jboysen,Multiple acids,Unmapped,n/a,No confident IOGP rule match for 'Multiple acids' in SourceTitle
severe_injury_reports_jboysen,Multiple alkalies,Unmapped,n/a,No confident IOGP rule match for 'Multiple alkalies' in SourceTitle
severe_injury_reports_jboysen,"Multiple aromatics and hydrocarbon derivatives, except halogenated",Unmapped,n/a,"No confident IOGP rule match for 'Multiple aromatics and hydrocarbon derivatives, except halogenated' in SourceTitle"
severe_injury_reports_jboysen,"Multiple chemicals or chemical mixtures, n.e.c.",Unmapped,n/a,"No confident IOGP rule match for 'Multiple chemicals or chemical mixtures, n.e.c.' in SourceTitle"
severe_injury_reports_jboysen,Multiple foods or groceries,Unmapped,n/a,No confident IOGP rule match for 'Multiple foods or groceries' in SourceTitle
severe_injury_reports_jboysen,Nail guns-powered,Unmapped,n/a,No confident IOGP rule match for 'Nail guns-powered' in SourceTitle
severe_injury_reports_jboysen,"Nails, brads, tacks, nuts, bolts, washers",Unmapped,n/a,"No confident IOGP rule match for 'Nails, brads, tacks, nuts, bolts, washers' in SourceTitle"
severe_injury_reports_jboysen,Natural gas,Unmapped,n/a,No confident IOGP rule match for 'Natural gas' in SourceTitle
severe_injury_reports_jboysen,"Needles, syringes",Unmapped,n/a,"No confident IOGP rule match for 'Needles, syringes' in SourceTitle"
severe_injury_reports_jboysen,Nitric acid,Unmapped,n/a,No confident IOGP rule match for 'Nitric acid' in SourceTitle
severe_injury_reports_jboysen,Nitrogen,Unmapped,n/a,No confident IOGP rule match for 'Nitrogen' in SourceTitle
severe_injury_reports_jboysen,Nitrogen oxides,Unmapped,n/a,No confident IOGP rule match for 'Nitrogen oxides' in SourceTitle
severe_injury_reports_jboysen,Nonclassifiable,Unmapped,n/a,No confident IOGP rule match for 'Nonclassifiable' in SourceTitle
severe_injury_reports_jboysen,Nonrail amusement rides,Unmapped,n/a,No confident IOGP rule match for 'Nonrail amusement rides' in SourceTitle
severe_injury_reports_jboysen,"Off-road or industrial vehicle-powered, n.e.c",Unmapped,n/a,"No confident IOGP rule match for 'Off-road or industrial vehicle-powered, n.e.c' in SourceTitle"
severe_injury_reports_jboysen,"Off-road or industrial vehicle-powered, unspecified",Unmapped,n/a,"No confident IOGP rule match for 'Off-road or industrial vehicle-powered, unspecified' in SourceTitle"
severe_injury_reports_jboysen,"Off-road passenger vehicle-powered, unspecified",Unmapped,n/a,"No confident IOGP rule match for 'Off-road passenger vehicle-powered, unspecified' in SourceTitle"
severe_injury_reports_jboysen,"Off-road passenger vehicles-powered, n.e.c",Unmapped,n/a,"No confident IOGP rule match for 'Off-road passenger vehicles-powered, n.e.c' in SourceTitle"
severe_injury_reports_jboysen,"Office and business machinery, n.e.c.",Unmapped,n/a,"No confident IOGP rule match for 'Office and business machinery, n.e.c.' in SourceTitle"
severe_injury_reports_jboysen,"Office, banking, and retail machinery, n.e.c.",Unmapped,n/a,"No confident IOGP rule match for 'Office, banking, and retail machinery, n.e.c.' in SourceTitle"
severe_injury_reports_jboysen,Oil drilling rigs and machinery,Unmapped,n/a,No confident IOGP rule match for 'Oil drilling rigs and machinery' in SourceTitle
severe_injury_reports_jboysen,Oil storage tank interiors,Unmapped,n/a,No confident IOGP rule match for 'Oil storage tank interiors' in SourceTitle
severe_injury_reports_jboysen,"Other building materials-solid elements, unspecified",Unmapped,n/a,"No confident IOGP rule match for 'Other building materials-solid elements, unspecified' in SourceTitle"
severe_injury_reports_jboysen,Other client or customer,Unmapped,n/a,No confident IOGP rule match for 'Other client or customer' in SourceTitle
severe_injury_reports_jboysen,"Other floors, walkways, ground surfaces, unspecified",Unmapped,n/a,"No confident IOGP rule match for 'Other floors, walkways, ground surfaces, unspecified' in SourceTitle"
severe_injury_reports_jboysen,"Other handtools-nonpowered, unspecified",Unmapped,n/a,"No confident IOGP rule match for 'Other handtools-nonpowered, unspecified' in SourceTitle"
severe_injury_reports_jboysen,"Other metal, woodworking, and special material machinery, unspecified",Unmapped,n/a,"No confident IOGP rule match for 'Other metal, woodworking, and special material machinery, unspecified' in SourceTitle"
severe_injury_reports_jboysen,"Other special process machinery, unspecified",Unmapped,n/a,"No confident IOGP rule match for 'Other special process machinery, unspecified' in SourceTitle"
severe_injury_reports_jboysen,"Other structural elements, unspecified",Unmapped,n/a,"No confident IOGP rule match for 'Other structural elements, unspecified' in SourceTitle"
severe_injury_reports_jboysen,"Overhead hoists, n.e.c.",Unmapped,n/a,"No confident IOGP rule match for 'Overhead hoists, n.e.c.' in SourceTitle"
severe_injury_reports_jboysen,"Overhead hoists, unspecified",Unmapped,n/a,"No confident IOGP rule match for 'Overhead hoists, unspecified' in SourceTitle"
severe_injury_reports_jboysen,Overhead hoists-electric powered,Unmapped,n/a,No confident IOGP rule match for 'Overhead hoists-electric powered' in SourceTitle
severe_injury_reports_jboysen,Overhead hoists-pneumatic powered,Unmapped,n/a,No confident IOGP rule match for 'Overhead hoists-pneumatic powered' in SourceTitle
severe_injury_reports_jboysen,"Oxygen and oxygen compounds, n.e.c.",Unmapped,n/a,"No confident IOGP rule match for 'Oxygen and oxygen compounds, n.e.c.' in SourceTitle"
severe_injury_reports_jboysen,Oxygen tanks and cylinders,Unmapped,n/a,No confident IOGP rule match for 'Oxygen tanks and cylinders' in SourceTitle
severe_injury_reports_jboysen,"Packages, parcels",Unmapped,n/a,"No confident IOGP rule match for 'Packages, parcels' in SourceTitle"
severe_injury_reports_jboysen,"Packaging, bottling, wrapping machinery, n.e.c.",Unmapped,n/a,"No confident IOGP rule match for 'Packaging, bottling, wrapping machinery, n.e.c.' in SourceTitle"
severe_injury_reports_jboysen,"Packaging, bottling, wrapping machinery, unspecified",Unmapped,n/a,"No confident IOGP rule match for 'Packaging, bottling, wrapping machinery, unspecified' in SourceTitle"
severe_injury_reports_jboysen,"Packaging, wrapping, bundling machinery",Unmapped,n/a,"No confident IOGP rule match for 'Packaging, wrapping, bundling machinery' in SourceTitle"
severe_injury_reports_jboysen,Paint,Unmapped,n/a,No confident IOGP rule match for 'Paint' in SourceTitle
severe_injury_reports_jboysen,Paint mixing machinery,Unmapped,n/a,No confident IOGP rule match for 'Paint mixing machinery' in SourceTitle
severe_injury_reports_jboysen,"Paint, lacquer, shellac, varnish, n.e.c.",Unmapped,n/a,"No confident IOGP rule match for 'Paint, lacquer, shellac, varnish, n.e.c.' in SourceTitle"
severe_injury_reports_jboysen,"Paint, lacquer, shellac, varnish, unspecified",Unmapped,n/a,"No confident IOGP rule match for 'Paint, lacquer, shellac, varnish, unspecified' in SourceTitle"
severe_injury_reports_jboysen,"Painting, priming, metal coating machinery",Unmapped,n/a,"No confident IOGP rule match for 'Painting, priming, metal coating machinery' in SourceTitle"
severe_injury_reports_jboysen,Pallet jack-nonpowered,Unmapped,n/a,No confident IOGP rule match for 'Pallet jack-nonpowered' in SourceTitle
severe_injury_reports_jboysen,Pallet jack-powered,Unmapped,n/a,No confident IOGP rule match for 'Pallet jack-powered' in SourceTitle
severe_injury_reports_jboysen,"Paper production machinery, n.e.c.",Unmapped,n/a,"No confident IOGP rule match for 'Paper production machinery, n.e.c.' in SourceTitle"
severe_injury_reports_jboysen,"Paper production machinery, unspecified",Unmapped,n/a,"No confident IOGP rule match for 'Paper production machinery, unspecified' in SourceTitle"
severe_injury_reports_jboysen,"Paper, books, magazines, n.e.c.",Unmapped,n/a,"No confident IOGP rule match for 'Paper, books, magazines, n.e.c.' in SourceTitle"
severe_injury_reports_jboysen,"Paper, books, magazines, unspecified",Unmapped,n/a,"No confident IOGP rule match for 'Paper, books, magazines, unspecified' in SourceTitle"
severe_injury_reports_jboysen,"Paper, sheets",Unmapped,n/a,"No confident IOGP rule match for 'Paper, sheets' in SourceTitle"
severe_injury_reports_jboysen,Parachute,Unmapped,n/a,No confident IOGP rule match for 'Parachute' in SourceTitle
severe_injury_reports_jboysen,"Parking lot, unspecified",Unmapped,n/a,"No confident IOGP rule match for 'Parking lot, unspecified' in SourceTitle"
severe_injury_reports_jboysen,Parking lot-paved,Unmapped,n/a,No confident IOGP rule match for 'Parking lot-paved' in SourceTitle
severe_injury_reports_jboysen,Parking lot-unpaved,Unmapped,n/a,No confident IOGP rule match for 'Parking lot-unpaved' in SourceTitle
severe_injury_reports_jboysen,"Parts and materials, n.e.c.",Unmapped,n/a,"No confident IOGP rule match for 'Parts and materials, n.e.c.' in SourceTitle"
severe_injury_reports_jboysen,"Parts and materials, unspecified",Unmapped,n/a,"No confident IOGP rule match for 'Parts and materials, unspecified' in SourceTitle"
severe_injury_reports_jboysen,Passenger van,Unmapped,n/a,No confident IOGP rule match for 'Passenger van' in SourceTitle
severe_injury_reports_jboysen,"Passenger vehicle, unspecified",Unmapped,n/a,"No confident IOGP rule match for 'Passenger vehicle, unspecified' in SourceTitle"
severe_injury_reports_jboysen,Patient,Unmapped,n/a,No confident IOGP rule match for 'Patient' in SourceTitle
severe_injury_reports_jboysen,"Patient hoists, lifting harnesses",Unmapped,n/a,"No confident IOGP rule match for 'Patient hoists, lifting harnesses' in SourceTitle"
severe_injury_reports_jboysen,"Paving asphalt, asphaltic cement",Unmapped,n/a,"No confident IOGP rule match for 'Paving asphalt, asphaltic cement' in SourceTitle"
severe_injury_reports_jboysen,Pens and pencils,Unmapped,n/a,No confident IOGP rule match for 'Pens and pencils' in SourceTitle
severe_injury_reports_jboysen,"Person, other than injured or ill worker, n.e.c.",Unmapped,n/a,"No confident IOGP rule match for 'Person, other than injured or ill worker, n.e.c.' in SourceTitle"
severe_injury_reports_jboysen,"Person, other than injured or ill worker, unspecified",Unmapped,n/a,"No confident IOGP rule match for 'Person, other than injured or ill worker, unspecified' in SourceTitle"
severe_injury_reports_jboysen,"Person-injured or ill worker, n.e.c.",Unmapped,n/a,"No confident IOGP rule match for 'Person-injured or ill worker, n.e.c.' in SourceTitle"
severe_injury_reports_jboysen,"Person-injured or ill worker, unspecified",Unmapped,n/a,"No confident IOGP rule match for 'Person-injured or ill worker, unspecified' in SourceTitle"
severe_injury_reports_jboysen,"Pesticides and other agricultural chemicals, unspecified",Unmapped,n/a,"No confident IOGP rule match for 'Pesticides and other agricultural chemicals, unspecified' in SourceTitle"
severe_injury_reports_jboysen,"Petroleum fuels, distillates, and products, n.e.c.",Unmapped,n/a,"No confident IOGP rule match for 'Petroleum fuels, distillates, and products, n.e.c.' in SourceTitle"
severe_injury_reports_jboysen,"Petroleum fuels, distillates, and products, unspecified",Unmapped,n/a,"No confident IOGP rule match for 'Petroleum fuels, distillates, and products, unspecified' in SourceTitle"
severe_injury_reports_jboysen,"Petroleum, crude oil",Unmapped,n/a,"No confident IOGP rule match for 'Petroleum, crude oil' in SourceTitle"
severe_injury_reports_jboysen,Phenol,Unmapped,n/a,No confident IOGP rule match for 'Phenol' in SourceTitle
severe_injury_reports_jboysen,Phosgene,Unmapped,n/a,No confident IOGP rule match for 'Phosgene' in SourceTitle
severe_injury_reports_jboysen,"Picking, carding, combing machinery",Unmapped,n/a,"No confident IOGP rule match for 'Picking, carding, combing machinery' in SourceTitle"
severe_injury_reports_jboysen,Picks,Unmapped,n/a,No confident IOGP rule match for 'Picks' in SourceTitle
severe_injury_reports_jboysen,Pickup truck,Unmapped,n/a,No confident IOGP rule match for 'Pickup truck' in SourceTitle
severe_injury_reports_jboysen,"Piers, wharfs",Unmapped,n/a,"No confident IOGP rule match for 'Piers, wharfs' in SourceTitle"
severe_injury_reports_jboysen,"Pile drivers, tamping machinery",Unmapped,n/a,"No confident IOGP rule match for 'Pile drivers, tamping machinery' in SourceTitle"
severe_injury_reports_jboysen,"Pipe fittings, collars",Unmapped,n/a,"No confident IOGP rule match for 'Pipe fittings, collars' in SourceTitle"
severe_injury_reports_jboysen,"Pipes, ducts, tubing, n.e.c.",Unmapped,n/a,"No confident IOGP rule match for 'Pipes, ducts, tubing, n.e.c.' in SourceTitle"
severe_injury_reports_jboysen,"Pipes, ducts, tubing, unspecified",Unmapped,n/a,"No confident IOGP rule match for 'Pipes, ducts, tubing, unspecified' in SourceTitle"
severe_injury_reports_jboysen,Planing mills,Unmapped,n/a,No confident IOGP rule match for 'Planing mills' in SourceTitle
severe_injury_reports_jboysen,"Plant and industrial vehicle-nonpowered, n.e.c",Unmapped,n/a,"No confident IOGP rule match for 'Plant and industrial vehicle-nonpowered, n.e.c' in SourceTitle"
severe_injury_reports_jboysen,"Plants, trees, vegetation, unspecified",Unmapped,n/a,"No confident IOGP rule match for 'Plants, trees, vegetation, unspecified' in SourceTitle"
severe_injury_reports_jboysen,"Plastic chips, particles",Unmapped,n/a,"No confident IOGP rule match for 'Plastic chips, particles' in SourceTitle"
severe_injury_reports_jboysen,Plastic injection molding machinery,Unmapped,n/a,No confident IOGP rule match for 'Plastic injection molding machinery' in SourceTitle
severe_injury_reports_jboysen,"Plastic, PVC, or rubber pipes and tubing",Unmapped,n/a,"No confident IOGP rule match for 'Plastic, PVC, or rubber pipes and tubing' in SourceTitle"
severe_injury_reports_jboysen,"Plastics, resins, n.e.c.",Unmapped,n/a,"No confident IOGP rule match for 'Plastics, resins, n.e.c.' in SourceTitle"
severe_injury_reports_jboysen,"Plastics, resins, unspecified",Unmapped,n/a,"No confident IOGP rule match for 'Plastics, resins, unspecified' in SourceTitle"
severe_injury_reports_jboysen,Playground equipment,Unmapped,n/a,No confident IOGP rule match for 'Playground equipment' in SourceTitle
severe_injury_reports_jboysen,"Pliers, tongs",Unmapped,n/a,"No confident IOGP rule match for 'Pliers, tongs' in SourceTitle"
severe_injury_reports_jboysen,"Plowing, planting, and fertilizing machinery, n.e.c.",Unmapped,n/a,"No confident IOGP rule match for 'Plowing, planting, and fertilizing machinery, n.e.c.' in SourceTitle"
severe_injury_reports_jboysen,"Plywood, wood paneling; particle, chip, flake board",Unmapped,n/a,"No confident IOGP rule match for 'Plywood, wood paneling; particle, chip, flake board' in SourceTitle"
severe_injury_reports_jboysen,Pools,Unmapped,n/a,No confident IOGP rule match for 'Pools' in SourceTitle
severe_injury_reports_jboysen,Poor indoor air quality,Unmapped,n/a,No confident IOGP rule match for 'Poor indoor air quality' in SourceTitle
severe_injury_reports_jboysen,"Porches, balconies, decks, patios",Unmapped,n/a,"No confident IOGP rule match for 'Porches, balconies, decks, patios' in SourceTitle"
severe_injury_reports_jboysen,"Posts, bollards, moorings",Unmapped,n/a,"No confident IOGP rule match for 'Posts, bollards, moorings' in SourceTitle"
severe_injury_reports_jboysen,"Pots, pans, trays",Unmapped,n/a,"No confident IOGP rule match for 'Pots, pans, trays' in SourceTitle"
severe_injury_reports_jboysen,"Power cords, electrical cords, extension cords",Unmapped,n/a,"No confident IOGP rule match for 'Power cords, electrical cords, extension cords' in SourceTitle"
severe_injury_reports_jboysen,"Power lines, transformers, convertors",Unmapped,n/a,"No confident IOGP rule match for 'Power lines, transformers, convertors' in SourceTitle"
severe_injury_reports_jboysen,Power take-off (PTO),Unmapped,n/a,No confident IOGP rule match for 'Power take-off (PTO)' in SourceTitle
severe_injury_reports_jboysen,Power washers,Unmapped,n/a,No confident IOGP rule match for 'Power washers' in SourceTitle
severe_injury_reports_jboysen,Powered industrial carrier,Unmapped,n/a,No confident IOGP rule match for 'Powered industrial carrier' in SourceTitle
severe_injury_reports_jboysen,"Presses, except printing, n.e.c.",Unmapped,n/a,"No confident IOGP rule match for 'Presses, except printing, n.e.c.' in SourceTitle"
severe_injury_reports_jboysen,"Presses, except printing, unspecified",Unmapped,n/a,"No confident IOGP rule match for 'Presses, except printing, unspecified' in SourceTitle"
severe_injury_reports_jboysen,Presses-printing,Unmapped,n/a,No confident IOGP rule match for 'Presses-printing' in SourceTitle
severe_injury_reports_jboysen,Pressure fluid cutting machinery,Unmapped,n/a,No confident IOGP rule match for 'Pressure fluid cutting machinery' in SourceTitle
severe_injury_reports_jboysen,"Pressure lines, except hoses",Unmapped,n/a,"No confident IOGP rule match for 'Pressure lines, except hoses' in SourceTitle"
severe_injury_reports_jboysen,Pressurized air-blast,Unmapped,n/a,No confident IOGP rule match for 'Pressurized air-blast' in SourceTitle
severe_injury_reports_jboysen,Pressurized air-environmental,Unmapped,n/a,No confident IOGP rule match for 'Pressurized air-environmental' in SourceTitle
severe_injury_reports_jboysen,Pressurized water-blast,Unmapped,n/a,No confident IOGP rule match for 'Pressurized water-blast' in SourceTitle
severe_injury_reports_jboysen,Printers and plotters-computer,Unmapped,n/a,No confident IOGP rule match for 'Printers and plotters-computer' in SourceTitle
severe_injury_reports_jboysen,"Printing machinery and equipment, n.e.c.",Unmapped,n/a,"No confident IOGP rule match for 'Printing machinery and equipment, n.e.c.' in SourceTitle"
severe_injury_reports_jboysen,"Printing machinery and equipment, unspecified",Unmapped,n/a,"No confident IOGP rule match for 'Printing machinery and equipment, unspecified' in SourceTitle"
severe_injury_reports_jboysen,"Prisons, jails",Unmapped,n/a,"No confident IOGP rule match for 'Prisons, jails' in SourceTitle"
severe_injury_reports_jboysen,"Product assembly machinery, n.e.c.",Unmapped,n/a,"No confident IOGP rule match for 'Product assembly machinery, n.e.c.' in SourceTitle"
severe_injury_reports_jboysen,Product labeling machinery,Unmapped,n/a,No confident IOGP rule match for 'Product labeling machinery' in SourceTitle
severe_injury_reports_jboysen,"Product testing, inspecting, and diagnostic machinery, n.e.c.",Unmapped,n/a,"No confident IOGP rule match for 'Product testing, inspecting, and diagnostic machinery, n.e.c.' in SourceTitle"
severe_injury_reports_jboysen,Propane,Unmapped,n/a,No confident IOGP rule match for 'Propane' in SourceTitle
severe_injury_reports_jboysen,Propane tanks and cylinders,Unmapped,n/a,No confident IOGP rule match for 'Propane tanks and cylinders' in SourceTitle
severe_injury_reports_jboysen,Pumps,Unmapped,n/a,No confident IOGP rule match for 'Pumps' in SourceTitle
severe_injury_reports_jboysen,Punch presses,Unmapped,n/a,No confident IOGP rule match for 'Punch presses' in SourceTitle
severe_injury_reports_jboysen,Punches-power not determined,Unmapped,n/a,No confident IOGP rule match for 'Punches-power not determined' in SourceTitle
severe_injury_reports_jboysen,Punches-powered,Unmapped,n/a,No confident IOGP rule match for 'Punches-powered' in SourceTitle
severe_injury_reports_jboysen,Push-pull rams-powered,Unmapped,n/a,No confident IOGP rule match for 'Push-pull rams-powered' in SourceTitle
severe_injury_reports_jboysen,"Pyrotechnics, fireworks",Unmapped,n/a,"No confident IOGP rule match for 'Pyrotechnics, fireworks' in SourceTitle"
severe_injury_reports_jboysen,Racks-garment and other,Unmapped,n/a,No confident IOGP rule match for 'Racks-garment and other' in SourceTitle
severe_injury_reports_jboysen,Radiator-vehicle,Unmapped,n/a,No confident IOGP rule match for 'Radiator-vehicle' in SourceTitle
severe_injury_reports_jboysen,"Raft, floating dock",Unmapped,n/a,"No confident IOGP rule match for 'Raft, floating dock' in SourceTitle"
severe_injury_reports_jboysen,Rail car(s)-unattached to locomotive,Unmapped,n/a,No confident IOGP rule match for 'Rail car(s)-unattached to locomotive' in SourceTitle
severe_injury_reports_jboysen,"Rail vehicle, unspecified",Unmapped,n/a,"No confident IOGP rule match for 'Rail vehicle, unspecified' in SourceTitle"
severe_injury_reports_jboysen,Railroad tracks,Unmapped,n/a,No confident IOGP rule match for 'Railroad tracks' in SourceTitle
severe_injury_reports_jboysen,Rails-unattached metal,Unmapped,n/a,No confident IOGP rule match for 'Rails-unattached metal' in SourceTitle
severe_injury_reports_jboysen,"Raised natural structures, hills, mountains, n.e.c.",Unmapped,n/a,"No confident IOGP rule match for 'Raised natural structures, hills, mountains, n.e.c.' in SourceTitle"
severe_injury_reports_jboysen,"Raised natural structures, hills, mountains, unspecified",Unmapped,n/a,"No confident IOGP rule match for 'Raised natural structures, hills, mountains, unspecified' in SourceTitle"
severe_injury_reports_jboysen,"Ramps, loading docks, dock plates",Unmapped,n/a,"No confident IOGP rule match for 'Ramps, loading docks, dock plates' in SourceTitle"
severe_injury_reports_jboysen,"Ranges, cooking ovens, grills, toasters, food warmers",Unmapped,n/a,"No confident IOGP rule match for 'Ranges, cooking ovens, grills, toasters, food warmers' in SourceTitle"
severe_injury_reports_jboysen,Reaming machines,Unmapped,n/a,No confident IOGP rule match for 'Reaming machines' in SourceTitle
severe_injury_reports_jboysen,"Recreation and athletic equipment, n.e.c.",Unmapped,n/a,"No confident IOGP rule match for 'Recreation and athletic equipment, n.e.c.' in SourceTitle"
severe_injury_reports_jboysen,"Reels, rolls, spools, coils, cones",Unmapped,n/a,"No confident IOGP rule match for 'Reels, rolls, spools, coils, cones' in SourceTitle"
severe_injury_reports_jboysen,"Refrigerators, freezers, ice makers",Unmapped,n/a,"No confident IOGP rule match for 'Refrigerators, freezers, ice makers' in SourceTitle"
severe_injury_reports_jboysen,"Relays, rheostats, starters, controls",Unmapped,n/a,"No confident IOGP rule match for 'Relays, rheostats, starters, controls' in SourceTitle"
severe_injury_reports_jboysen,"Reptiles, unspecified",Unmapped,n/a,"No confident IOGP rule match for 'Reptiles, unspecified' in SourceTitle"
severe_injury_reports_jboysen,"Residential building, except institutionalized, n.e.c.",Unmapped,n/a,"No confident IOGP rule match for 'Residential building, except institutionalized, n.e.c.' in SourceTitle"
severe_injury_reports_jboysen,"Residential building, except institutionalized, unspecified",Unmapped,n/a,"No confident IOGP rule match for 'Residential building, except institutionalized, unspecified' in SourceTitle"
severe_injury_reports_jboysen,Resins,Unmapped,n/a,No confident IOGP rule match for 'Resins' in SourceTitle
severe_injury_reports_jboysen,Riding equipment,Unmapped,n/a,No confident IOGP rule match for 'Riding equipment' in SourceTitle
severe_injury_reports_jboysen,"Road grading and surfacing machinery, n.e.c.",Unmapped,n/a,"No confident IOGP rule match for 'Road grading and surfacing machinery, n.e.c.' in SourceTitle"
severe_injury_reports_jboysen,"Road grading and surfacing machinery, unspecified",Unmapped,n/a,"No confident IOGP rule match for 'Road grading and surfacing machinery, unspecified' in SourceTitle"
severe_injury_reports_jboysen,Road linemarking and striping machinery,Unmapped,n/a,No confident IOGP rule match for 'Road linemarking and striping machinery' in SourceTitle
severe_injury_reports_jboysen,Road signs,Unmapped,n/a,No confident IOGP rule match for 'Road signs' in SourceTitle
severe_injury_reports_jboysen,Robber,Unmapped,n/a,No confident IOGP rule match for 'Robber' in SourceTitle
severe_injury_reports_jboysen,"Rocks, crushed stone",Unmapped,n/a,"No confident IOGP rule match for 'Rocks, crushed stone' in SourceTitle"
severe_injury_reports_jboysen,Rodents,Unmapped,n/a,No confident IOGP rule match for 'Rodents' in SourceTitle
severe_injury_reports_jboysen,Rollers,Unmapped,n/a,No confident IOGP rule match for 'Rollers' in SourceTitle
severe_injury_reports_jboysen,"Rollers, compactors-construction",Unmapped,n/a,"No confident IOGP rule match for 'Rollers, compactors-construction' in SourceTitle"
severe_injury_reports_jboysen,"Rolling mills, rolling, calendering machinery",Unmapped,n/a,"No confident IOGP rule match for 'Rolling mills, rolling, calendering machinery' in SourceTitle"
severe_injury_reports_jboysen,Roof edges,Unmapped,n/a,No confident IOGP rule match for 'Roof edges' in SourceTitle
severe_injury_reports_jboysen,Roof surfaces other than roof edge,Unmapped,n/a,No confident IOGP rule match for 'Roof surfaces other than roof edge' in SourceTitle
severe_injury_reports_jboysen,"Roof trusses, joists",Unmapped,n/a,"No confident IOGP rule match for 'Roof trusses, joists' in SourceTitle"
severe_injury_reports_jboysen,"Roofing asphalt, roofing tar",Unmapped,n/a,"No confident IOGP rule match for 'Roofing asphalt, roofing tar' in SourceTitle"
severe_injury_reports_jboysen,"Roofs, n.e.c.",Unmapped,n/a,"No confident IOGP rule match for 'Roofs, n.e.c.' in SourceTitle"
severe_injury_reports_jboysen,"Roofs, unspecified",Unmapped,n/a,"No confident IOGP rule match for 'Roofs, unspecified' in SourceTitle"
severe_injury_reports_jboysen,"Rope, twine, string",Unmapped,n/a,"No confident IOGP rule match for 'Rope, twine, string' in SourceTitle"
severe_injury_reports_jboysen,"Ropes, ties, chains, n.e.c.",Unmapped,n/a,"No confident IOGP rule match for 'Ropes, ties, chains, n.e.c.' in SourceTitle"
severe_injury_reports_jboysen,"Ropes, ties, chains, unspecified",Unmapped,n/a,"No confident IOGP rule match for 'Ropes, ties, chains, unspecified' in SourceTitle"
severe_injury_reports_jboysen,Routers and molders-powered,Unmapped,n/a,No confident IOGP rule match for 'Routers and molders-powered' in SourceTitle
severe_injury_reports_jboysen,"Sand, gravel",Unmapped,n/a,"No confident IOGP rule match for 'Sand, gravel' in SourceTitle"
severe_injury_reports_jboysen,Sandblasters-powered,Unmapped,n/a,No confident IOGP rule match for 'Sandblasters-powered' in SourceTitle
severe_injury_reports_jboysen,Sanders-powered,Unmapped,n/a,No confident IOGP rule match for 'Sanders-powered' in SourceTitle
severe_injury_reports_jboysen,Saw blades-unattached,Unmapped,n/a,No confident IOGP rule match for 'Saw blades-unattached' in SourceTitle
severe_injury_reports_jboysen,"Sawing machinery-stationary, n.e.c.",Unmapped,n/a,"No confident IOGP rule match for 'Sawing machinery-stationary, n.e.c.' in SourceTitle"
severe_injury_reports_jboysen,"Sawing machinery-stationary, unspecified",Unmapped,n/a,"No confident IOGP rule match for 'Sawing machinery-stationary, unspecified' in SourceTitle"
severe_injury_reports_jboysen,Saws-nonpowered,Unmapped,n/a,No confident IOGP rule match for 'Saws-nonpowered' in SourceTitle
severe_injury_reports_jboysen,Saws-power not determined,Unmapped,n/a,No confident IOGP rule match for 'Saws-power not determined' in SourceTitle
severe_injury_reports_jboysen,"Saws-powered, except chainsaws",Unmapped,n/a,"No confident IOGP rule match for 'Saws-powered, except chainsaws' in SourceTitle"
severe_injury_reports_jboysen,Scaffolds-improvised staging,Unmapped,n/a,No confident IOGP rule match for 'Scaffolds-improvised staging' in SourceTitle
severe_injury_reports_jboysen,Scaffolds-self-supporting staging,Unmapped,n/a,No confident IOGP rule match for 'Scaffolds-self-supporting staging' in SourceTitle
severe_injury_reports_jboysen,Scaffolds-staging supported by structure or other means,Unmapped,n/a,No confident IOGP rule match for 'Scaffolds-staging supported by structure or other means' in SourceTitle
severe_injury_reports_jboysen,"Scaffolds-staging, n.e.c.",Unmapped,n/a,"No confident IOGP rule match for 'Scaffolds-staging, n.e.c.' in SourceTitle"
severe_injury_reports_jboysen,"Scaffolds-staging, unspecified",Unmapped,n/a,"No confident IOGP rule match for 'Scaffolds-staging, unspecified' in SourceTitle"
severe_injury_reports_jboysen,Scaffolds-suspended staging,Unmapped,n/a,No confident IOGP rule match for 'Scaffolds-suspended staging' in SourceTitle
severe_injury_reports_jboysen,Scales,Unmapped,n/a,No confident IOGP rule match for 'Scales' in SourceTitle
severe_injury_reports_jboysen,"Scissors, snips, shears-nonpowered",Unmapped,n/a,"No confident IOGP rule match for 'Scissors, snips, shears-nonpowered' in SourceTitle"
severe_injury_reports_jboysen,Scrap metal,Unmapped,n/a,No confident IOGP rule match for 'Scrap metal' in SourceTitle
severe_injury_reports_jboysen,"Scrap, waste, debris, n.e.c.",Unmapped,n/a,"No confident IOGP rule match for 'Scrap, waste, debris, n.e.c.' in SourceTitle"
severe_injury_reports_jboysen,"Scrap, waste, debris, unspecified",Unmapped,n/a,"No confident IOGP rule match for 'Scrap, waste, debris, unspecified' in SourceTitle"
severe_injury_reports_jboysen,Scrapers-nonpowered,Unmapped,n/a,No confident IOGP rule match for 'Scrapers-nonpowered' in SourceTitle
severe_injury_reports_jboysen,Screwdrivers-nonpowered,Unmapped,n/a,No confident IOGP rule match for 'Screwdrivers-nonpowered' in SourceTitle
severe_injury_reports_jboysen,Screwdrivers-power not determined,Unmapped,n/a,No confident IOGP rule match for 'Screwdrivers-power not determined' in SourceTitle
severe_injury_reports_jboysen,Screwdrivers-powered,Unmapped,n/a,No confident IOGP rule match for 'Screwdrivers-powered' in SourceTitle
severe_injury_reports_jboysen,Screws,Unmapped,n/a,No confident IOGP rule match for 'Screws' in SourceTitle
severe_injury_reports_jboysen,Scrubbers-powered,Unmapped,n/a,No confident IOGP rule match for 'Scrubbers-powered' in SourceTitle
severe_injury_reports_jboysen,"Sealants, waterproofers, n.e.c.",Unmapped,n/a,"No confident IOGP rule match for 'Sealants, waterproofers, n.e.c.' in SourceTitle"
severe_injury_reports_jboysen,"Sealing, stapling machinery",Unmapped,n/a,"No confident IOGP rule match for 'Sealing, stapling machinery' in SourceTitle"
severe_injury_reports_jboysen,Seed planting machinery,Unmapped,n/a,No confident IOGP rule match for 'Seed planting machinery' in SourceTitle
severe_injury_reports_jboysen,"Semi, tractor-trailer, tanker truck",Unmapped,n/a,"No confident IOGP rule match for 'Semi, tractor-trailer, tanker truck' in SourceTitle"
severe_injury_reports_jboysen,Sewer gas,Unmapped,n/a,No confident IOGP rule match for 'Sewer gas' in SourceTitle
severe_injury_reports_jboysen,"Sewers, manholes, storm drains",Unmapped,n/a,"No confident IOGP rule match for 'Sewers, manholes, storm drains' in SourceTitle"
severe_injury_reports_jboysen,Shearing machines,Unmapped,n/a,No confident IOGP rule match for 'Shearing machines' in SourceTitle
severe_injury_reports_jboysen,Sheet metal,Unmapped,n/a,No confident IOGP rule match for 'Sheet metal' in SourceTitle
severe_injury_reports_jboysen,"Sheets, towels, linens, bedding",Unmapped,n/a,"No confident IOGP rule match for 'Sheets, towels, linens, bedding' in SourceTitle"
severe_injury_reports_jboysen,"Shelves, shelving",Unmapped,n/a,"No confident IOGP rule match for 'Shelves, shelving' in SourceTitle"
severe_injury_reports_jboysen,"Shoes, boots, slippers, sandals",Unmapped,n/a,"No confident IOGP rule match for 'Shoes, boots, slippers, sandals' in SourceTitle"
severe_injury_reports_jboysen,"Shopping cart, grocery carriage-nonpowered",Unmapped,n/a,"No confident IOGP rule match for 'Shopping cart, grocery carriage-nonpowered' in SourceTitle"
severe_injury_reports_jboysen,Shovels,Unmapped,n/a,No confident IOGP rule match for 'Shovels' in SourceTitle
severe_injury_reports_jboysen,Shredders,Unmapped,n/a,No confident IOGP rule match for 'Shredders' in SourceTitle
severe_injury_reports_jboysen,"Shrubs, grasses",Unmapped,n/a,"No confident IOGP rule match for 'Shrubs, grasses' in SourceTitle"
severe_injury_reports_jboysen,"Sidewalk, path, or outdoor walkway irregularity",Unmapped,n/a,"No confident IOGP rule match for 'Sidewalk, path, or outdoor walkway irregularity' in SourceTitle"
severe_injury_reports_jboysen,"Sidewalk, path, outdoor walkway-paved",Unmapped,n/a,"No confident IOGP rule match for 'Sidewalk, path, outdoor walkway-paved' in SourceTitle"
severe_injury_reports_jboysen,"Sidewalk, path, outdoor walkway-unpaved",Unmapped,n/a,"No confident IOGP rule match for 'Sidewalk, path, outdoor walkway-unpaved' in SourceTitle"
severe_injury_reports_jboysen,"Sidewalks, paths, outdoor walkways, unspecified",Unmapped,n/a,"No confident IOGP rule match for 'Sidewalks, paths, outdoor walkways, unspecified' in SourceTitle"
severe_injury_reports_jboysen,"Siding-aluminum, vinyl",Unmapped,n/a,"No confident IOGP rule match for 'Siding-aluminum, vinyl' in SourceTitle"
severe_injury_reports_jboysen,Silo exterior,Unmapped,n/a,No confident IOGP rule match for 'Silo exterior' in SourceTitle
severe_injury_reports_jboysen,Sinks,Unmapped,n/a,No confident IOGP rule match for 'Sinks' in SourceTitle
severe_injury_reports_jboysen,"Ski lifts, gondola rides",Unmapped,n/a,"No confident IOGP rule match for 'Ski lifts, gondola rides' in SourceTitle"
severe_injury_reports_jboysen,"Skid steer loaders, mini loaders",Unmapped,n/a,"No confident IOGP rule match for 'Skid steer loaders, mini loaders' in SourceTitle"
severe_injury_reports_jboysen,"Skids, pallets",Unmapped,n/a,"No confident IOGP rule match for 'Skids, pallets' in SourceTitle"
severe_injury_reports_jboysen,Skylights,Unmapped,n/a,No confident IOGP rule match for 'Skylights' in SourceTitle
severe_injury_reports_jboysen,"Sledges, sledgehammers",Unmapped,n/a,"No confident IOGP rule match for 'Sledges, sledgehammers' in SourceTitle"
severe_injury_reports_jboysen,Slings,Unmapped,n/a,No confident IOGP rule match for 'Slings' in SourceTitle
severe_injury_reports_jboysen,"Slitters, winders-paper production",Unmapped,n/a,"No confident IOGP rule match for 'Slitters, winders-paper production' in SourceTitle"
severe_injury_reports_jboysen,"Smoke, fire gases, n.e.c.",Unmapped,n/a,"No confident IOGP rule match for 'Smoke, fire gases, n.e.c.' in SourceTitle"
severe_injury_reports_jboysen,Snowblowers,Unmapped,n/a,No confident IOGP rule match for 'Snowblowers' in SourceTitle
severe_injury_reports_jboysen,Snowmobile,Unmapped,n/a,No confident IOGP rule match for 'Snowmobile' in SourceTitle
severe_injury_reports_jboysen,"Sodium and potassium hydroxide, potassium carbonate",Unmapped,n/a,"No confident IOGP rule match for 'Sodium and potassium hydroxide, potassium carbonate' in SourceTitle"
severe_injury_reports_jboysen,Sofas,Unmapped,n/a,No confident IOGP rule match for 'Sofas' in SourceTitle
severe_injury_reports_jboysen,"Solvents, degreasers, n.e.c.",Unmapped,n/a,"No confident IOGP rule match for 'Solvents, degreasers, n.e.c.' in SourceTitle"
severe_injury_reports_jboysen,"Solvents, degreasers, unspecified",Unmapped,n/a,"No confident IOGP rule match for 'Solvents, degreasers, unspecified' in SourceTitle"
severe_injury_reports_jboysen,"Soups, sauces, gravies",Unmapped,n/a,"No confident IOGP rule match for 'Soups, sauces, gravies' in SourceTitle"
severe_injury_reports_jboysen,"Source, n.e.c.",Unmapped,n/a,"No confident IOGP rule match for 'Source, n.e.c.' in SourceTitle"
severe_injury_reports_jboysen,"Special process machinery, n.e.c.",Unmapped,n/a,"No confident IOGP rule match for 'Special process machinery, n.e.c.' in SourceTitle"
severe_injury_reports_jboysen,"Special process machinery, unspecified",Unmapped,n/a,"No confident IOGP rule match for 'Special process machinery, unspecified' in SourceTitle"
severe_injury_reports_jboysen,"Spiders, scorpions",Unmapped,n/a,"No confident IOGP rule match for 'Spiders, scorpions' in SourceTitle"
severe_injury_reports_jboysen,Spinning machinery,Unmapped,n/a,No confident IOGP rule match for 'Spinning machinery' in SourceTitle
severe_injury_reports_jboysen,"Spray, paint booths",Unmapped,n/a,"No confident IOGP rule match for 'Spray, paint booths' in SourceTitle"
severe_injury_reports_jboysen,"Sprayers, air guns-paint",Unmapped,n/a,"No confident IOGP rule match for 'Sprayers, air guns-paint' in SourceTitle"
severe_injury_reports_jboysen,Spraying and dusting machinery-agricultural,Unmapped,n/a,No confident IOGP rule match for 'Spraying and dusting machinery-agricultural' in SourceTitle
severe_injury_reports_jboysen,Spreading machinery-agricultural,Unmapped,n/a,No confident IOGP rule match for 'Spreading machinery-agricultural' in SourceTitle
severe_injury_reports_jboysen,Stacking machinery,Unmapped,n/a,No confident IOGP rule match for 'Stacking machinery' in SourceTitle
severe_injury_reports_jboysen,"Stairs, steps, unspecified",Unmapped,n/a,"No confident IOGP rule match for 'Stairs, steps, unspecified' in SourceTitle"
severe_injury_reports_jboysen,"Stairs, steps-indoors",Unmapped,n/a,"No confident IOGP rule match for 'Stairs, steps-indoors' in SourceTitle"
severe_injury_reports_jboysen,"Stairs, steps-outdoors",Unmapped,n/a,"No confident IOGP rule match for 'Stairs, steps-outdoors' in SourceTitle"
severe_injury_reports_jboysen,Staples,Unmapped,n/a,No confident IOGP rule match for 'Staples' in SourceTitle
severe_injury_reports_jboysen,Stapling tools-electric or pneumatic,Unmapped,n/a,No confident IOGP rule match for 'Stapling tools-electric or pneumatic' in SourceTitle
severe_injury_reports_jboysen,"Steam, vapors, liquids, ice, n.e.c.",Unmapped,n/a,"No confident IOGP rule match for 'Steam, vapors, liquids, ice, n.e.c.' in SourceTitle"
severe_injury_reports_jboysen,"Steam, vapors, liquids, ice, unspecified",Unmapped,n/a,"No confident IOGP rule match for 'Steam, vapors, liquids, ice, unspecified' in SourceTitle"
severe_injury_reports_jboysen,"Steam, vapors-nonchemical",Unmapped,n/a,"No confident IOGP rule match for 'Steam, vapors-nonchemical' in SourceTitle"
severe_injury_reports_jboysen,Steaming equipment and appliances,Unmapped,n/a,No confident IOGP rule match for 'Steaming equipment and appliances' in SourceTitle
severe_injury_reports_jboysen,Step ladders,Unmapped,n/a,No confident IOGP rule match for 'Step ladders' in SourceTitle
severe_injury_reports_jboysen,"Stone, marble, granite slabs",Unmapped,n/a,"No confident IOGP rule match for 'Stone, marble, granite slabs' in SourceTitle"
severe_injury_reports_jboysen,Straight ladders,Unmapped,n/a,No confident IOGP rule match for 'Straight ladders' in SourceTitle
severe_injury_reports_jboysen,Strapping,Unmapped,n/a,No confident IOGP rule match for 'Strapping' in SourceTitle
severe_injury_reports_jboysen,Street sweeping and cleaning machinery,Unmapped,n/a,No confident IOGP rule match for 'Street sweeping and cleaning machinery' in SourceTitle
severe_injury_reports_jboysen,"Street, road, driveway, unspecified",Unmapped,n/a,"No confident IOGP rule match for 'Street, road, driveway, unspecified' in SourceTitle"
severe_injury_reports_jboysen,"Street, road, driveway-paved",Unmapped,n/a,"No confident IOGP rule match for 'Street, road, driveway-paved' in SourceTitle"
severe_injury_reports_jboysen,"Street, road, driveway-unpaved",Unmapped,n/a,"No confident IOGP rule match for 'Street, road, driveway-unpaved' in SourceTitle"
severe_injury_reports_jboysen,"Street, road, or driveway irregularity",Unmapped,n/a,"No confident IOGP rule match for 'Street, road, or driveway irregularity' in SourceTitle"
severe_injury_reports_jboysen,"Streetcar, trolley, cable car, light rail",Unmapped,n/a,"No confident IOGP rule match for 'Streetcar, trolley, cable car, light rail' in SourceTitle"
severe_injury_reports_jboysen,"Stretchers, backboards, wheeled cots, stair chairs",Unmapped,n/a,"No confident IOGP rule match for 'Stretchers, backboards, wheeled cots, stair chairs' in SourceTitle"
severe_injury_reports_jboysen,"Striking and nailing handtools-nonpowered, n.e.c.",Unmapped,n/a,"No confident IOGP rule match for 'Striking and nailing handtools-nonpowered, n.e.c.' in SourceTitle"
severe_injury_reports_jboysen,"Striking and nailing handtools-powered, n.e.c.",Unmapped,n/a,"No confident IOGP rule match for 'Striking and nailing handtools-powered, n.e.c.' in SourceTitle"
severe_injury_reports_jboysen,"Structural elements, n.e.c.",Unmapped,n/a,"No confident IOGP rule match for 'Structural elements, n.e.c.' in SourceTitle"
severe_injury_reports_jboysen,"Structural hardware, n.e.c.",Unmapped,n/a,"No confident IOGP rule match for 'Structural hardware, n.e.c.' in SourceTitle"
severe_injury_reports_jboysen,"Structural metal materials, n.e.c.",Unmapped,n/a,"No confident IOGP rule match for 'Structural metal materials, n.e.c.' in SourceTitle"
severe_injury_reports_jboysen,"Structural metal materials, unspecified",Unmapped,n/a,"No confident IOGP rule match for 'Structural metal materials, unspecified' in SourceTitle"
severe_injury_reports_jboysen,"Structural stones or slabs, n.e.c.",Unmapped,n/a,"No confident IOGP rule match for 'Structural stones or slabs, n.e.c.' in SourceTitle"
severe_injury_reports_jboysen,"Structures and surfaces, n.e.c.",Unmapped,n/a,"No confident IOGP rule match for 'Structures and surfaces, n.e.c.' in SourceTitle"
severe_injury_reports_jboysen,"Structures and surfaces, unspecified",Unmapped,n/a,"No confident IOGP rule match for 'Structures and surfaces, unspecified' in SourceTitle"
severe_injury_reports_jboysen,"Structures other than buildings, unspecified",Unmapped,n/a,"No confident IOGP rule match for 'Structures other than buildings, unspecified' in SourceTitle"
severe_injury_reports_jboysen,"Structures, n.e.c.",Unmapped,n/a,"No confident IOGP rule match for 'Structures, n.e.c.' in SourceTitle"
severe_injury_reports_jboysen,Styrene,Unmapped,n/a,No confident IOGP rule match for 'Styrene' in SourceTitle
severe_injury_reports_jboysen,"Subway, elevated train",Unmapped,n/a,"No confident IOGP rule match for 'Subway, elevated train' in SourceTitle"
severe_injury_reports_jboysen,"Suitcases, baggage, luggage",Unmapped,n/a,"No confident IOGP rule match for 'Suitcases, baggage, luggage' in SourceTitle"
severe_injury_reports_jboysen,"Suits, coats, jackets",Unmapped,n/a,"No confident IOGP rule match for 'Suits, coats, jackets' in SourceTitle"
severe_injury_reports_jboysen,"Sulfur and sulfur compounds, n.e.c",Unmapped,n/a,"No confident IOGP rule match for 'Sulfur and sulfur compounds, n.e.c' in SourceTitle"
severe_injury_reports_jboysen,"Sulfur and sulfur compounds, unspecified",Unmapped,n/a,"No confident IOGP rule match for 'Sulfur and sulfur compounds, unspecified' in SourceTitle"
severe_injury_reports_jboysen,Sulfur dioxide,Unmapped,n/a,No confident IOGP rule match for 'Sulfur dioxide' in SourceTitle
severe_injury_reports_jboysen,Sulfuric acid,Unmapped,n/a,No confident IOGP rule match for 'Sulfuric acid' in SourceTitle
severe_injury_reports_jboysen,Sun,Unmapped,n/a,No confident IOGP rule match for 'Sun' in SourceTitle
severe_injury_reports_jboysen,"Surfacing handtools-nonpowered, n.e.c.",Unmapped,n/a,"No confident IOGP rule match for 'Surfacing handtools-nonpowered, n.e.c.' in SourceTitle"
severe_injury_reports_jboysen,Suspect not yet apprehended,Unmapped,n/a,No confident IOGP rule match for 'Suspect not yet apprehended' in SourceTitle
severe_injury_reports_jboysen,"SUV, sports utility vehicle",Unmapped,n/a,"No confident IOGP rule match for 'SUV, sports utility vehicle' in SourceTitle"
severe_injury_reports_jboysen,Swine and other porcines,Unmapped,n/a,No confident IOGP rule match for 'Swine and other porcines' in SourceTitle
severe_injury_reports_jboysen,"Switchboards, switches, fuses",Unmapped,n/a,"No confident IOGP rule match for 'Switchboards, switches, fuses' in SourceTitle"
severe_injury_reports_jboysen,Table saws,Unmapped,n/a,No confident IOGP rule match for 'Table saws' in SourceTitle
severe_injury_reports_jboysen,"Tables, worktables",Unmapped,n/a,"No confident IOGP rule match for 'Tables, worktables' in SourceTitle"
severe_injury_reports_jboysen,Tailgates,Unmapped,n/a,No confident IOGP rule match for 'Tailgates' in SourceTitle
severe_injury_reports_jboysen,Tank,Unmapped,n/a,No confident IOGP rule match for 'Tank' in SourceTitle
severe_injury_reports_jboysen,"Tank, bin, vat interiors, unspecified",Unmapped,n/a,"No confident IOGP rule match for 'Tank, bin, vat interiors, unspecified' in SourceTitle"
severe_injury_reports_jboysen,"Tanks, bins, vats-nonconfined space",Unmapped,n/a,"No confident IOGP rule match for 'Tanks, bins, vats-nonconfined space' in SourceTitle"
severe_injury_reports_jboysen,"Tarps, plastic or fabric sheeting",Unmapped,n/a,"No confident IOGP rule match for 'Tarps, plastic or fabric sheeting' in SourceTitle"
severe_injury_reports_jboysen,"Tars, sealants, caulking, insulation, n.e.c.",Unmapped,n/a,"No confident IOGP rule match for 'Tars, sealants, caulking, insulation, n.e.c.' in SourceTitle"
severe_injury_reports_jboysen,Taxi,Unmapped,n/a,No confident IOGP rule match for 'Taxi' in SourceTitle
severe_injury_reports_jboysen,Telecommunications and cell phone towers,Unmapped,n/a,No confident IOGP rule match for 'Telecommunications and cell phone towers' in SourceTitle
severe_injury_reports_jboysen,Televisions,Unmapped,n/a,No confident IOGP rule match for 'Televisions' in SourceTitle
severe_injury_reports_jboysen,"Textile, apparel, leather production machinery, n.e.c.",Unmapped,n/a,"No confident IOGP rule match for 'Textile, apparel, leather production machinery, n.e.c.' in SourceTitle"
severe_injury_reports_jboysen,"Textile, apparel, leather production machinery, unspecified",Unmapped,n/a,"No confident IOGP rule match for 'Textile, apparel, leather production machinery, unspecified' in SourceTitle"
severe_injury_reports_jboysen,Threading and tapping machines,Unmapped,n/a,No confident IOGP rule match for 'Threading and tapping machines' in SourceTitle
severe_injury_reports_jboysen,Ticks and mites,Unmapped,n/a,No confident IOGP rule match for 'Ticks and mites' in SourceTitle
severe_injury_reports_jboysen,Tire inner tubes,Unmapped,n/a,No confident IOGP rule match for 'Tire inner tubes' in SourceTitle
severe_injury_reports_jboysen,"Tires, except bike",Unmapped,n/a,"No confident IOGP rule match for 'Tires, except bike' in SourceTitle"
severe_injury_reports_jboysen,"Tires, inner tubes, wheels, n.e.c.",Unmapped,n/a,"No confident IOGP rule match for 'Tires, inner tubes, wheels, n.e.c.' in SourceTitle"
severe_injury_reports_jboysen,"Tires, inner tubes, wheels, unspecified",Unmapped,n/a,"No confident IOGP rule match for 'Tires, inner tubes, wheels, unspecified' in SourceTitle"
severe_injury_reports_jboysen,"Toilets, urinals",Unmapped,n/a,"No confident IOGP rule match for 'Toilets, urinals' in SourceTitle"
severe_injury_reports_jboysen,Tongs-powered,Unmapped,n/a,No confident IOGP rule match for 'Tongs-powered' in SourceTitle
severe_injury_reports_jboysen,"Tool parts, accessories, n.e.c.",Unmapped,n/a,"No confident IOGP rule match for 'Tool parts, accessories, n.e.c.' in SourceTitle"
severe_injury_reports_jboysen,"Tools, instruments, and equipment, n.e.c.",Unmapped,n/a,"No confident IOGP rule match for 'Tools, instruments, and equipment, n.e.c.' in SourceTitle"
severe_injury_reports_jboysen,"Tools, instruments, and equipment, unspecified",Unmapped,n/a,"No confident IOGP rule match for 'Tools, instruments, and equipment, unspecified' in SourceTitle"
severe_injury_reports_jboysen,Tow truck,Unmapped,n/a,No confident IOGP rule match for 'Tow truck' in SourceTitle
severe_injury_reports_jboysen,"Towers, poles, n.e.c.",Unmapped,n/a,"No confident IOGP rule match for 'Towers, poles, n.e.c.' in SourceTitle"
severe_injury_reports_jboysen,"Towers, poles, unspecified",Unmapped,n/a,"No confident IOGP rule match for 'Towers, poles, unspecified' in SourceTitle"
severe_injury_reports_jboysen,"Tractor, n.e.c.",Unmapped,n/a,"No confident IOGP rule match for 'Tractor, n.e.c.' in SourceTitle"
severe_injury_reports_jboysen,"Tractor, unspecified",Unmapped,n/a,"No confident IOGP rule match for 'Tractor, unspecified' in SourceTitle"
severe_injury_reports_jboysen,Trailers,Unmapped,n/a,No confident IOGP rule match for 'Trailers' in SourceTitle
severe_injury_reports_jboysen,"Train, locomotive, rail car, n.e.c.",Unmapped,n/a,"No confident IOGP rule match for 'Train, locomotive, rail car, n.e.c.' in SourceTitle"
severe_injury_reports_jboysen,"Train, locomotive, rail car, unspecified",Unmapped,n/a,"No confident IOGP rule match for 'Train, locomotive, rail car, unspecified' in SourceTitle"
severe_injury_reports_jboysen,Transmission-vehicle,Unmapped,n/a,No confident IOGP rule match for 'Transmission-vehicle' in SourceTitle
severe_injury_reports_jboysen,Trash compactors,Unmapped,n/a,No confident IOGP rule match for 'Trash compactors' in SourceTitle
severe_injury_reports_jboysen,"Trash, garbage",Unmapped,n/a,"No confident IOGP rule match for 'Trash, garbage' in SourceTitle"
severe_injury_reports_jboysen,Trees,Unmapped,n/a,No confident IOGP rule match for 'Trees' in SourceTitle
severe_injury_reports_jboysen,"Trees, logs, limbs, n.e.c.",Unmapped,n/a,"No confident IOGP rule match for 'Trees, logs, limbs, n.e.c.' in SourceTitle"
severe_injury_reports_jboysen,"Trees, logs, limbs, unspecified",Unmapped,n/a,"No confident IOGP rule match for 'Trees, logs, limbs, unspecified' in SourceTitle"
severe_injury_reports_jboysen,Trenchers,Unmapped,n/a,No confident IOGP rule match for 'Trenchers' in SourceTitle
severe_injury_reports_jboysen,"Truck mounted ladders, aerial ladder trams",Unmapped,n/a,"No confident IOGP rule match for 'Truck mounted ladders, aerial ladder trams' in SourceTitle"
severe_injury_reports_jboysen,"Truck-motorized freight hauling and utility, n.e.c",Unmapped,n/a,"No confident IOGP rule match for 'Truck-motorized freight hauling and utility, n.e.c' in SourceTitle"
severe_injury_reports_jboysen,"Truck-motorized freight hauling and utility, unspecified",Unmapped,n/a,"No confident IOGP rule match for 'Truck-motorized freight hauling and utility, unspecified' in SourceTitle"
severe_injury_reports_jboysen,"Trusses, girders, beams-structurally attached, unspecified",Unmapped,n/a,"No confident IOGP rule match for 'Trusses, girders, beams-structurally attached, unspecified' in SourceTitle"
severe_injury_reports_jboysen,"Tugboat, towboat",Unmapped,n/a,"No confident IOGP rule match for 'Tugboat, towboat' in SourceTitle"
severe_injury_reports_jboysen,"Turning handtools-nonpowered, n.e.c.",Unmapped,n/a,"No confident IOGP rule match for 'Turning handtools-nonpowered, n.e.c.' in SourceTitle"
severe_injury_reports_jboysen,"Turning handtools-power not determined, unspecified",Unmapped,n/a,"No confident IOGP rule match for 'Turning handtools-power not determined, unspecified' in SourceTitle"
severe_injury_reports_jboysen,"Turning handtools-powered, n.e.c.",Unmapped,n/a,"No confident IOGP rule match for 'Turning handtools-powered, n.e.c.' in SourceTitle"
severe_injury_reports_jboysen,Utility and telephone poles,Unmapped,n/a,No confident IOGP rule match for 'Utility and telephone poles' in SourceTitle
severe_injury_reports_jboysen,Vaccines,Unmapped,n/a,No confident IOGP rule match for 'Vaccines' in SourceTitle
severe_injury_reports_jboysen,Vacuum cleaners,Unmapped,n/a,No confident IOGP rule match for 'Vacuum cleaners' in SourceTitle
severe_injury_reports_jboysen,"Valves, nozzles",Unmapped,n/a,"No confident IOGP rule match for 'Valves, nozzles' in SourceTitle"
severe_injury_reports_jboysen,"Vehicle and mobile equipment parts, n.e.c.",Unmapped,n/a,"No confident IOGP rule match for 'Vehicle and mobile equipment parts, n.e.c.' in SourceTitle"
severe_injury_reports_jboysen,"Vehicle and mobile equipment parts, unspecified",Unmapped,n/a,"No confident IOGP rule match for 'Vehicle and mobile equipment parts, unspecified' in SourceTitle"
severe_injury_reports_jboysen,"Vehicle doors, liftgates, tailgates, unspecified",Unmapped,n/a,"No confident IOGP rule match for 'Vehicle doors, liftgates, tailgates, unspecified' in SourceTitle"
severe_injury_reports_jboysen,Vehicle passenger doors,Unmapped,n/a,No confident IOGP rule match for 'Vehicle passenger doors' in SourceTitle
severe_injury_reports_jboysen,"Vehicle, n.e.c",Unmapped,n/a,"No confident IOGP rule match for 'Vehicle, n.e.c' in SourceTitle"
severe_injury_reports_jboysen,"Vehicle, unspecified",Unmapped,n/a,"No confident IOGP rule match for 'Vehicle, unspecified' in SourceTitle"
severe_injury_reports_jboysen,Vending machines,Unmapped,n/a,No confident IOGP rule match for 'Vending machines' in SourceTitle
severe_injury_reports_jboysen,Venomous snakes,Unmapped,n/a,No confident IOGP rule match for 'Venomous snakes' in SourceTitle
severe_injury_reports_jboysen,Viruses,Unmapped,n/a,No confident IOGP rule match for 'Viruses' in SourceTitle
severe_injury_reports_jboysen,"Vises, clamps",Unmapped,n/a,"No confident IOGP rule match for 'Vises, clamps' in SourceTitle"
severe_injury_reports_jboysen,Wagon,Unmapped,n/a,No confident IOGP rule match for 'Wagon' in SourceTitle
severe_injury_reports_jboysen,"Wallboard, drywall, sheetrock",Unmapped,n/a,"No confident IOGP rule match for 'Wallboard, drywall, sheetrock' in SourceTitle"
severe_injury_reports_jboysen,Walls,Unmapped,n/a,No confident IOGP rule match for 'Walls' in SourceTitle
severe_injury_reports_jboysen,Warehouse,Unmapped,n/a,No confident IOGP rule match for 'Warehouse' in SourceTitle
severe_injury_reports_jboysen,"Washers, dryers, and cleaning machinery and appliances, n.e.c.",Unmapped,n/a,"No confident IOGP rule match for 'Washers, dryers, and cleaning machinery and appliances, n.e.c.' in SourceTitle"
severe_injury_reports_jboysen,"Washers, dryers, and cleaning machinery and appliances, unspecified",Unmapped,n/a,"No confident IOGP rule match for 'Washers, dryers, and cleaning machinery and appliances, unspecified' in SourceTitle"
severe_injury_reports_jboysen,Water,Unmapped,n/a,No confident IOGP rule match for 'Water' in SourceTitle
severe_injury_reports_jboysen,Water pressure-high or low,Unmapped,n/a,No confident IOGP rule match for 'Water pressure-high or low' in SourceTitle
severe_injury_reports_jboysen,"Water vehicle, n.e.c",Unmapped,n/a,"No confident IOGP rule match for 'Water vehicle, n.e.c' in SourceTitle"
severe_injury_reports_jboysen,"Water vehicle, unspecified",Unmapped,n/a,"No confident IOGP rule match for 'Water vehicle, unspecified' in SourceTitle"
severe_injury_reports_jboysen,Weaving machinery,Unmapped,n/a,No confident IOGP rule match for 'Weaving machinery' in SourceTitle
severe_injury_reports_jboysen,"Welding and heating handtools-powered, n.e.c.",Unmapped,n/a,"No confident IOGP rule match for 'Welding and heating handtools-powered, n.e.c.' in SourceTitle"
severe_injury_reports_jboysen,"Welding and heating handtools-powered, unspecified",Unmapped,n/a,"No confident IOGP rule match for 'Welding and heating handtools-powered, unspecified' in SourceTitle"
severe_injury_reports_jboysen,Welding machinery,Unmapped,n/a,No confident IOGP rule match for 'Welding machinery' in SourceTitle
severe_injury_reports_jboysen,"Welding or soldering fumes, unspecified or n.e.c.",Unmapped,n/a,"No confident IOGP rule match for 'Welding or soldering fumes, unspecified or n.e.c.' in SourceTitle"
severe_injury_reports_jboysen,"Welding, cutting, and blow torches",Unmapped,n/a,"No confident IOGP rule match for 'Welding, cutting, and blow torches' in SourceTitle"
severe_injury_reports_jboysen,"Wells, cisterns",Unmapped,n/a,"No confident IOGP rule match for 'Wells, cisterns' in SourceTitle"
severe_injury_reports_jboysen,Wheelbarrow,Unmapped,n/a,No confident IOGP rule match for 'Wheelbarrow' in SourceTitle
severe_injury_reports_jboysen,"Wheelchairs and other mobility devices, n.e.c.",Unmapped,n/a,"No confident IOGP rule match for 'Wheelchairs and other mobility devices, n.e.c.' in SourceTitle"
severe_injury_reports_jboysen,"Wheelchairs and other mobility devices, unspecified",Unmapped,n/a,"No confident IOGP rule match for 'Wheelchairs and other mobility devices, unspecified' in SourceTitle"
severe_injury_reports_jboysen,Wheelchairs-nonpowered,Unmapped,n/a,No confident IOGP rule match for 'Wheelchairs-nonpowered' in SourceTitle
severe_injury_reports_jboysen,Wheelchairs-powered,Unmapped,n/a,No confident IOGP rule match for 'Wheelchairs-powered' in SourceTitle
severe_injury_reports_jboysen,"Wheels, tire rims",Unmapped,n/a,"No confident IOGP rule match for 'Wheels, tire rims' in SourceTitle"
severe_injury_reports_jboysen,"Winders, unwinders",Unmapped,n/a,"No confident IOGP rule match for 'Winders, unwinders' in SourceTitle"
severe_injury_reports_jboysen,"Windmills, wind turbines",Unmapped,n/a,"No confident IOGP rule match for 'Windmills, wind turbines' in SourceTitle"
severe_injury_reports_jboysen,"Windows, openings",Unmapped,n/a,"No confident IOGP rule match for 'Windows, openings' in SourceTitle"
severe_injury_reports_jboysen,"Windshields, vehicle windows",Unmapped,n/a,"No confident IOGP rule match for 'Windshields, vehicle windows' in SourceTitle"
severe_injury_reports_jboysen,"Wire, cables-nonelectrical",Unmapped,n/a,"No confident IOGP rule match for 'Wire, cables-nonelectrical' in SourceTitle"
severe_injury_reports_jboysen,"Wood chips, sawdust",Unmapped,n/a,"No confident IOGP rule match for 'Wood chips, sawdust' in SourceTitle"
severe_injury_reports_jboysen,"Wood pieces, trim pieces, wood scraps, n.e.c.",Unmapped,n/a,"No confident IOGP rule match for 'Wood pieces, trim pieces, wood scraps, n.e.c.' in SourceTitle"
severe_injury_reports_jboysen,Wood splinters,Unmapped,n/a,No confident IOGP rule match for 'Wood splinters' in SourceTitle
severe_injury_reports_jboysen,"Wood, lumber, n.e.c.",Unmapped,n/a,"No confident IOGP rule match for 'Wood, lumber, n.e.c.' in SourceTitle"
severe_injury_reports_jboysen,"Wood, lumber, unspecified",Unmapped,n/a,"No confident IOGP rule match for 'Wood, lumber, unspecified' in SourceTitle"
severe_injury_reports_jboysen,Wooden beams,Unmapped,n/a,No confident IOGP rule match for 'Wooden beams' in SourceTitle
severe_injury_reports_jboysen,"Wooden fences, panels",Unmapped,n/a,"No confident IOGP rule match for 'Wooden fences, panels' in SourceTitle"
severe_injury_reports_jboysen,Wooden stakes,Unmapped,n/a,No confident IOGP rule match for 'Wooden stakes' in SourceTitle
severe_injury_reports_jboysen,Woodworking lathes,Unmapped,n/a,No confident IOGP rule match for 'Woodworking lathes' in SourceTitle
severe_injury_reports_jboysen,Work associate,Unmapped,n/a,No confident IOGP rule match for 'Work associate' in SourceTitle
severe_injury_reports_jboysen,Wrenches-nonpowered,Unmapped,n/a,No confident IOGP rule match for 'Wrenches-nonpowered' in SourceTitle
severe_injury_reports_jboysen,Wrenches-power not determined,Unmapped,n/a,No confident IOGP rule match for 'Wrenches-power not determined' in SourceTitle
severe_injury_reports_jboysen,"X-ray, magnetic resonance imaging (MRI), and fluoroscope machinery and equipment",Unmapped,n/a,"No confident IOGP rule match for 'X-ray, magnetic resonance imaging (MRI), and fluoroscope machinery and equipment' in SourceTitle"
severe_injury_reports_jboysen,Xylene,Unmapped,n/a,No confident IOGP rule match for 'Xylene' in SourceTitle
severe_injury_reports_jboysen,"Yarn, thread",Unmapped,n/a,"No confident IOGP rule match for 'Yarn, thread' in SourceTitle"
hse_abstracts_2015_2017_ruqaiyaship,Absorption,Unmapped,n/a,No confident IOGP rule match for 'Absorption' in Event type
hse_abstracts_2015_2017_ruqaiyaship,Bite/sting/scratch,Unmapped,n/a,No confident IOGP rule match for 'Bite/sting/scratch' in Event type
hse_abstracts_2015_2017_ruqaiyaship,Card-vascular/resp. fail.,Unmapped,n/a,No confident IOGP rule match for 'Card-vascular/resp. fail.' in Event type
hse_abstracts_2015_2017_ruqaiyaship,Caught in or between,energy_isolation,high,
hse_abstracts_2015_2017_ruqaiyaship,Fall (from elevation),working_at_height,high,
hse_abstracts_2015_2017_ruqaiyaship,Fall (same level),Unmapped,n/a,No confident IOGP rule match for 'Fall (same level)' in Event type
hse_abstracts_2015_2017_ruqaiyaship,Ingestion,Unmapped,n/a,No confident IOGP rule match for 'Ingestion' in Event type
hse_abstracts_2015_2017_ruqaiyaship,Inhalation,Unmapped,n/a,No confident IOGP rule match for 'Inhalation' in Event type
hse_abstracts_2015_2017_ruqaiyaship,Other,Unmapped,n/a,No confident IOGP rule match for 'Other' in Event type
hse_abstracts_2015_2017_ruqaiyaship,Rep. Motion/pressure,Unmapped,n/a,No confident IOGP rule match for 'Rep. Motion/pressure' in Event type
hse_abstracts_2015_2017_ruqaiyaship,Rubbed/abraded,Unmapped,n/a,No confident IOGP rule match for 'Rubbed/abraded' in Event type
hse_abstracts_2015_2017_ruqaiyaship,Shock,energy_isolation,high,
hse_abstracts_2015_2017_ruqaiyaship,Struck against,line_of_fire,high,
hse_abstracts_2015_2017_ruqaiyaship,Struck-by,line_of_fire,high,
hse_abstracts_2015_2017_ruqaiyaship,Defective Equipment In Use,Unmapped,n/a,No confident IOGP rule match for 'Defective Equipment In Use' in Human Factor
hse_abstracts_2015_2017_ruqaiyaship,Distracting Actions By Others,Unmapped,n/a,No confident IOGP rule match for 'Distracting Actions By Others' in Human Factor
hse_abstracts_2015_2017_ruqaiyaship,Equipment Inappropriate For Operation,bypassing_safety_controls,high,
hse_abstracts_2015_2017_ruqaiyaship,Insufficient /Lack/Engineering Controls,bypassing_safety_controls,high,
hse_abstracts_2015_2017_ruqaiyaship,Insufficient /Lack/Expose/Biological Monitoring.,Unmapped,n/a,No confident IOGP rule match for 'Insufficient /Lack/Expose/Biological Monitoring.' in Human Factor
hse_abstracts_2015_2017_ruqaiyaship,Insufficient /Lack/Protective Work Clothing/Equipment,bypassing_safety_controls,high,
hse_abstracts_2015_2017_ruqaiyaship,Insufficient /Lack/Respiratory Protection,Unmapped,n/a,No confident IOGP rule match for 'Insufficient /Lack/Respiratory Protection' in Human Factor
hse_abstracts_2015_2017_ruqaiyaship,Insufficient /Lack/Written Work Practice Program,work_authorisation,high,
hse_abstracts_2015_2017_ruqaiyaship,Insufficient/Lack/Housekeeping Program,Unmapped,n/a,No confident IOGP rule match for 'Insufficient/Lack/Housekeeping Program' in Human Factor
hse_abstracts_2015_2017_ruqaiyaship,Lockout/Tagout Procedure Malfunction,energy_isolation,high,
hse_abstracts_2015_2017_ruqaiyaship,Malfunction In Securing/Warning Op,Unmapped,n/a,No confident IOGP rule match for 'Malfunction In Securing/Warning Op' in Human Factor
hse_abstracts_2015_2017_ruqaiyaship,Malfunction Neuromuscular System,Unmapped,n/a,No confident IOGP rule match for 'Malfunction Neuromuscular System' in Human Factor
hse_abstracts_2015_2017_ruqaiyaship,Mater-Handling Procedure Inappropriate,safe_mechanical_lifting,high,
hse_abstracts_2015_2017_ruqaiyaship,"Misjudgment, Hazardous Situation",work_authorisation,high,
hse_abstracts_2015_2017_ruqaiyaship,Other,Unmapped,n/a,No confident IOGP rule match for 'Other' in Human Factor
hse_abstracts_2015_2017_ruqaiyaship,Perception Malfunction Task-Environment,Unmapped,n/a,No confident IOGP rule match for 'Perception Malfunction Task-Environment' in Human Factor
hse_abstracts_2015_2017_ruqaiyaship,Position Inappropriate For Task,line_of_fire,high,
hse_abstracts_2015_2017_ruqaiyaship,Safety Devices Removed/Inoperable,bypassing_safety_controls,high,
hse_abstracts_2015_2017_ruqaiyaship,Catch Point/Puncture Action,line_of_fire,high,
hse_abstracts_2015_2017_ruqaiyaship,Chemical Action/Reaction Expos,Unmapped,n/a,No confident IOGP rule match for 'Chemical Action/Reaction Expos' in Environmental Factor
hse_abstracts_2015_2017_ruqaiyaship,Flammable Liquid/Solid Exposure,Unmapped,n/a,No confident IOGP rule match for 'Flammable Liquid/Solid Exposure' in Environmental Factor
hse_abstracts_2015_2017_ruqaiyaship,Flying Object Action,line_of_fire,high,
hse_abstracts_2015_2017_ruqaiyaship,Gas/Vapor/Mist/Fume/Smoke/Dust,confined_space,high,
hse_abstracts_2015_2017_ruqaiyaship,Illumination,Unmapped,n/a,No confident IOGP rule match for 'Illumination' in Environmental Factor
hse_abstracts_2015_2017_ruqaiyaship,Materials Handling Equip./Method,safe_mechanical_lifting,high,
hse_abstracts_2015_2017_ruqaiyaship,Other,Unmapped,n/a,No confident IOGP rule match for 'Other' in Environmental Factor
hse_abstracts_2015_2017_ruqaiyaship,Overhead Moving/Falling Object Action,line_of_fire,high,
hse_abstracts_2015_2017_ruqaiyaship,Overpressure/Underpressure,Unmapped,n/a,No confident IOGP rule match for 'Overpressure/Underpressure' in Environmental Factor
hse_abstracts_2015_2017_ruqaiyaship,Pinch Point Action,line_of_fire,high,
hse_abstracts_2015_2017_ruqaiyaship,Radiation Condition,Unmapped,n/a,No confident IOGP rule match for 'Radiation Condition' in Environmental Factor
hse_abstracts_2015_2017_ruqaiyaship,Shear Point Action,energy_isolation,high,
hse_abstracts_2015_2017_ruqaiyaship,Sound Level,Unmapped,n/a,No confident IOGP rule match for 'Sound Level' in Environmental Factor
hse_abstracts_2015_2017_ruqaiyaship,Temperature +/- Tolerance Lev.,Unmapped,n/a,No confident IOGP rule match for 'Temperature +/- Tolerance Lev.' in Environmental Factor
hse_abstracts_2015_2017_ruqaiyaship,"Weather, Earthquake, Etc.",Unmapped,n/a,"No confident IOGP rule match for 'Weather, Earthquake, Etc.' in Environmental Factor"
hse_abstracts_2015_2017_ruqaiyaship,Work-Surface/Facility-Layout Condition,line_of_fire,high,
phmsa_hazmat_incidents,Abrasion,line_of_fire,high,
phmsa_hazmat_incidents,Abrasion; Abrasion,Unmapped,n/a,No confident IOGP rule match for 'Abrasion; Abrasion' in Failure Cause Description
phmsa_hazmat_incidents,Abrasion; Defective Component or Device,Unmapped,n/a,No confident IOGP rule match for 'Abrasion; Defective Component or Device' in Failure Cause Description
phmsa_hazmat_incidents,"Abrasion; Fire, Temperature, or Heat",Unmapped,n/a,"No confident IOGP rule match for 'Abrasion; Fire, Temperature, or Heat' in Failure Cause Description"
phmsa_hazmat_incidents,"Abrasion; Impact with Sharp or Protruding Object (e.g., nails)",Unmapped,n/a,"No confident IOGP rule match for 'Abrasion; Impact with Sharp or Protruding Object (e.g., nails)' in Failure Cause Description"
phmsa_hazmat_incidents,"Abrasion; Impact with Sharp or Protruding Object (e.g., nails); Improper Preparation for Transportation",Unmapped,n/a,"No confident IOGP rule match for 'Abrasion; Impact with Sharp or Protruding Object (e.g., nails); Improper Preparation for Transportation' in Failure Cause Description"
phmsa_hazmat_incidents,"Abrasion; Improper Preparation for Transportation; Impact with Sharp or Protruding Object (e.g., nails); Improper Preparation for Transportation",Unmapped,n/a,"No confident IOGP rule match for 'Abrasion; Improper Preparation for Transportation; Impact with Sharp or Protruding Object (e.g., nails); Improper Preparation for Transportation' in Failure Cause Description"
phmsa_hazmat_incidents,"Abrasion; Loose Closure, Component, or Device",Unmapped,n/a,"No confident IOGP rule match for 'Abrasion; Loose Closure, Component, or Device' in Failure Cause Description"
phmsa_hazmat_incidents,Abrasion; Water Damage,Unmapped,n/a,No confident IOGP rule match for 'Abrasion; Water Damage' in Failure Cause Description
phmsa_hazmat_incidents,Broken Component or Device,bypassing_safety_controls,high,
phmsa_hazmat_incidents,Conveyer or Material Handling Equipment Mishap,line_of_fire,high,
phmsa_hazmat_incidents,Corrosion - Exterior,Unmapped,n/a,No confident IOGP rule match for 'Corrosion - Exterior' in Failure Cause Description
phmsa_hazmat_incidents,Corrosion - Exterior; Defective Component or Device,Unmapped,n/a,No confident IOGP rule match for 'Corrosion - Exterior; Defective Component or Device' in Failure Cause Description
phmsa_hazmat_incidents,Corrosion - Exterior; Dropped,Unmapped,n/a,No confident IOGP rule match for 'Corrosion - Exterior; Dropped' in Failure Cause Description
phmsa_hazmat_incidents,Corrosion - Exterior; Improper Preparation for Transportation,Unmapped,n/a,No confident IOGP rule match for 'Corrosion - Exterior; Improper Preparation for Transportation' in Failure Cause Description
phmsa_hazmat_incidents,"Corrosion - Exterior; Loose Closure, Component, or Device",Unmapped,n/a,"No confident IOGP rule match for 'Corrosion - Exterior; Loose Closure, Component, or Device' in Failure Cause Description"
phmsa_hazmat_incidents,"Corrosion - Exterior; Loose Closure, Component, or Device; Water Damage",Unmapped,n/a,"No confident IOGP rule match for 'Corrosion - Exterior; Loose Closure, Component, or Device; Water Damage' in Failure Cause Description"
phmsa_hazmat_incidents,Corrosion - Exterior; Water Damage,Unmapped,n/a,No confident IOGP rule match for 'Corrosion - Exterior; Water Damage' in Failure Cause Description
phmsa_hazmat_incidents,Corrosion - Interior,Unmapped,n/a,No confident IOGP rule match for 'Corrosion - Interior' in Failure Cause Description
phmsa_hazmat_incidents,Defective Component or Device,bypassing_safety_controls,high,
phmsa_hazmat_incidents,Defective Component or Device; Corrosion - Exterior; Water Damage,Unmapped,n/a,No confident IOGP rule match for 'Defective Component or Device; Corrosion - Exterior; Water Damage' in Failure Cause Description
phmsa_hazmat_incidents,Defective Component or Device; Defective Component or Device,Unmapped,n/a,No confident IOGP rule match for 'Defective Component or Device; Defective Component or Device' in Failure Cause Description
phmsa_hazmat_incidents,Defective Component or Device; Incompatible Product; Water Damage,Unmapped,n/a,No confident IOGP rule match for 'Defective Component or Device; Incompatible Product; Water Damage' in Failure Cause Description
phmsa_hazmat_incidents,"Defective Component or Device; Loose Closure, Component, or Device",Unmapped,n/a,"No confident IOGP rule match for 'Defective Component or Device; Loose Closure, Component, or Device' in Failure Cause Description"
phmsa_hazmat_incidents,Defective Component or Device; Over-pressurized,Unmapped,n/a,No confident IOGP rule match for 'Defective Component or Device; Over-pressurized' in Failure Cause Description
phmsa_hazmat_incidents,Defective Component or Device; Water Damage,Unmapped,n/a,No confident IOGP rule match for 'Defective Component or Device; Water Damage' in Failure Cause Description
phmsa_hazmat_incidents,Derailment,Unmapped,n/a,No confident IOGP rule match for 'Derailment' in Failure Cause Description
phmsa_hazmat_incidents,Derailment; Rollover Accident,Unmapped,n/a,No confident IOGP rule match for 'Derailment; Rollover Accident' in Failure Cause Description
phmsa_hazmat_incidents,Derailment; Vehicular Crash or Accident Damage; Water Damage,Unmapped,n/a,No confident IOGP rule match for 'Derailment; Vehicular Crash or Accident Damage; Water Damage' in Failure Cause Description
phmsa_hazmat_incidents,Deterioration or Aging,Unmapped,n/a,No confident IOGP rule match for 'Deterioration or Aging' in Failure Cause Description
phmsa_hazmat_incidents,Dropped,line_of_fire,high,
phmsa_hazmat_incidents,Dropped; Corrosion - Exterior,Unmapped,n/a,No confident IOGP rule match for 'Dropped; Corrosion - Exterior' in Failure Cause Description
phmsa_hazmat_incidents,Dropped; Defective Component or Device,Unmapped,n/a,No confident IOGP rule match for 'Dropped; Defective Component or Device' in Failure Cause Description
phmsa_hazmat_incidents,Dropped; Dropped,Unmapped,n/a,No confident IOGP rule match for 'Dropped; Dropped' in Failure Cause Description
phmsa_hazmat_incidents,Dropped; Dropped; Improper Preparation for Transportation,Unmapped,n/a,No confident IOGP rule match for 'Dropped; Dropped; Improper Preparation for Transportation' in Failure Cause Description
phmsa_hazmat_incidents,Dropped; Dropped; Improper Preparation for Transportation; Improper Preparation for Transportation,Unmapped,n/a,No confident IOGP rule match for 'Dropped; Dropped; Improper Preparation for Transportation; Improper Preparation for Transportation' in Failure Cause Description
phmsa_hazmat_incidents,Dropped; Dropped; Improper Preparation for Transportation; Improper Preparation for Transportation; Inadequate Blocking and Bracing; Inadequate Blocking and Bracing,Unmapped,n/a,No confident IOGP rule match for 'Dropped; Dropped; Improper Preparation for Transportation; Improper Preparation for Transportation; Inadequate Blocking and Bracing; Inadequate Blocking and Bracing' in Failure Cause Description
phmsa_hazmat_incidents,"Dropped; Dropped; Loose Closure, Component, or Device",Unmapped,n/a,"No confident IOGP rule match for 'Dropped; Dropped; Loose Closure, Component, or Device' in Failure Cause Description"
phmsa_hazmat_incidents,Dropped; Dropped; Water Damage,Unmapped,n/a,No confident IOGP rule match for 'Dropped; Dropped; Water Damage' in Failure Cause Description
phmsa_hazmat_incidents,"Dropped; Impact with Sharp or Protruding Object (e.g., nails)",Unmapped,n/a,"No confident IOGP rule match for 'Dropped; Impact with Sharp or Protruding Object (e.g., nails)' in Failure Cause Description"
phmsa_hazmat_incidents,Dropped; Improper Preparation for Transportation,Unmapped,n/a,No confident IOGP rule match for 'Dropped; Improper Preparation for Transportation' in Failure Cause Description
phmsa_hazmat_incidents,"Dropped; Improper Preparation for Transportation; Dropped; Impact with Sharp or Protruding Object (e.g., nails); Improper Preparation for Transportation",Unmapped,n/a,"No confident IOGP rule match for 'Dropped; Improper Preparation for Transportation; Dropped; Impact with Sharp or Protruding Object (e.g., nails); Improper Preparation for Transportation' in Failure Cause Description"
phmsa_hazmat_incidents,"Dropped; Loose Closure, Component, or Device",Unmapped,n/a,"No confident IOGP rule match for 'Dropped; Loose Closure, Component, or Device' in Failure Cause Description"
phmsa_hazmat_incidents,Dropped; Water Damage,Unmapped,n/a,No confident IOGP rule match for 'Dropped; Water Damage' in Failure Cause Description
phmsa_hazmat_incidents,Dropped; Water Damage; Dropped,Unmapped,n/a,No confident IOGP rule match for 'Dropped; Water Damage; Dropped' in Failure Cause Description
phmsa_hazmat_incidents,"Fire, Temperature, or Heat; Fire, Temperature, or Heat",Unmapped,n/a,"No confident IOGP rule match for 'Fire, Temperature, or Heat; Fire, Temperature, or Heat' in Failure Cause Description"
phmsa_hazmat_incidents,Forklift Accident,driving,high,
phmsa_hazmat_incidents,Forklift Accident; Human Error; Human Error; Inadequate Preparation for Transportation; Abrasion; Defective Component or Device; Defective Component or Device; Forklift Accident; Forklift Accident; Forklift Accident; Forklift Accident; Forklift Accident;,Unmapped,n/a,No confident IOGP rule match for 'Forklift Accident; Human Error; Human Error; Inadequate Preparation for Transportation; Abrasion; Defective Component or Device; Defective Component or Device; Forklift Accident; Forklift Accident; Forklift Accident; Forklift Accident; Forklift Accident;' in Failure Cause Description
phmsa_hazmat_incidents,Human Error,work_authorisation,high,
phmsa_hazmat_incidents,Human Error; Improper Preparation for Transportation,Unmapped,n/a,No confident IOGP rule match for 'Human Error; Improper Preparation for Transportation' in Failure Cause Description
phmsa_hazmat_incidents,"Impact with Sharp or Protruding Object (e.g., nails)",line_of_fire,high,
phmsa_hazmat_incidents,"Impact with Sharp or Protruding Object (e.g., nails); Improper Preparation for Transportation",Unmapped,n/a,"No confident IOGP rule match for 'Impact with Sharp or Protruding Object (e.g., nails); Improper Preparation for Transportation' in Failure Cause Description"
phmsa_hazmat_incidents,"Impact with Sharp or Protruding Object (e.g., nails); Inadequate Blocking and Bracing",Unmapped,n/a,"No confident IOGP rule match for 'Impact with Sharp or Protruding Object (e.g., nails); Inadequate Blocking and Bracing' in Failure Cause Description"
phmsa_hazmat_incidents,Improper Preparation for Transportation,work_authorisation,high,
phmsa_hazmat_incidents,"Improper Preparation for Transportation; Abrasion; Impact with Sharp or Protruding Object (e.g., nails)",Unmapped,n/a,"No confident IOGP rule match for 'Improper Preparation for Transportation; Abrasion; Impact with Sharp or Protruding Object (e.g., nails)' in Failure Cause Description"
phmsa_hazmat_incidents,Improper Preparation for Transportation; Abrasion; Inadequate Blocking and Bracing,Unmapped,n/a,No confident IOGP rule match for 'Improper Preparation for Transportation; Abrasion; Inadequate Blocking and Bracing' in Failure Cause Description
phmsa_hazmat_incidents,Improper Preparation for Transportation; Defective Component or Device,Unmapped,n/a,No confident IOGP rule match for 'Improper Preparation for Transportation; Defective Component or Device' in Failure Cause Description
phmsa_hazmat_incidents,"Improper Preparation for Transportation; Impact with Sharp or Protruding Object (e.g., nails)",Unmapped,n/a,"No confident IOGP rule match for 'Improper Preparation for Transportation; Impact with Sharp or Protruding Object (e.g., nails)' in Failure Cause Description"
phmsa_hazmat_incidents,"Improper Preparation for Transportation; Impact with Sharp or Protruding Object (e.g., nails); Inadequate Blocking and Bracing",Unmapped,n/a,"No confident IOGP rule match for 'Improper Preparation for Transportation; Impact with Sharp or Protruding Object (e.g., nails); Inadequate Blocking and Bracing' in Failure Cause Description"
phmsa_hazmat_incidents,Improper Preparation for Transportation; Improper Preparation for Transportation,Unmapped,n/a,No confident IOGP rule match for 'Improper Preparation for Transportation; Improper Preparation for Transportation' in Failure Cause Description
phmsa_hazmat_incidents,Improper Preparation for Transportation; Improper Preparation for Transportation; Inadequate Blocking and Bracing; Inadequate Blocking and Bracing,Unmapped,n/a,No confident IOGP rule match for 'Improper Preparation for Transportation; Improper Preparation for Transportation; Inadequate Blocking and Bracing; Inadequate Blocking and Bracing' in Failure Cause Description
phmsa_hazmat_incidents,"Improper Preparation for Transportation; Improper Preparation for Transportation; Loose Closure, Component, or Device",Unmapped,n/a,"No confident IOGP rule match for 'Improper Preparation for Transportation; Improper Preparation for Transportation; Loose Closure, Component, or Device' in Failure Cause Description"
phmsa_hazmat_incidents,Improper Preparation for Transportation; Inadequate Blocking and Bracing,Unmapped,n/a,No confident IOGP rule match for 'Improper Preparation for Transportation; Inadequate Blocking and Bracing' in Failure Cause Description
phmsa_hazmat_incidents,Improper Preparation for Transportation; Inadequate Blocking and Bracing; Improper Preparation for Transportation; Inadequate Blocking and Bracing,Unmapped,n/a,No confident IOGP rule match for 'Improper Preparation for Transportation; Inadequate Blocking and Bracing; Improper Preparation for Transportation; Inadequate Blocking and Bracing' in Failure Cause Description
phmsa_hazmat_incidents,"Improper Preparation for Transportation; Inadequate Blocking and Bracing; Loose Closure, Component, or Device",Unmapped,n/a,"No confident IOGP rule match for 'Improper Preparation for Transportation; Inadequate Blocking and Bracing; Loose Closure, Component, or Device' in Failure Cause Description"
phmsa_hazmat_incidents,Improper Preparation for Transportation; Inadequate Blocking and Bracing; Too Much Weight on Package,Unmapped,n/a,No confident IOGP rule match for 'Improper Preparation for Transportation; Inadequate Blocking and Bracing; Too Much Weight on Package' in Failure Cause Description
phmsa_hazmat_incidents,"Improper Preparation for Transportation; Loose Closure, Component, or Device",Unmapped,n/a,"No confident IOGP rule match for 'Improper Preparation for Transportation; Loose Closure, Component, or Device' in Failure Cause Description"
phmsa_hazmat_incidents,Improper Preparation for Transportation; Water Damage,Unmapped,n/a,No confident IOGP rule match for 'Improper Preparation for Transportation; Water Damage' in Failure Cause Description
phmsa_hazmat_incidents,Improper Preparation for Transportation; Water Damage; Improper Preparation for Transportation,Unmapped,n/a,No confident IOGP rule match for 'Improper Preparation for Transportation; Water Damage; Improper Preparation for Transportation' in Failure Cause Description
phmsa_hazmat_incidents,Inadequate Blocking and Bracing,work_authorisation,high,
phmsa_hazmat_incidents,Inadequate Blocking and Bracing; Corrosion - Exterior,Unmapped,n/a,No confident IOGP rule match for 'Inadequate Blocking and Bracing; Corrosion - Exterior' in Failure Cause Description
phmsa_hazmat_incidents,Inadequate Blocking and Bracing; Inadequate Blocking and Bracing,Unmapped,n/a,No confident IOGP rule match for 'Inadequate Blocking and Bracing; Inadequate Blocking and Bracing' in Failure Cause Description
phmsa_hazmat_incidents,"Inadequate Blocking and Bracing; Loose Closure, Component, or Device",Unmapped,n/a,"No confident IOGP rule match for 'Inadequate Blocking and Bracing; Loose Closure, Component, or Device' in Failure Cause Description"
phmsa_hazmat_incidents,"Inadequate Blocking and Bracing; Loose Closure, Component, or Device; Water Damage",Unmapped,n/a,"No confident IOGP rule match for 'Inadequate Blocking and Bracing; Loose Closure, Component, or Device; Water Damage' in Failure Cause Description"
phmsa_hazmat_incidents,Inadequate Blocking and Bracing; Too Much Weight on Package,Unmapped,n/a,No confident IOGP rule match for 'Inadequate Blocking and Bracing; Too Much Weight on Package' in Failure Cause Description
phmsa_hazmat_incidents,Inadequate Preparation for Transportation,work_authorisation,high,
phmsa_hazmat_incidents,Inadequate Procedures,Unmapped,n/a,No confident IOGP rule match for 'Inadequate Procedures' in Failure Cause Description
phmsa_hazmat_incidents,Incompatible Product,Unmapped,n/a,No confident IOGP rule match for 'Incompatible Product' in Failure Cause Description
phmsa_hazmat_incidents,"Incompatible Product; Impact with Sharp or Protruding Object (e.g., nails)",Unmapped,n/a,"No confident IOGP rule match for 'Incompatible Product; Impact with Sharp or Protruding Object (e.g., nails)' in Failure Cause Description"
phmsa_hazmat_incidents,Incompatible Product; Incompatible Product,Unmapped,n/a,No confident IOGP rule match for 'Incompatible Product; Incompatible Product' in Failure Cause Description
phmsa_hazmat_incidents,"Incompatible Product; Loose Closure, Component, or Device; Water Damage",Unmapped,n/a,"No confident IOGP rule match for 'Incompatible Product; Loose Closure, Component, or Device; Water Damage' in Failure Cause Description"
phmsa_hazmat_incidents,Incompatible Product; Water Damage,Unmapped,n/a,No confident IOGP rule match for 'Incompatible Product; Water Damage' in Failure Cause Description
phmsa_hazmat_incidents,"Loose Closure, Component, or Device",bypassing_safety_controls,high,
phmsa_hazmat_incidents,"Loose Closure, Component, or Device; Abrasion",Unmapped,n/a,"No confident IOGP rule match for 'Loose Closure, Component, or Device; Abrasion' in Failure Cause Description"
phmsa_hazmat_incidents,"Loose Closure, Component, or Device; Corrosion - Exterior; Dropped; Dropped",Unmapped,n/a,"No confident IOGP rule match for 'Loose Closure, Component, or Device; Corrosion - Exterior; Dropped; Dropped' in Failure Cause Description"
phmsa_hazmat_incidents,"Loose Closure, Component, or Device; Corrosion - Exterior; Water Damage",Unmapped,n/a,"No confident IOGP rule match for 'Loose Closure, Component, or Device; Corrosion - Exterior; Water Damage' in Failure Cause Description"
phmsa_hazmat_incidents,"Loose Closure, Component, or Device; Corrosion - Exterior; Water Damage; Water Damage",Unmapped,n/a,"No confident IOGP rule match for 'Loose Closure, Component, or Device; Corrosion - Exterior; Water Damage; Water Damage' in Failure Cause Description"
phmsa_hazmat_incidents,"Loose Closure, Component, or Device; Defective Component or Device",Unmapped,n/a,"No confident IOGP rule match for 'Loose Closure, Component, or Device; Defective Component or Device' in Failure Cause Description"
phmsa_hazmat_incidents,"Loose Closure, Component, or Device; Defective Component or Device; Over-pressurized",Unmapped,n/a,"No confident IOGP rule match for 'Loose Closure, Component, or Device; Defective Component or Device; Over-pressurized' in Failure Cause Description"
phmsa_hazmat_incidents,"Loose Closure, Component, or Device; Dropped",Unmapped,n/a,"No confident IOGP rule match for 'Loose Closure, Component, or Device; Dropped' in Failure Cause Description"
phmsa_hazmat_incidents,"Loose Closure, Component, or Device; Improper Preparation for Transportation; Improper Preparation for Transportation",Unmapped,n/a,"No confident IOGP rule match for 'Loose Closure, Component, or Device; Improper Preparation for Transportation; Improper Preparation for Transportation' in Failure Cause Description"
phmsa_hazmat_incidents,"Loose Closure, Component, or Device; Loose Closure, Component, or Device",Unmapped,n/a,"No confident IOGP rule match for 'Loose Closure, Component, or Device; Loose Closure, Component, or Device' in Failure Cause Description"
phmsa_hazmat_incidents,"Loose Closure, Component, or Device; Over-pressurized",Unmapped,n/a,"No confident IOGP rule match for 'Loose Closure, Component, or Device; Over-pressurized' in Failure Cause Description"
phmsa_hazmat_incidents,"Loose Closure, Component, or Device; Rollover Accident; Vehicular Crash or Accident Damage; Water Damage",Unmapped,n/a,"No confident IOGP rule match for 'Loose Closure, Component, or Device; Rollover Accident; Vehicular Crash or Accident Damage; Water Damage' in Failure Cause Description"
phmsa_hazmat_incidents,"Loose Closure, Component, or Device; Water Damage",Unmapped,n/a,"No confident IOGP rule match for 'Loose Closure, Component, or Device; Water Damage' in Failure Cause Description"
phmsa_hazmat_incidents,"Loose Closure, Component, or Device; Water Damage; Over-pressurized",Unmapped,n/a,"No confident IOGP rule match for 'Loose Closure, Component, or Device; Water Damage; Over-pressurized' in Failure Cause Description"
phmsa_hazmat_incidents,"Loose Closure, Component, or Device; Water Damage; Water Damage",Unmapped,n/a,"No confident IOGP rule match for 'Loose Closure, Component, or Device; Water Damage; Water Damage' in Failure Cause Description"
phmsa_hazmat_incidents,Over-pressurized,Unmapped,n/a,No confident IOGP rule match for 'Over-pressurized' in Failure Cause Description
phmsa_hazmat_incidents,Over-pressurized; Derailment; Vehicular Crash or Accident Damage; Water Damage,Unmapped,n/a,No confident IOGP rule match for 'Over-pressurized; Derailment; Vehicular Crash or Accident Damage; Water Damage' in Failure Cause Description
phmsa_hazmat_incidents,Over-pressurized; Water Damage,Unmapped,n/a,No confident IOGP rule match for 'Over-pressurized; Water Damage' in Failure Cause Description
phmsa_hazmat_incidents,Overfilled,Unmapped,n/a,No confident IOGP rule match for 'Overfilled' in Failure Cause Description
phmsa_hazmat_incidents,"Overfilled; Defective Component or Device; Loose Closure, Component, or Device",Unmapped,n/a,"No confident IOGP rule match for 'Overfilled; Defective Component or Device; Loose Closure, Component, or Device' in Failure Cause Description"
phmsa_hazmat_incidents,"Overfilled; Loose Closure, Component, or Device",Unmapped,n/a,"No confident IOGP rule match for 'Overfilled; Loose Closure, Component, or Device' in Failure Cause Description"
phmsa_hazmat_incidents,"Overfilled; Loose Closure, Component, or Device; Defective Component or Device",Unmapped,n/a,"No confident IOGP rule match for 'Overfilled; Loose Closure, Component, or Device; Defective Component or Device' in Failure Cause Description"
phmsa_hazmat_incidents,Overfilled; Over-pressurized; Water Damage,Unmapped,n/a,No confident IOGP rule match for 'Overfilled; Over-pressurized; Water Damage' in Failure Cause Description
phmsa_hazmat_incidents,Overfilled; Overfilled,Unmapped,n/a,No confident IOGP rule match for 'Overfilled; Overfilled' in Failure Cause Description
phmsa_hazmat_incidents,Overfilled; Rollover Accident; Vehicular Crash or Accident Damage,Unmapped,n/a,No confident IOGP rule match for 'Overfilled; Rollover Accident; Vehicular Crash or Accident Damage' in Failure Cause Description
phmsa_hazmat_incidents,Rollover Accident; Vehicular Crash or Accident Damage,Unmapped,n/a,No confident IOGP rule match for 'Rollover Accident; Vehicular Crash or Accident Damage' in Failure Cause Description
phmsa_hazmat_incidents,Rollover Accident; Vehicular Crash or Accident Damage; Water Damage,Unmapped,n/a,No confident IOGP rule match for 'Rollover Accident; Vehicular Crash or Accident Damage; Water Damage' in Failure Cause Description
phmsa_hazmat_incidents,Too Much Weight on Package,line_of_fire,high,
phmsa_hazmat_incidents,Valve Open,energy_isolation,high,
phmsa_hazmat_incidents,Vandalism,Unmapped,n/a,No confident IOGP rule match for 'Vandalism' in Failure Cause Description
phmsa_hazmat_incidents,Vehicular Crash or Accident Damage,Unmapped,n/a,No confident IOGP rule match for 'Vehicular Crash or Accident Damage' in Failure Cause Description
phmsa_hazmat_incidents,Vehicular Crash or Accident Damage; Defective Component or Device,Unmapped,n/a,No confident IOGP rule match for 'Vehicular Crash or Accident Damage; Defective Component or Device' in Failure Cause Description
phmsa_hazmat_incidents,Water Damage,Unmapped,n/a,No confident IOGP rule match for 'Water Damage' in Failure Cause Description
phmsa_hazmat_incidents,Water Damage; Defective Component or Device,Unmapped,n/a,No confident IOGP rule match for 'Water Damage; Defective Component or Device' in Failure Cause Description
phmsa_hazmat_incidents,Water Damage; Dropped,Unmapped,n/a,No confident IOGP rule match for 'Water Damage; Dropped' in Failure Cause Description
phmsa_hazmat_incidents,Water Damage; Dropped; Water Damage,Unmapped,n/a,No confident IOGP rule match for 'Water Damage; Dropped; Water Damage' in Failure Cause Description
phmsa_hazmat_incidents,"Water Damage; Loose Closure, Component, or Device",Unmapped,n/a,"No confident IOGP rule match for 'Water Damage; Loose Closure, Component, or Device' in Failure Cause Description"
phmsa_hazmat_incidents,"Water Damage; Loose Closure, Component, or Device; Water Damage",Unmapped,n/a,"No confident IOGP rule match for 'Water Damage; Loose Closure, Component, or Device; Water Damage' in Failure Cause Description"
phmsa_hazmat_incidents,Water Damage; Over-pressurized; Water Damage,Unmapped,n/a,No confident IOGP rule match for 'Water Damage; Over-pressurized; Water Damage' in Failure Cause Description
phmsa_hazmat_incidents,Water Damage; Water Damage,Unmapped,n/a,No confident IOGP rule match for 'Water Damage; Water Damage' in Failure Cause Description
niosh_injury_narrative_coding,10,Unmapped,n/a,No confident IOGP rule match for '10' in event
niosh_injury_narrative_coding,11,Unmapped,n/a,No confident IOGP rule match for '11' in event
niosh_injury_narrative_coding,12,Unmapped,n/a,No confident IOGP rule match for '12' in event
niosh_injury_narrative_coding,13,Unmapped,n/a,No confident IOGP rule match for '13' in event
niosh_injury_narrative_coding,20,driving,high,
niosh_injury_narrative_coding,21,driving,high,
niosh_injury_narrative_coding,22,driving,high,
niosh_injury_narrative_coding,23,driving,high,
niosh_injury_narrative_coding,24,driving,high,
niosh_injury_narrative_coding,25,driving,high,
niosh_injury_narrative_coding,26,driving,high,
niosh_injury_narrative_coding,27,Unmapped,n/a,No confident IOGP rule match for '27' in event
niosh_injury_narrative_coding,29,Unmapped,n/a,No confident IOGP rule match for '29' in event
niosh_injury_narrative_coding,30,hot_work,high,
niosh_injury_narrative_coding,31,hot_work,high,
niosh_injury_narrative_coding,32,hot_work,high,
niosh_injury_narrative_coding,40,Unmapped,n/a,No confident IOGP rule match for '40' in event
niosh_injury_narrative_coding,41,Unmapped,n/a,No confident IOGP rule match for '41' in event
niosh_injury_narrative_coding,42,Unmapped,n/a,No confident IOGP rule match for '42' in event
niosh_injury_narrative_coding,43,Unmapped,n/a,No confident IOGP rule match for '43' in event
niosh_injury_narrative_coding,44,Unmapped,n/a,No confident IOGP rule match for '44' in event
niosh_injury_narrative_coding,45,Unmapped,n/a,No confident IOGP rule match for '45' in event
niosh_injury_narrative_coding,49,Unmapped,n/a,No confident IOGP rule match for '49' in event
niosh_injury_narrative_coding,50,Unmapped,n/a,No confident IOGP rule match for '50' in event
niosh_injury_narrative_coding,51,Unmapped,n/a,No confident IOGP rule match for '51' in event
niosh_injury_narrative_coding,52,Unmapped,n/a,No confident IOGP rule match for '52' in event
niosh_injury_narrative_coding,53,Unmapped,n/a,No confident IOGP rule match for '53' in event
niosh_injury_narrative_coding,54,Unmapped,n/a,No confident IOGP rule match for '54' in event
niosh_injury_narrative_coding,55,Unmapped,n/a,No confident IOGP rule match for '55' in event
niosh_injury_narrative_coding,56,Unmapped,n/a,No confident IOGP rule match for '56' in event
niosh_injury_narrative_coding,59,Unmapped,n/a,No confident IOGP rule match for '59' in event
niosh_injury_narrative_coding,60,line_of_fire,high,
niosh_injury_narrative_coding,61,line_of_fire,high,
niosh_injury_narrative_coding,62,line_of_fire,high,
niosh_injury_narrative_coding,63,line_of_fire,high,
niosh_injury_narrative_coding,64,energy_isolation,high,
niosh_injury_narrative_coding,65,line_of_fire,high,
niosh_injury_narrative_coding,66,line_of_fire,high,
niosh_injury_narrative_coding,67,Unmapped,n/a,No confident IOGP rule match for '67' in event
niosh_injury_narrative_coding,69,Unmapped,n/a,No confident IOGP rule match for '69' in event
niosh_injury_narrative_coding,70,Unmapped,n/a,No confident IOGP rule match for '70' in event
niosh_injury_narrative_coding,71,Unmapped,n/a,No confident IOGP rule match for '71' in event
niosh_injury_narrative_coding,72,Unmapped,n/a,No confident IOGP rule match for '72' in event
niosh_injury_narrative_coding,73,Unmapped,n/a,No confident IOGP rule match for '73' in event
niosh_injury_narrative_coding,74,Unmapped,n/a,No confident IOGP rule match for '74' in event
niosh_injury_narrative_coding,78,Unmapped,n/a,No confident IOGP rule match for '78' in event
niosh_injury_narrative_coding,79,Unmapped,n/a,No confident IOGP rule match for '79' in event
niosh_injury_narrative_coding,99,Unmapped,n/a,No confident IOGP rule match for '99' in event
