report_id,date,site,activity,report_type,report_text,sif_potential,life_saving_rule,hazard,barrier,barrier_status,risk_level,source
OIL-00001,2016-01-01,Real-Local_01,Mining,Incident,"While removing the drill rod of the Jumbo 08 for maintenance, the supervisor proceeds to loosen the support of the intermediate centralizer to facilitate the removal, seeing this the mechanic supports one end on the drill of the equipment to pull with both hands the bar and accelerate the removal from this, at this moment the bar slides from its point of support and tightens the fingers of the mechanic between the drilling bar and the beam of the jumbo.",Yes,Unmapped,Pressed,Unknown (not recorded in source),Unknown,HIGH,real_ihm_stefanini
OIL-00002,2016-01-02,Real-Local_02,Mining,Incident,"During the activation of a sodium sulphide pump, the piping was uncoupled and the sulfide solution was designed in the area to reach the maid. Immediately she made use of the emergency shower and was directed to the ambulatory doctor and later to the hospital. Note: of sulphide solution = 48 grams / liter.",Yes,Energy Isolation,Pressurized Systems,Unknown (not recorded in source),Unknown,HIGH,real_ihm_stefanini
OIL-00003,2016-01-06,Real-Local_03,Mining,Incident,"In the sub-station MILPO located at level +170 when the collaborator was doing the excavation work with a pick (hand tool), hitting a rock with the flat part of the beak, it bounces off hitting the steel tip of the safety shoe and then the metatarsal area of ​​the left foot of the collaborator causing the injury.",No,Unmapped,Manual Tools,Unknown (not recorded in source),Unknown,MEDIUM,real_ihm_stefanini
OIL-00004,2016-01-08,Real-Local_04,Mining,Incident,"Being 9:45 am. approximately in the Nv. 1880 CX-695 OB7, the personnel begins the task of unlocking the Soquet bolts of the BHB machine, when they were in the penultimate bolt they identified that the hexagonal head was worn, proceeding Mr. Cristóbal - Auxiliary assistant to climb to the platform to exert pressure with your hand on the ""DADO"" key, to prevent it from coming out of the bolt; in those moments two collaborators rotate with the lever in anti-clockwise direction, leaving the key of the bolt, hitting the palm of the left hand, causing the injury.",No,Unmapped,Others,Unknown (not recorded in source),Unknown,LOW,real_ihm_stefanini
OIL-00005,2016-01-10,Real-Local_04,Mining,Incident,"Approximately at 11:45 a.m. in circumstances that the mechanics Anthony (group leader), Eduardo and Eric Fernández-injured-the three of the Company IMPROMEC, performed the removal of the pulley of the motor of the pump 3015 in the ZAF of Marcy. 27 cm / Length: 33 cm / Weight: 70 kg), as it was locked proceed to heating the pulley to loosen it, it comes out and falls from a distance of 1.06 meters high and hits the instep of the right foot of the worker, causing the injury described.",Yes,Unmapped,Others,Unknown (not recorded in source),Unknown,HIGH,real_ihm_stefanini
OIL-00006,2016-01-12,Real-Local_05,Metals,Incident,"During the unloading operation of the ustulado Bag there was a need to unclog the discharge mouth of the silo truck. In performing this procedure, there was a maneuver of unhooking the hose without the total depressurisation of the mouth, projecting ustulado powder in the collaborator caused irritation in the eyes.",No,Energy Isolation,Pressurized Systems,Unknown (not recorded in source),Unknown,MEDIUM,real_ihm_stefanini
OIL-00007,2016-01-16,Real-Local_05,Metals,Incident,"The collaborator reports that he was on street 09 holding in his left hand the volumetric balloon, when he slipped and when placing his hand on the ground the volumetric balloon ended up breaking caused a small wound in his left hand.",No,Unmapped,Fall prevention (same level),Unknown (not recorded in source),Unknown,MEDIUM,real_ihm_stefanini
OIL-00008,2016-01-17,Real-Local_04,Mining,Incident,"At approximately 04:50 p.m., when the mechanic technician José of the Tecnomin verified the transmission belts of the HM-100 pump at the Acid plant, he proceeded to turn the pulley manually; unexpectedly at that instant the electrician supervisor Miguel of the EKA Mining grabs the transmission belts to verify their tension, at which point the finger traps.",No,Unmapped,Pressed,Unknown (not recorded in source),Unknown,MEDIUM,real_ihm_stefanini
OIL-00009,2016-01-19,Real-Local_02,Mining,Incident,"Employee was sitting in the resting area at level 326 (raise bore), when he suffered sudden illness, falling and suffering excoriation on the face.",Yes,Unmapped,Others,Unknown (not recorded in source),Unknown,HIGH,real_ihm_stefanini
OIL-00010,2016-01-26,Real-Local_06,Metals,Incident,"At the moment the forklift operator went to manipulate big bag of bioxide in section 70 and just in front of the ladder that leads to the area of ​​manual displacement, he splashed spent at the height of his forehead from a fissure in pipe G -069, subsequently spilling to his left eye. The collaborator went to the nearby eyewash for cleaning and immediately to the medical center.",No,Unmapped,Chemical substances,Unknown (not recorded in source),Unknown,LOW,real_ihm_stefanini
OIL-00011,2016-01-28,Real-Local_03,Mining,Incident,"While installing a segment of the polyurethane pulley protective lyner - 60x4x5cm weighing 1.2 kg - on the head pulley of the ore winch, when the pulley is rotated to compress the lyner inside the channel, it falls from its housing 1.50 m rubbing the right side of the worker's hip, generating the injury described.",No,Unmapped,Others,Unknown (not recorded in source),Unknown,MEDIUM,real_ihm_stefanini
OIL-00012,2016-01-30,Real-Local_03,Mining,Incident,"While preparing the rice for the lunch of the day, when moving the pot # 60 - 35 Kg of weight including the contents - to evacuate the residual water of the cooking of the rice, when positioning the pot on a jaba it tilts backwards spilling some 200 ml of hot water on the cook's leg. The cook immediately after the event applies first aid, pouring cold water on the area of ​​the injury and go to the medical post for evaluation.",Yes,Unmapped,Others,Unknown (not recorded in source),Unknown,HIGH,real_ihm_stefanini
OIL-00013,2016-02-01,Real-Local_05,Metals,Incident,The collaborator reports that he was working in the Ustulación and realized that the cyclone duct was obstructed and opened the door to try to unclog the same and the material detached and projected towards the employee causing small burn in the right heel.,No,Unmapped,Liquid Metal,Unknown (not recorded in source),Unknown,LOW,real_ihm_stefanini
OIL-00014,2016-02-02,Real-Local_01,Mining,Incident,"In moments that the operator of the Jumbo 2, tried energize your equipment to proceed to the installation of 4 split set at intersection 544 of Nv 3300, remove the lock and opening the electric board of 440V and 400A, and when lifting the thermomagnetic key This makes phase to ground - phase contact with the panel shell - producing a flash which reaches the operator causing the injury described.",Yes,Energy Isolation,Electrical installation,Unknown (not recorded in source),Unknown,HIGH,real_ihm_stefanini
OIL-00015,2016-02-04,Real-Local_05,Metals,Incident,"Due to the accumulation of Waelz on the conveyor and trailer of the Filter 08FI0502, the employee performed the cleaning of the shutter using the air lance, when he was surprised by the fall of the product that was above the door, passing between the neck and the collar of the aramid jacket and causing burn in the neck and shoulder.",No,Confined Space,Confined space,Unknown (not recorded in source),Unknown,MEDIUM,real_ihm_stefanini
OIL-00016,2016-02-04,Real-Local_05,Metals,Incident,"The employee was working in the When a thermal shock caused a splash of zinc in his direction, the employee, despite using all the indicated PPE, was hit by small spatters that passed between the facila and the hood. small burn in the face region.",Yes,Unmapped,Liquid Metal,Unknown (not recorded in source),Unknown,HIGH,real_ihm_stefanini
OIL-00017,2016-02-06,Real-Local_04,Mining,Incident,"At Rp 050 of level 1620, in circumstances where the workers of the company were performing the task of diamond drilling, the assistants Jhonatan (injured) and Nilton were preparing to increase the HQ perforation pipe located on the scaffolding, Mr. Jhonatan lifts one end of the tube and supports it on the pulley of the equipment frame, the other end being on the working scaffolding, at the moment that Mr. Nilton lifts the end of the HQ pipe that is in the scaffolding to position in the frame, the upper part of the pipe comes out of the pulley falling and striking the right hand of the worker jhonatan against bolts that has the lateral part of the same frame causing the injury described.",Yes,Unmapped,Others,Unknown (not recorded in source),Unknown,HIGH,real_ihm_stefanini
OIL-00018,2016-02-07,Real-Local_06,Metals,Incident,"Due to the overheating of 2 bars in row 5 of cell 7 a spark is produced, which is projected and manages to reach the Chief of guard who was in the corridor, producing a first degree burn in the neck.",No,Unmapped,Others,Unknown (not recorded in source),Unknown,LOW,real_ihm_stefanini
OIL-00019,2016-02-08,Real-Local_06,Metals,Incident,"An auxiliary wheel of the cathode crane G2133 was changed in area 75, when when a bearing was heated and hit with a hammer and chisel at one end of the bearing track, a detachment of a bearing piece occurred, impacting it in the thigh of the right leg producing a cut. The ambulance is called and you are transferred to the clinic.",No,Unmapped,Others,Unknown (not recorded in source),Unknown,LOW,real_ihm_stefanini
OIL-00020,2016-02-21,Real-Local_06,Metals,Incident,"The worker Manuel was making the disconnection of the power cables of the gate that is at the intersection of Manco streets with Cajamarquilla in order to remove it. In circumstances that Mr. José worker of the company ITS, was removing the rope tied in the body of the gate, this yields and falls pulling the warning post which hits the helmet of Mr. who He was standing at his side.",No,Unmapped,Others,Unknown (not recorded in source),Unknown,MEDIUM,real_ihm_stefanini
OIL-00021,2016-02-25,Real-Local_06,Metals,Incident,"At 14:16, the operator Samuel was about to open the container for its subsequent loading with silver concentrate, and opened the first gate. Afterwards, he tries to open the second door and it is when product of the opening of the latter, the first one opens and impacts with the handle the safety lens and generates the injury in the left cheekbone of the face of the operator.",No,Unmapped,Others,Unknown (not recorded in source),Unknown,LOW,real_ihm_stefanini
OIL-00022,2016-02-09,Real-Local_03,Mining,Incident,"In the Raise chamber, when the operator and assistant removed the drilling bar from the 71R drilling machine - weight approx. 500 Kg - holding it at the top with a 2 TM stroke and assisted with jibs to move horizontally, the operator's jib on the bottom slides by moving the top of the drill bar causing the assistant's bar to enforce his assistant's hand between the bar and the piston of the equipment.",Yes,Unmapped,Others,Unknown (not recorded in source),Unknown,HIGH,real_ihm_stefanini
OIL-00023,2016-02-10,Real-Local_03,Mining,Incident,"While aligning the right bracket of tower N ° 32, when releasing the tension applied by the tirford of 1.5 Tn, when pushing the lever towards the tension release point, it returns by mechanical effect overcoming the resistance of the lineman operator and reshaping the the hands of the assistant beating the assistant in the frontal region.",Yes,Unmapped,Others,Unknown (not recorded in source),Unknown,HIGH,real_ihm_stefanini
OIL-00024,2016-02-15,Real-Local_02,Mining,Incident,"By loosening the A30-29 truck's steering cylinder bolt using power cable and socket, with the force exerted in favor of the equipment, the bolt suddenly retired and the employee hit his hand against the structure of the equipment, causing injury.",No,Unmapped,Others,Unknown (not recorded in source),Unknown,LOW,real_ihm_stefanini
OIL-00025,2016-02-14,Real-Local_06,Metals,Incident,"An operator of the G-2142 deslaminadora in section 75 was unlocking a sheet of zinc stuck so that it can enter the slide of the stacking table, for this requires the support of Mr. Mollares and this helps to hold the sheet to place it in the entry chute to the slide. At the moment of releasing the blade, it tilted and brushed Mr. Mollares's left leg. The collaborator went to the nearby eyewash for cleaning and immediately to the medical center.",No,Unmapped,Others,Unknown (not recorded in source),Unknown,LOW,real_ihm_stefanini
OIL-00026,2016-02-15,Real-Local_06,Metals,Incident,"The operator was willing to manually displace the zinc sheet adhered to the aluminum cathode. At the moment when the blade was detached, the blade was released from the cathode, bending and grazing the collaborator's right hand, producing 2 small cuts at the knuckles of the fingers, the worker made use of his gloves. leather. The worker is transferred to the medical unit for first aid.",No,Unmapped,Manual Tools,Unknown (not recorded in source),Unknown,LOW,real_ihm_stefanini
OIL-00027,2016-02-13,Real-Local_01,Mining,Incident,"At the end of lunch in an enabled place on the side of the winche control room. He gets up and after a short walk he slips and sits with the floor and making contact with the left knee and not taking importance in the rest of the guard, when the guard is finished, he goes to safety and communicates the fact, for which reason it is derived Natclar, for your attention.",No,Unmapped,Others,Unknown (not recorded in source),Unknown,LOW,real_ihm_stefanini
OIL-00028,2016-02-15,Real-Local_03,Mining,Incident,"At the end of the rock break at the intersection of the ramp -1055 and the opening of the access to the ventilation chimney, the master loader identifies rocks on the mesh proceeding to unload them, at the end he decides to verify if there are still remains by positioning himself under the line of fire, at which time a fragment of rock falls - 5x4x3cm .; 180 gr - between the cocada mesh impacting between the lens and the helmet causing the injury.",No,Unmapped,Others,Unknown (not recorded in source),Unknown,MEDIUM,real_ihm_stefanini
OIL-00029,2016-02-16,Real-Local_01,Mining,Incident,"The worker carried out his work at level 2940, stop 896; and placed metal mesh on the basket (SOIL HALF) of the Scissor the mesh falls and hits the back of his right hand.",Yes,Unmapped,Others,Unknown (not recorded in source),Unknown,HIGH,real_ihm_stefanini
OIL-00030,2016-02-16,Real-Local_07,Mining,Incident,When using the griff wrench to unscrew the rod from the probe the key came to move by pressing the employee's finger against the probe.,No,Unmapped,Others,Unknown (not recorded in source),Unknown,MEDIUM,real_ihm_stefanini
OIL-00031,2016-02-17,Real-Local_03,Mining,Incident,"When the plant operator was semi-kneeling when lifting the lid or gate (15 kg) of the distributor box of the secondary mill No. 4 and No. 5, his right knee slips due to the presence of debris spilled on the platform or floor (Grating) - which gave him an extra effort in his left leg, generating a muscle contracture.",No,Unmapped,Others,Unknown (not recorded in source),Unknown,LOW,real_ihm_stefanini
OIL-00032,2016-02-19,Real-Local_03,Mining,Incident,"At level -1095 - Access 6 A2 - at times when the engineer trainee planamieto entered to verify the amount of split set placed by the Scissor 184 in the support - holding his notebook and pen in his left hand - while inspecting the roof of the work, he lost the balance when stepping on a rock holding the right hand on a rock on the floor causing the injury. The worker at the time of the accident wore gloves but did not use them because it made it difficult to take notes.",No,Unmapped,Others,Unknown (not recorded in source),Unknown,LOW,real_ihm_stefanini
OIL-00033,2016-02-21,Real-Local_01,Mining,Incident,"The worker Yaranga while working with barretilla in Stop 996, Level 3300. While unloading metal mesh, on the basket of an ampoloader with his operator Juan barretilla is embedded on safety boot, reacting immediately the worker removing the limb with force and managing to release the foot, but producing a wound on the right foot.",Yes,Unmapped,Others,Unknown (not recorded in source),Unknown,HIGH,real_ihm_stefanini
OIL-00034,2016-02-20,Real-Local_04,Mining,Incident,"Approximately 1:40 p.m. in circumstances that shotcrete was launched in the Nv. 1680 BP 255 of the OB2B, after finishing the launch of the first mixkret 113, the assistant of the alpha, Mr. Albertico asks the operator of the mixkret 113, Mr. Jhony to move the mixkret 116, so that access, finding in the cockpit of the mixkret the operator of the Launcher team, Mr. Danon asks him to come down. When the team started, he noticed that Mr. Danon (injured) was imprisoned between the team (height of the left rear rim) and the Hastial de la Labor.",Yes,Unmapped,Others,Unknown (not recorded in source),Unknown,HIGH,real_ihm_stefanini
OIL-00035,2016-02-15,Real-Local_05,Metals,Incident,The employee was clearing the pipe when he tapped his right thumb against the flange causing little trauma.,No,Unmapped,Others,Unknown (not recorded in source),Unknown,LOW,real_ihm_stefanini
OIL-00036,2016-02-18,Real-Local_05,Metals,Incident,"When replacing the telescopic expansion joint of the HDPE pipe of the storm drainage pumping system, it reports that the piece involuntarily moved when it was positioned in the holder, pressing its finger against the holder, causing a wound 1 right chemo.",No,Unmapped,Pressed,Unknown (not recorded in source),Unknown,MEDIUM,real_ihm_stefanini
OIL-00037,2016-02-22,Real-Local_01,Mining,Incident,"During the withdrawal the Kelly bar (conductive bar of 45 Kg, 1.5 m of length and 10 cm of diameter) of the equipment of perforation on the part of two workers, one of them is positioned in the low part to tie the bar and the injured one is position in the upper part to hold the bar, when positioning the bar on the platform they lose control of the bar moving 5 cm with the 2nd finger of the right hand against the pulleys of the frame. At the time of the accident, the worker was wearing safety gloves and the drill rig was blocked.",Yes,Unmapped,Others,Unknown (not recorded in source),Unknown,HIGH,real_ihm_stefanini
OIL-00038,2016-02-24,Real-Local_07,Mining,Incident,When starting the activity of removing a coil of electric cables in the warehouse with the help of forklift truck the operator did not notice that there was a beehive in it. Due to the movement of the coil the bees were excited. Realizing the fact the operator turned off the equipment and left the area. People passing by were stung.,Yes,Unmapped,Others,Unknown (not recorded in source),Unknown,HIGH,real_ihm_stefanini
OIL-00039,2016-02-24,Real-Local_07,Mining,Incident,When starting the activity of removing a coil of electric cables in the warehouse with the help of forklift truck the operator did not notice that there was a beehive in it. Due to the movement of the coil the bees were excited. Realizing the fact the operator turned off the equipment and left the area. People passing by were stung.,Yes,Unmapped,Others,Unknown (not recorded in source),Unknown,HIGH,real_ihm_stefanini
OIL-00040,2016-02-24,Real-Local_01,Mining,Incident,"During the pre-use inspection of the Jumbo 15 (check list) equipment, the operator of the equipment finds behind the seat a plastic bottle filled with a liquid apparently mineral water, without any label or labeling. Take the bottle and take a small sip of the liquid, expelling it immediately when noticing that it was not water, immediately proceeds to wash with enough water and is transferred to the medical center for your attention. The liquid with which it had contact is an esengrasante product of equipment and machinery of low toxicity.",Yes,Unmapped,Others,Unknown (not recorded in source),Unknown,HIGH,real_ihm_stefanini
OIL-00041,2016-02-29,Real-Local_02,Mining,Incident,"During maintenance of the Flyght pump rotor, the oil pressure of the the lubrication chamber caused the chamber cover to be projected towards the employee's face, striking him superficially on the forehead, causing injury.",Yes,Unmapped,Others,Unknown (not recorded in source),Unknown,HIGH,real_ihm_stefanini
OIL-00042,2016-02-26,Real-Local_06,Metals,Incident,"Approx. at 11:22 am there is a leakage of sulfur dioxide (SO2) from section 20/30 due to water seal blowing due to overpressure of the acid plant, at that moment there were 13 collaborators of CORMEI companies, EISSA and COSAPI doing work near the impacted area; who were evacuated to the medical center for their care, then returned to their usual work.",Yes,Energy Isolation,Pressurized Systems / Chemical Substances,Unknown (not recorded in source),Unknown,HIGH,real_ihm_stefanini
OIL-00043,2016-02-27,Real-Local_01,Mining,Incident,"While performing the cutting of the meshes protruding in the gables of the work, the assistant loader is positioned at 1.40mt. on the floor using a portable ladder which was held at the base by the master loader, at which time the loader assistant loses balance and when falling is held by the mesh with the hand hanging at 0.80mt. of the floor causing the injury.",No,Unmapped,Others,Unknown (not recorded in source),Unknown,MEDIUM,real_ihm_stefanini
OIL-00044,2016-03-02,Real-Local_08,Metals,Incident,"The operator was in the center (Demag IV), performing maintenance. When transporting the hydraulic cylinder with the help of another operator the official was unbalanced coming the cylinder that carried to press his finger (Left thumb) against the pillar of support of the oven specified below (figure).",No,Unmapped,Pressed,Unknown (not recorded in source),Unknown,MEDIUM,real_ihm_stefanini
OIL-00045,2016-03-02,Real-Local_06,Metals,Incident,"During the start of the neutral leaching process, the employee Jhonatan proceeds to open the air valve of the tank Airlift a circumstance in which the process solution returns through the chimney, the solution coming into contact with the arm and right foot.",No,Energy Isolation,Blocking and isolation of energies,Unknown (not recorded in source),Unknown,MEDIUM,real_ihm_stefanini
OIL-00046,2016-03-03,Real-Local_03,Mining,Incident,"At a time when two assistants were carrying a bag of cement weighing 42.5 kg to the lamp of the loader - suspended about 10 cm from the floor, the left foot of one of the assistants slid and hit the edge of the baton.",No,Unmapped,Others,Unknown (not recorded in source),Unknown,MEDIUM,real_ihm_stefanini
OIL-00047,2016-03-04,Real-Local_06,Metals,Incident,"The operator cleaned with spatula spear through one of the windows of the boiler, at that time by force action hit the window frame, causing injury to the little finger of the left hand, the operator had all EPP for boiler cleaning.",No,Unmapped,Manual Tools,Unknown (not recorded in source),Unknown,MEDIUM,real_ihm_stefanini
OIL-00048,2016-03-05,Real-Local_03,Mining,Incident,"The locomotive No. 15 operated by MAPERU personnel, was directed with 10 wagons loaded with ore from the OP4 to the waste bin. Next to the waste bin, the patrol car (which goes on the back of the wagons) the moment it passed over a change of track, the left rear wheel of the patrol car leaves the rail advancing the locomotive leaving the patrol car tilted more ahead. The assistant motorist who traveled alone in the patrol car remained inside the structure and suffered minor bruises.",Yes,Unmapped,Others,Unknown (not recorded in source),Unknown,HIGH,real_ihm_stefanini
OIL-00049,2016-03-06,Real-Local_04,Mining,Incident,"On pit 831 of level 1910 when radial drilling was performed of negative holes with the simba M4C ITH No. 5 equipment, when the assistant of the equipment operator made the change of the drill bit, the metal bar (hammer) is released from the coupling of the rotation unit and when abruptly withdrawing his hands hit the back of his right hand against the team's structure. At the time of the accident the team was Paid.",No,Unmapped,Others,Unknown (not recorded in source),Unknown,MEDIUM,real_ihm_stefanini
OIL-00050,2016-03-06,Real-Local_03,Mining,Incident,"At a time when a worker and another partner were preparing to move an oil cylinder (55 gallons) on a mobile platform mounted on rails (platform weighing approximately 200 kg) it is derailed (leaves the rail). In order to place the platform on the rail, both workers lift the platform and in those instants the right hand of one of them is trapped between the rail and the platform structure where it was held (metallic tube protruding from the platform). This accident caused a bruised wound on the index finger of the right hand, there was no fracture. At the time of the accident they both wore leather-type safety gloves.",Yes,Unmapped,Others,Unknown (not recorded in source),Unknown,HIGH,real_ihm_stefanini
OIL-00051,2016-03-09,Real-Local_06,Metals,Incident,"The operator was feeding a bag of big bag containing scraps of Zn sheets. During lifting, this loaded bag is released from the hook of the hoist, making abrupt contact with the liquid zinc of the furnace, generating an explosion and causing the operator to be hit with liquid zinc.",Yes,Line of Fire,Suspended Loads,Unknown (not recorded in source),Unknown,HIGH,real_ihm_stefanini
OIL-00052,2016-03-11,Real-Local_03,Mining,Incident,"In circumstances that two workers of the company INCIMMET made the loading of explosives using an equipment anfoloader, in a front of the work - sustained with shotcreterepentinamente of the right superior part of the crown, a piece of rock of approx. 9. kg, (0.2mx0.15mx0.10m), impacting on the basket and on the back of the helper who was in the basket suspended at 2.2 m height, moments later a block of rock is detached from the wall of the gable approx. 1,500 kg. (1.20mx1.10mx0.40m), which impacts the ampoloader team and part of this block injures the operator of the ampoloader team who was standing on the ground. The equipment anfoloader has a cabin with protection ROPs and FOPs, at the time of the accident both workers used helmets and safety boots. Both suffered polyontusions and minor scoria injuries.",Yes,Unmapped,Others,Unknown (not recorded in source),Unknown,HIGH,real_ihm_stefanini
OIL-00053,2016-03-11,Real-Local_03,Mining,Incident,"In circumstances that two workers of the company INCIMMET fectuaban the loading of explosives using an equipment anfoloader, in a front of the work - sustained with shotcreterepentinamente of the right superior part of the crown, a piece of rock of approx. 9. kg, (0.2mx0.15mx0.10m), impacting on the basket and on the back of the helper who was in the basket suspended at 2.2 m height, moments later a block of rock is detached from the wall of the gable approx. 1,500 kg. (1.20mx1.10mx0.40m), which impacts the ampoloader team and part of this block injures the operator of the ampoloader team who was standing on the ground. The equipment anfoloader has a cabin with protection ROPs and FOPs, at the time of the accident both workers used helmets and safety boots. Both suffered polyontusions and minor scoria injuries.",Yes,Unmapped,Others,Unknown (not recorded in source),Unknown,HIGH,real_ihm_stefanini
OIL-00054,2016-03-13,Real-Local_03,Mining,Incident,"The mechanic assistant after throwing the wooden blocks of support of the stabilizer of the Hiab crane truck to the ground, when descending from the truck by the access ladder when arriving at the last step jumps towards the ground - height of 69cm - treading the edge of one of The wooden blocks cause an injury to the left ankle.",Yes,Unmapped,Others,Unknown (not recorded in source),Unknown,HIGH,real_ihm_stefanini
OIL-00055,2016-03-12,Real-Local_07,Mining,Incident,"By manually moving a steel cabinet for disposal with the help of another employee, the operator had his finger pressed down between the wall and the cabinet causing injury.",Yes,Unmapped,Others,Unknown (not recorded in source),Unknown,HIGH,real_ihm_stefanini
OIL-00056,2016-03-14,Real-Local_06,Metals,Incident,"During the discharge of waste, the operator proceeds to remove a bag that was under the hose rolled, in this circumstance one of the ends of the hose moves in the direction of the face of the driver, projecting the liquid contained in it and impacting it on the ear and part of the face.",No,Unmapped,Chemical substances,Unknown (not recorded in source),Unknown,MEDIUM,real_ihm_stefanini
OIL-00057,2016-03-13,Real-Local_03,Mining,Incident,"In circumstances that the Operator 176 was going from level 620 to level 640, he noticed that the hydraulic pump's inspection cover (18 ""x32"" x3 / 8 "", 15 Kg approx.) Was about to fall, so he stopped the equipment, activates the cats and climbs up the upper part of the equipment and in moments that accommodated the cover it slides on its middle finger causing the injury.",No,Unmapped,Others,Unknown (not recorded in source),Unknown,MEDIUM,real_ihm_stefanini
OIL-00058,2016-03-16,Real-Local_04,Mining,Incident,"When installing the ripper pin of the tractor D6T-N1, the ripper support arm slides by pressing the second and third fingers of the right hand against the base of the ripper causing the injury described.",No,Unmapped,Others,Unknown (not recorded in source),Unknown,LOW,real_ihm_stefanini
OIL-00059,2016-03-10,Real-Local_05,Metals,Incident,"The employee reports that when he lowered the cloths in the purification, he arranged the cart so that it would not grab the pipe, pressing his left hand between the cloths and the cart.",No,Unmapped,Pressed,Unknown (not recorded in source),Unknown,LOW,real_ihm_stefanini
OIL-00060,2016-03-17,Real-Local_01,Mining,Incident,"At the end of the loading of explosives on the work front, the master loader enters to verify the mooring of the blasting accessories, when retiring from the top (1.5 m), he hears the sound of fragments of rock rolling through the support mesh, directs its gaze towards the crown in a vertical form, at which point a small fragment of rock (2x3x2cm; 36gr) passes through the openings of the mesh. sustaining impact on the forehead. At the time of the event the collaborator used his helmet and safety lens and the front was with support to the top and sacrifice mesh. The opening of the support mesh is 3 ""x 3"".",No,Unmapped,Others,Unknown (not recorded in source),Unknown,LOW,real_ihm_stefanini
OIL-00061,2016-03-16,Real-Local_08,Metals,Incident,"The employee, when performing the adjustment / tightening operation of the cutter blade with which he worked, was neglected, the key to slip, causing the blade of the equipment to hit him, causing a blunt cut on his right forearm.",No,Unmapped,Manual Tools,Unknown (not recorded in source),Unknown,LOW,real_ihm_stefanini
OIL-00062,2016-03-18,Real-Local_04,Mining,Incident,"Approximately at 11:50 a.m. in circumstances that the Messrs. of the truck crane) and William de la Cruz culminated the shipment of 03 blocks of metal plates with an approximate weight of 1800 Kg. Mr. William de the Cross (rigger) climbs onto the truck to remove the sling, places both feet under the stretcher that supported the metal plates. At that moment the central part of the stretcher is broken, as a result of which the two feet are imprisoned producing the injury.",Yes,Unmapped,Others,Unknown (not recorded in source),Unknown,HIGH,real_ihm_stefanini
OIL-00063,2016-03-19,Real-Local_01,Mining,Incident,"During the placement of the last support mesh cloth of the work, in moments that from the ground the injured collaborator reached the electrowelded mesh to the operator of the scissor bolter positioned in the basket, when pressing on the mesh, one of the protruding ends of the mesh, crosses the leather glove causing an injury in his right hand.",No,Unmapped,Others,Unknown (not recorded in source),Unknown,MEDIUM,real_ihm_stefanini
OIL-00064,2016-03-14,Real-Local_05,Metals,Incident,The employee checked for acid leakage in the shipping area when he was hit by splashes of solution in his right hemiface.,Yes,Unmapped,Chemical substances,Unknown (not recorded in source),Unknown,HIGH,real_ihm_stefanini
OIL-00065,2016-03-18,Real-Local_05,Metals,Incident,"The employee was clearing the liquid zinc pump from oven 04, when he stepped on the platform and became unbalanced with a twist in his left foot.",Yes,Unmapped,Fall prevention (same level),Unknown (not recorded in source),Unknown,HIGH,real_ihm_stefanini
OIL-00066,2016-03-18,Real-Local_05,Metals,Incident,"The employee was transiting toward the cadmium factory, near tank 1440 on copper sulphate, when acid solution spilled in his direction, reaching his legs causing minor burns.",Yes,Unmapped,Chemical substances,Unknown (not recorded in source),Unknown,HIGH,real_ihm_stefanini
OIL-00067,2016-03-22,Real-Local_03,Mining,Incident,"When carrying out the activity of cutting electrowelded mesh on the work front, the assistant positions his feet on one end of the mesh leaving the other end free, at the moment that the assistant bends down to make the cut with the shear, the end free of the mesh returns by inertia hitting the partner above his safety lens.",No,Unmapped,Others,Unknown (not recorded in source),Unknown,LOW,real_ihm_stefanini
OIL-00068,2016-03-22,Real-Local_01,Mining,Incident,"During the refurbishment work of the HDPE pipes (4 ""of diameter) with two workers, when the worker who secured the pipe with a chain, standing on the basket of the ampoloader - raised to a height of 3.0 m from the ground -, the pipe slipped and impacted his arm right, causing an injury to the radius of the right arm.",Yes,Unmapped,Others,Unknown (not recorded in source),Unknown,HIGH,real_ihm_stefanini
OIL-00069,2016-03-25,Real-Local_01,Mining,Incident,"In circumstances that a dump truck laden with ore entered to unload backwards in a curve in the upper part of via La Laquia, the operator did not notice the unevenness in the road (approximately one meter) approaching the edge and overturning the truck on its right side. The operator traveled alone in the truck and made use of the safety belt, helmet and glasses at the time of the accident. During the unloading process, there were two squares that were 25 m from the accident site. The test of alcohotest to the operator was negative.",Yes,Unmapped,Others,Unknown (not recorded in source),Unknown,HIGH,real_ihm_stefanini
OIL-00070,2016-03-30,Real-Local_04,Mining,Incident,"Being approximately 5:45 pm. On the level. 1710 Cx 018 BP 745, in circumstances that the workers of the company Rock performed the anchorage of the central pin for the anchoring of the drilling machine Diamantina XRD -30 (bob Cat) the assistant Cristian (injured) made the adjustment of the nut of the central bolt with the stilson key No. 18 Simultaneously Jose from the control panel made the movement of the rotation unit for the positioning of the clamp pin, at that moment the frame is slid by pressing the thumb of the assistant's left hand against the stilson key, causing the described injury, due to the lack of securing the frame fixing bolts.",Yes,Unmapped,Others,Unknown (not recorded in source),Unknown,HIGH,real_ihm_stefanini
OIL-00071,2016-03-30,Real-Local_03,Mining,Incident,"After having carried out the mechanized support with the Scissor # 200, the heavy equipment operator picks up the water supply hose towards the drum of the equipment and, while He was heading towards the cabin of the Scissor on the way on a piece of rock - 10 cm high approx. - which displaces by sliding his right foot causing the injury described.",No,Unmapped,Others,Unknown (not recorded in source),Unknown,MEDIUM,real_ihm_stefanini
OIL-00072,2016-03-31,Real-Local_06,Metals,Incident,Being approximately 14:25 h when supervising the line clamping of the POM D071 Roy Canario returning to the thickener D1304 hits his nose with the metal chute out of operation.,No,Unmapped,Others,Unknown (not recorded in source),Unknown,MEDIUM,real_ihm_stefanini
OIL-00073,2016-03-31,Real-Local_08,Metals,Incident,"The employee, performing the truck's unloading operation, an iron bundle pressed his right finger and injured his left arm.",No,Unmapped,Pressed,Unknown (not recorded in source),Unknown,MEDIUM,real_ihm_stefanini
OIL-00074,2016-04-01,Real-Local_03,Mining,Incident,"After loading two blown holes from the previous blasting with the use of a telescopic ladder, the master loader pulls the ladder detaching from the upper support point, about 3 mt. of height, a fragment of rock - 3cm x 3cm x 2 cm; 54 gr - which is projected by the right end of the ladder hitting the master loader on the cheekbone and upper lip producing the lesion described. The master shipper used his safety glasses.",No,Unmapped,Others,Unknown (not recorded in source),Unknown,MEDIUM,real_ihm_stefanini
OIL-00075,2016-04-03,Real-Local_01,Mining,Incident,"During the plant stop scheduled for maintenance, almost at the end of the change of the ""T"" fitting of the HDP pipe with a diameter of 14 "", the Resident enters the work zone from the bottom to supervise the work, in that At the moment four workers - anchored with harness - that were in the upper part manipulating the accessory ""T"" to tie the flanges of the HDP pipe and PVC of 14 ""diameter, suddenly the PVC pipe comes out of its support (pipe with fine material of tailings (Weight 700kg.)) and falls from a height of 2 meters to the floor, bounces and imprisons the resident engineer. Only the injured worker was in the lower part or line of fire.",Yes,Unmapped,Others,Unknown (not recorded in source),Unknown,HIGH,real_ihm_stefanini
OIL-00076,2016-04-02,Real-Local_01,Mining,Incident,"Parking the equipment Dumper ° 18 in the maintenance workshop, the mechanic asks the operator to back off the equipment for washing, then the operator starts the reverse gear with the cab door fully open, upon reaching the washing area (8 meters behind), brakes and the cabin door closes untimely and hits your face, causing a minor injury. In the area was the mechanic at floor level in a safe place.",No,Unmapped,Others,Unknown (not recorded in source),Unknown,MEDIUM,real_ihm_stefanini
OIL-00077,2016-04-01,Real-Local_01,Mining,Incident,"In circumstances that two workers of the Abratech company were doing putty work inside the conditioning tank (5 meters deep and covered by platforms) of metal gratings - grating- in the upper part), two other employees of the HyT company carried out maneuvers transfer of a pump with the help of a manual tick - which worked hooked to a beam H, dragging the pump on the metal gratings (grating), suddenly the pump is hooked with a metal grate (grating) and when trying to release it, the metal grid (grating - 13.0 Kg. (60 cm x 92 cm)) falls inside the tank, hits a diagonal channel inside the tank and then impacts the right arm of one of the workers and rubs the helmet of the second worker that he was crouching. The area where the bomb was being moved was marked with tape and did not have a lookout.",Yes,Unmapped,Others,Unknown (not recorded in source),Unknown,HIGH,real_ihm_stefanini
OIL-00078,2016-04-01,Real-Local_01,Mining,Incident,"In circumstances that two workers of the Abratech company were doing putty work inside the conditioning tank (5 meters deep and covered by platforms) of metal gratings - grating- in the upper part), two other employees of the HyT company carried out maneuvers transfer of a pump with the help of a manual tick - which worked hooked to a beam H, dragging the pump on the metal gratings (grating), suddenly the pump is hooked with a metal grate (grating) and when trying to release it, the metal grid (grating - 13.0 Kg. (60 cm x 92 cm)) falls inside the tank, hits a diagonal channel inside the tank and then impacts the right arm of one of the workers and rubs the helmet of the second worker that he was crouching. The area where the bomb was being moved was marked with tape and did not have a lookout.",Yes,Unmapped,Others,Unknown (not recorded in source),Unknown,HIGH,real_ihm_stefanini
OIL-00079,2016-03-10,Real-Local_10,Others,Incident,"When accessing the Santa do Novo area, in order to open the chop, General was moving ahead of the team in order to open access for Manetometer, when he came across an area with a steep slope and gravel presence. In a certain place of access the employee slipped, coming with this to become unbalanced. At that moment the machete that was in his left hand came to slip the right leg above the knee, causing a cut 3cm.",No,Unmapped,Others,Unknown (not recorded in source),Unknown,LOW,real_ihm_stefanini
OIL-00080,2016-03-24,Real-Local_10,Others,Incident,"When performing the sleeve removal maneuver, when the hole was 600 meters deep, General da Silva pressed only one side of the locking nut of the rods, which together with the jack, holds the entire weight of the rods in the maneuver. As the locking procedure was not effective, the weight of the rods was only secured by the steel wire rope of the probe winch. At the moment that driller Pedro released the brake of the winch, the inefficacy of the locking done only in one side of the chestnut and without aid of the monkey, caused the sliding of the rods. Auxiliary was prepared for manual unlocking of the rods, holding the faucet key firmly against the probe tower as the composition shifted. As the stems slid, his hands were shifted downward, causing his left hand to strike against the base of the probe tower structure, causing cuts to the 4th and 5th Quirodactyl. employee was taken to the hospital where he went through medical care. wound was sutured with 16 stitches. same was removed for 10 days from his activities.",Yes,Unmapped,Poll,Unknown (not recorded in source),Unknown,HIGH,real_ihm_stefanini
OIL-00081,2016-03-22,Real-Local_10,Others,Incident,"During the trip to the vehicle, at the end of the work, the collaborator Rhainer stepped on an object that he could not identify, thus coming to pierce the sole of the boot and causing a small hole in the sole of the left foot of the collaborator. The perforation was possibly due to a stump of wood, since the area covered by the collaborator, was a pasture grazed recently and near a residence.",No,Unmapped,Others,Unknown (not recorded in source),Unknown,LOW,real_ihm_stefanini
OIL-00082,2016-03-31,Real-Local_03,Mining,Incident,"In the workshop level -970 in Box # 1, while TWO the mechanics manipulated a steel plate - 60cm x40cm x 2.5cm; 50 Kg - to place it in the gutter of the workshop and be able to remove the Scaler # 142, the plate slides and restricts the right ring finger between the gable and the plate causing the injury. The collaborator used gloves at the time of the accident",No,Unmapped,Others,Unknown (not recorded in source),Unknown,LOW,real_ihm_stefanini
OIL-00083,2016-04-04,Real-Local_09,Metals,Incident,"When it opens the suction valve of the 420-BO-01 acid pump, the cable of the same pump comes loose by pressing the 5th finger of the employee's left hand against the tubing, causing a fracture in the distal phalanx. Photos",Yes,Unmapped,Manual Tools,Unknown (not recorded in source),Unknown,HIGH,real_ihm_stefanini
OIL-00084,2016-04-05,Real-Local_06,Metals,Incident,"The worker carried out the disassembly of 03 scaffolding bodies in the pulpomatic of the thickener D2251. the dismantling of the base of the scaffold, located approximately one meter high from the floor of the sump, the rivets of the anchor support of the platform were broken, causing the fall of the worker and impacting the right knee with the support that I am anchored in one of the horizontals of the scaffolding structure.",No,Unmapped,Fall prevention (same level),Unknown (not recorded in source),Unknown,MEDIUM,real_ihm_stefanini
OIL-00085,2016-04-05,Real-Local_05,Metals,Incident,Employee reports that when handling the air conditioning pressed the 2nd right chirodactilo causing a contusion.,No,Unmapped,Pressed,Unknown (not recorded in source),Unknown,MEDIUM,real_ihm_stefanini
OIL-00086,2016-04-07,Real-Local_03,Mining,Incident,"After parking a van next to a cluster of wooden sleepers and boards, the driver, on descending, stepped on a board in which an iron nail protruded 11/2 ""long, which he did not identify as the board was submerged in a puddle of water. This accident caused a minor wound on the sole of the left foot. At the time of the accident the worker was wearing safety boots.",No,Unmapped,Others,Unknown (not recorded in source),Unknown,LOW,real_ihm_stefanini
OIL-00087,2016-04-08,Real-Local_03,Mining,Incident,"During the maintenance of the locomotive N ° 16 in the workshop of level -1170, the assistant when pulling the locomotive chair backwards stumbles against the ventilation grille, falling on the platform of the locomotive and then to the floor of the workshop from a height 1.17m generating the injury. At the time of the accident the assistant used his safety helmet and chin strap.",Yes,Unmapped,Others,Unknown (not recorded in source),Unknown,HIGH,real_ihm_stefanini
OIL-00088,2016-04-11,Real-Local_01,Mining,Incident,"Once the RB machine is lifted (weight 7 tn) at 15 cm from the floor level, the accidently proceeds to pull the RB machine with a key of 5 tons (maximum cap), to lay it on the floor, after advancing 70 cm horizontally, the anchor bolt (pig tail type, 5/8 ""diameter) to which the key was hooked, it breaks transversely, and with the pulling force, this key is projected onto the injured person's left shoulder causing the injury. - The injured was 1.50 meters from the key. - At the time of the incident, the assistant was 5 meters away doing order and cleaning",Yes,Unmapped,Others,Unknown (not recorded in source),Unknown,HIGH,real_ihm_stefanini
OIL-00089,2016-04-11,Real-Local_01,Mining,Incident,"When positioning the scissor bolter N ° 09 in the East of stope 175 (40 meters from the top), the operator and his assistant verify that the ventilation sleeve will obstruct the support of the left gable, so they decide to section the sleeve and direct it towards the main corridor; the injured person decides to climb to the roof of the equipment cabin (surface: 1.5 square meters) to carry out the reinstallation of the sectioned sleeve and, without noticing, he steps on empty and falls from the equipment from a height of 2.50 meters. At the time of the accident, the operator was on the scissor bolter platform, the equipment was positioned and blocked to perform the maintenance and the assistant was wearing a safety helmet and chin strap.",Yes,Unmapped,Others,Unknown (not recorded in source),Unknown,HIGH,real_ihm_stefanini
OIL-00090,2016-04-14,Real-Local_08,Metals,Incident,"During the cleaning of the 16 ""vertical pipe using the hydrojet equipment (high pressure hose), the hose returned due to obstruction of the pipe with residue, reaching the operator who was actuating the equipment pedal .",No,Energy Isolation,Pressurized Systems,Unknown (not recorded in source),Unknown,MEDIUM,real_ihm_stefanini
OIL-00091,2016-04-14,Real-Local_04,Mining,Incident,"In bypass 100 of level 1970 when the workers of the company Incimet Raul (operator of Bolter bolting team) and Rolando (assistant) retired after installing the support with helical bolt, the pink team with a mesh overhanging the gable, so the teacher tells his assistant to cut the mesh and the instant the assistant finished cutting the mesh, it suddenly rises hitting his face causing the injury described.",No,Unmapped,Others,Unknown (not recorded in source),Unknown,LOW,real_ihm_stefanini
OIL-00092,2016-04-16,Real-Local_04,Mining,Incident,"Being 2:40 am. Approximately, Luna - master loader of the company Incimet was carrying out the loading activity of the front in the Cruiser 771 of the 1970 level; in moments that was tying the pentacord of the crown and trying to reach the fanel on the left side, loses balance by a movement of the ladder and falls to the floor resulting in the accident.",No,Unmapped,Others,Unknown (not recorded in source),Unknown,MEDIUM,real_ihm_stefanini
OIL-00093,2016-04-16,Real-Local_03,Mining,Incident,"In moments that the worker-mechanic was the workshop of maintenance, the wire of his mining lamp is hooked with a drill hole (4.0 Kg) that was on the work table of the workshop, which fell 1.m and impacted his left foot causing a minor bruise. At the time of the accident the collaborator used his safety boots with steel toecap.",No,Unmapped,Others,Unknown (not recorded in source),Unknown,MEDIUM,real_ihm_stefanini
OIL-00094,2016-04-15,Real-Local_03,Mining,Incident,"In general store, while two store attendants removed the compartment a rubber mesh for material classification - 1.8 m.x1.2 m.x0.02 m .; 60 kg of weight - when lifted approx. 40 cm to position it against the edge of another mesh placed on the floor on a litter, this slightly imprisons the index finger of the right hand of one of the assistants causing a minor cutting wound. At the time of the accident the injured worker used leather gloves.",No,Unmapped,Others,Unknown (not recorded in source),Unknown,LOW,real_ihm_stefanini
OIL-00095,2016-04-17,Real-Local_05,Metals,Incident,"Employee reports that when attempting to manually ingot of Zinco, on the rotary table of the L1 ingot, hit with the left hand against the angle in the structure of the ingot, by pressing the finger between the ingot and the angle.",Yes,Unmapped,Cut,Unknown (not recorded in source),Unknown,HIGH,real_ihm_stefanini
OIL-00096,2016-04-18,Real-Local_03,Mining,Incident,"When moving a roll of electro-welded mesh of 95 kg of weight to place on the hopper of the truck, two operators pull the roll of mesh to bring it to the hopper of the truck at which time the imprisonment of the left hand of one of the operators between the mesh and the body of the hopper generating the described injury. At the time of the accident, both operators were wearing PVC-type safety gloves.",No,Unmapped,Others,Unknown (not recorded in source),Unknown,MEDIUM,real_ihm_stefanini
OIL-00097,2016-04-21,Real-Local_02,Mining,Incident,"When performing cleaning with LHD in block F 9970 at level 420, the operator was surprised by a rock block displacement of the side of the gallery, reaching his right leg causing him superficial injury",Yes,Unmapped,Others,Unknown (not recorded in source),Unknown,HIGH,real_ihm_stefanini
OIL-00098,2016-04-22,Real-Local_01,Mining,Incident,"the workshop at the end of the welding work in the small bolter equipment, the welder proceeds to clean the inside of a metal stool, impregnated with thinner (flammable liquid) and with the help of a hammer and screwdriver proceeds to remove the oxides, when hitting The screwdriver with the hammer produces a flash in the internal base of the stool, which produces a slight burn in the right hand of the welder. - At the time of the accident, the welder only uses a glove on the left hand ..",No,Unmapped,Others,Unknown (not recorded in source),Unknown,LOW,real_ihm_stefanini
OIL-00099,2016-04-23,Real-Local_04,Mining,Incident,"Being 12:20 pm. Approximately in NV 1680 OB5 CX 018, Mr. Cesar - Operator of mine services, in an instant that he was picking up the cat position one of the truck crane of plate ACL 804, when raising with the right hand the lower part of the cat is indexed the index finger of the left hand, between the body of the cylinder valve of the cat and the valve of the turntable that was in the upper part.",No,Unmapped,Others,Unknown (not recorded in source),Unknown,MEDIUM,real_ihm_stefanini
OIL-00100,2016-04-22,Real-Local_05,Metals,Incident,The employee reports that he placed the air lance in the tank 1604 and then opened the manual air valve and projection of acid solution heated toward him reaching the front of the left thigh.,Yes,Energy Isolation,Pressurized Systems / Chemical Substances,Unknown (not recorded in source),Unknown,HIGH,real_ihm_stefanini
OIL-00101,2016-04-26,Real-Local_05,Metals,Incident,The injured woman performed cleaning and when cleaning the sink of the collection room pierced the finger with a fragment of glass.,No,Unmapped,Cut,Unknown (not recorded in source),Unknown,LOW,real_ihm_stefanini
OIL-00102,2016-04-28,Real-Local_05,Metals,Incident,"after discharging sodium hydroxide and disconnecting the hose, the employee placed next to the demineralization suction pump, which was turned off, receiving projection from the pump sensor, causing a 1st degree burn.",No,Unmapped,Chemical substances,Unknown (not recorded in source),Unknown,MEDIUM,real_ihm_stefanini
OIL-00103,2016-04-29,Real-Local_04,Mining,Incident,"Mr. Jesus operator of the concrete throwing team (alpha N ° 18) was shooting shotcrete in the Cx work. 001 Nv. 1710 OB1. applying 0.5 m3, he realizes that the additive did not come out in the mix, directing to lift the cover of the passage valve (54 Cm x 53 Cm of ¼ inch of thickness approximately 15 Kg). verifying that the valve was open, release the lid and it hits to the third finger of the left hand against the base, causing the injury.",Yes,Unmapped,Others,Unknown (not recorded in source),Unknown,HIGH,real_ihm_stefanini
OIL-00104,2016-04-30,Real-Local_05,Metals,Incident,"The employee performed the return of the load at the entrance of the debarking machine, while trying to align a cathode was pressed in his right hand.",Yes,Unmapped,Pressed,Unknown (not recorded in source),Unknown,HIGH,real_ihm_stefanini
OIL-00105,2016-04-30,Real-Local_01,Mining,Incident,"The injured worker begins the work of presenting the support mesh cloth on the floor, making an initial cut in the mesh of a section of 0.3 m x 2.0 m for the ponchos, originating in the remaining mesh wicks (tips with prongs) protruding. When trying to make a second mesh cut, it is positioned at the edge of the remaining mesh with wicks to prevent them from curling, at which point it tries take your shear and remove the right foot of the mesh causing the mesh to roll up and embed a wick (tip with poles) through the left boot causing the injury. At the time of the accident the worker was wearing safety boots.",No,Unmapped,Others,Unknown (not recorded in source),Unknown,LOW,real_ihm_stefanini
OIL-00106,2016-04-30,Real-Local_03,Mining,Incident,"In the DDH chamber of the company Explomin, located at the level -100 Socorro ramp 334, when the worker - assistant driller-was dismantling the fifth drill rod (NQ - 3 meters of steel with a weight of 24 kg) , using a stilson key (No. 18), at that moment the operator operates the rotation unit, the drill rod rotates by pressing the left hand of the worker against the base of the rod holder, causing an injury to the left hand. At the time of the accident, the drilling assistant used rubber gloves",Yes,Unmapped,Others,Unknown (not recorded in source),Unknown,HIGH,real_ihm_stefanini
OIL-00107,2016-05-01,Real-Local_04,Mining,Incident,"When carrying out the maneuver to increase the HQ pipe line, the driller Wilder indicates the assistant Gilton introduce the inner pipe to the drill, the assistant introduces the inner pipe and places his hand in the box of the pipe, while the driller Without noticing, he moves the pipe over the assistant's hand and opens the chuck of the rotation unit, dropping the pipe, imprisoning the injured person's right hand causing the injury.",Yes,Unmapped,Others,Unknown (not recorded in source),Unknown,HIGH,real_ihm_stefanini
OIL-00108,2016-05-02,Real-Local_05,Metals,Incident,The employee reports that climbing the access ladder to the operating room of the Ustulation was surprised by the projection of sulfuric acid.,Yes,Unmapped,Chemical substances,Unknown (not recorded in source),Unknown,HIGH,real_ihm_stefanini
OIL-00109,2016-05-04,Real-Local_10,Others,Incident,"When performing geological mapping activity, it was necessary to hammer a rock for analysis, at the moment when the clerk held it, a pointed fragment slipped on the third quirodactyl of the right hand causing a superficial cut.",No,Unmapped,Manual Tools,Unknown (not recorded in source),Unknown,LOW,real_ihm_stefanini
OIL-00110,2016-05-03,Real-Local_04,Mining,Incident,"Being 04:20 p.m. approximately, in the Nv. 1880, CX-781. Mr. Kevin helper of Jumbo 55, removed the drill rod that was in the drilling hole, instants that breaks the chain of subjection of the table of the drilling machine, sliding down achieving rubbing the index finger of the left hand, causing the injury.",Yes,Unmapped,Others,Unknown (not recorded in source),Unknown,HIGH,real_ihm_stefanini
OIL-00111,2016-05-04,Real-Local_04,Mining,Incident,"Being 11:30 am. approximately, in the Nv. 1940, CX-791. Mr. Francisco - Operator of the Scoop 18, observes a polyethylene pipe thrown on the road, proceeding to lower his equipment and when was found by lifting the pipe to the hook of the right gable, a piece of rock that was suspended in the lectro-welded mesh, impacting on the operator's right eyebrow, causing the injury.",No,Unmapped,Others,Unknown (not recorded in source),Unknown,MEDIUM,real_ihm_stefanini
OIL-00112,2016-05-04,Real-Local_05,Metals,Incident,"When conducting inspection to evaluate activity to be carried out in the pump house of the Ustulation steam station, it was hit by sulfuric acid spills from a line located above the pump house of the thermal recovery boiler.",No,Unmapped,Chemical substances,Unknown (not recorded in source),Unknown,MEDIUM,real_ihm_stefanini
OIL-00113,2016-05-04,Real-Local_05,Metals,Incident,"When conducting inspection to evaluate activity to be carried out in the pump house of the Ustulation steam station, it was struck by sulfuric acid spills from a line located above the house of thermal recovery boiler pumps.",No,Unmapped,Chemical substances,Unknown (not recorded in source),Unknown,MEDIUM,real_ihm_stefanini
OIL-00114,2016-05-05,Real-Local_05,Metals,Incident,"The employee was sanding a piece in the Electrolysis at the end of the operation, when the protective cap of the disk spun to the back of the left hand.",No,Unmapped,Manual Tools,Unknown (not recorded in source),Unknown,MEDIUM,real_ihm_stefanini
OIL-00115,2016-05-05,Real-Local_08,Metals,Incident,"During the die cutting of the feeder (PEAD geomembrane blanket weld seam) to store the extruder, the stylet blade came in the direction of its left forearm, resulting in blunt short injury.",No,Unmapped,Manual Tools,Unknown (not recorded in source),Unknown,LOW,real_ihm_stefanini
OIL-00116,2016-05-11,Real-Local_03,Mining,Incident,"In the welding workshop of level 3620 (Ex -450 tunnel quinoa), in moments that the assistant raised a wooden strut - 3m long x 4 ""diameter - 20 Kg of weight, to place it on the work table at 1.30 m of height, treads another wooden strut placed on the floor losing the balance falling at the same level lying laterally on a concrete wall causing a bruise on the left shoulder.",No,Unmapped,Others,Unknown (not recorded in source),Unknown,MEDIUM,real_ihm_stefanini
OIL-00117,2016-05-12,Real-Local_06,Metals,Incident,"On Sunday, 15, the collaborator goes to the medical center saying that he had an accident 3 days ago when he performed internal maintenance work on the heat exchangers, defined as a confined space and at risk of burning with acid. When leaving the confined space, the employee removes the protective gloves without having passed through the emergency shower; At that moment, skin contact occurs with sulfates, generating the lesion.",No,Unmapped,Chemical substances,Unknown (not recorded in source),Unknown,LOW,real_ihm_stefanini
OIL-00118,2016-05-11,Real-Local_01,Mining,Incident,"In moments that the truck of transport of personnel of the company MCEISA plate AJG-751, moved from the Nv 3300 to surface, missing 50m to reach the mouth of the Nv 3900, the gearbox does not respond so the driver stops the truck to inspect it along with maintenance personnel who At that time I was traveling in the truck. They raise the cabin to manually put the change in first and continue the trip, culminated this task the driver with the support of the maintenance personnel lower the cabin which due to the weight falls hitting the driver between the cabin and the hopper of the truck. At the time of the accident the employee was wearing his safety helmet and chin strap.",Yes,Unmapped,Others,Unknown (not recorded in source),Unknown,HIGH,real_ihm_stefanini
OIL-00119,2016-05-14,Real-Local_01,Mining,Incident,"After completing the welding work on the backhoe bucket made for 4 hours, during which he used glass moon # 10, the welder feels a slight discomfort in the eyes, so he is transferred to the medical service for evaluation . During the accident the welder used facial mask for welding.",Yes,Unmapped,Others,Unknown (not recorded in source),Unknown,HIGH,real_ihm_stefanini
OIL-00120,2016-05-17,Real-Local_11,Others,Incident,"When an employee of MILPO Lima visited the facilities, when he was at level 2900, waiting for the personnel cage to go up to level 4070, drops of water fall from the ceiling from a height of 2.20 meters approximately, product of a slight filtration in the crown (sustained with shotcrete), a drop enters the right eye causing discomfort in the right eye. According to the employee, at the time of the accident the lenses had been removed to clean them, this happened after the visit to the interior of the mine.",No,Unmapped,Others,Unknown (not recorded in source),Unknown,LOW,real_ihm_stefanini
OIL-00121,2016-05-19,Real-Local_03,Mining,Incident,"At the El Porvenir sub-station at level 4240, when assembling a metal structure (approximately 120 kg) with the support of a lifting system, three operators try to accommodate the structure to anchor it on its base, at this moment the Metallic structure slides in the direction of the injured worker's right hand, producing a slight right hand accretion between the head of the bolt and the base of the structure causing the injury. At the time of the accident the operators made use of their safety gloves.",Yes,Unmapped,Others,Unknown (not recorded in source),Unknown,HIGH,real_ihm_stefanini
OIL-00122,2016-05-18,Real-Local_05,Metals,Incident,"The employee was performing carbon steel pipe marking activity when his helmet was struck by a tube, causing a scalp wound due to the impact of the helmet's sheepskin.",No,Unmapped,Others,Unknown (not recorded in source),Unknown,MEDIUM,real_ihm_stefanini
OIL-00123,2016-05-22,Real-Local_08,Metals,Incident,"During the maintenance on the LX-P-205B pump, there was the projection of silicate pulp, reaching the right leg of the employee.",No,Energy Isolation,Blocking and isolation of energies,Unknown (not recorded in source),Unknown,MEDIUM,real_ihm_stefanini
OIL-00124,2016-05-20,Real-Local_06,Metals,Incident,"In circumstances that the collaborator Juveni performed the washing of the tabolas in the pot washing area, she suffers a feeling of dizziness and faintness causing the fall the same level and producing a slight concussion in the head.",No,Unmapped,Fall prevention (same level),Unknown (not recorded in source),Unknown,LOW,real_ihm_stefanini
OIL-00125,2016-05-22,Real-Local_03,Mining,Incident,"During the transit of the fuel tanker of level 3530 at level 2925 by the north ramp; When passing through level 3140 the operator feels that the right rear tire skids and when the operator performs a defensive maneuver the truck hits the left gable causing the injury described. At the time of the accident, the pilot and co-pilot were wearing a safety belt, their safety glasses and helmet.",Yes,Unmapped,Others,Unknown (not recorded in source),Unknown,HIGH,real_ihm_stefanini
OIL-00126,2016-05-24,Real-Local_10,Others,Incident,"During field trip, to return to work after lunch, the employee of the Wellfield company slipped on the loose stones that were in the place. At that moment, with the intention of balancing, he tried hold onto a tree, falling under the right arm causing fracture at the distal end of the radius. The activity was paralyzed and the employee was referred to the Hospital in Paracatu where he underwent medical care.",Yes,Working at Height,Fall,Unknown (not recorded in source),Unknown,HIGH,real_ihm_stefanini
OIL-00127,2016-05-12,Real-Local_04,Mining,Incident,"Being 10:50 am. Approximately, in the workshop of mechanical maintenance (surface) Mr. Orlando of boltec) and his assistant Mr. Macedonio made the cut of the link to shorten the distance of the chain and hold the injection hose of resin, instant that the saw blade leaves its cutting position, affecting the second finger of the left hand causing the injury.",No,Unmapped,Others,Unknown (not recorded in source),Unknown,MEDIUM,real_ihm_stefanini
OIL-00128,2016-05-25,Real-Local_04,Mining,Incident,"During the tests of the soft starter of the engine of belt 03 the collaborator Igor moves around the site and at approximately 19:45 pm falls into a trench for electric cables, (0.90m deep), the same as was found partially discovered.",No,Unmapped,Others,Unknown (not recorded in source),Unknown,MEDIUM,real_ihm_stefanini
OIL-00129,2016-05-27,Real-Local_02,Mining,Incident,"When checking voltage at the power outlet of the the plug and socket to make sure the connection was correct, when there was a small electrical arc in the power cord, causing a slight burn in the right hand wrist. The protection system acted immediately.",Yes,Unmapped,Others,Unknown (not recorded in source),Unknown,HIGH,real_ihm_stefanini
OIL-00130,2016-05-25,Real-Local_10,Others,Incident,"The ground team coordinated by Prospector with his assistants: da Silva and Wila 14:45 p.m., in a prong opening to access and collect soil samples, Auxiliar came across some he tried to divert about 10 meters to the right of the place, but at the moment of the diversion he came across the marimbondo house in front of him, not giving time for any other action since the thugs were already agitated, da Silva 5 times: a sting in the head, another behind the neck and other 3 stings in the face. Since all have allergy tests, it was verified that there was no allergic reaction, washed the affected part and returned to normal activities.",No,Unmapped,Bees,Unknown (not recorded in source),Unknown,LOW,real_ihm_stefanini
OIL-00131,2016-05-26,Real-Local_10,Others,Incident,"In the geological reconnaissance activity, in the farm of Mr. Lázaro, the team composed by Felipe and Divino de Morais, in normal activity encountered a ciliary forest, as they needed to enter the forest to verify a rock outcrop which was the front, the Divine realized the opening of the access with machete. At that moment, took a bite from his neck. There were no more attacks, no allergic reaction, and continued work normally. With the work completed, leaving the forest for the same access, the Divine assistant was attacked by a snake and suffered a sting in the forehead. At that moment they moved away from the area. It was verified that there was no type of allergic reaction and returned with normal activities.",No,Unmapped,Bees,Unknown (not recorded in source),Unknown,LOW,real_ihm_stefanini
OIL-00132,2016-05-26,Real-Local_10,Others,Incident,"In the geological reconnaissance activity, in the farm of Mr. Lázaro, the team composed by Felipe and Divino de Morais, in normal activity encountered a ciliary forest, as they needed to enter the forest to verify a rock outcrop which was the front, the Divine realized the opening of the access with machete. At that moment, took a bite from his neck. There were no more attacks, no allergic reaction, and continued work normally. With the work completed, leaving the forest for the same access, the Divine assistant was attacked by a snake and suffered a sting in the forehead. At that moment they moved away from the area. It was verified that there was no type of allergic reaction and returned with normal activities.",No,Unmapped,Others,Unknown (not recorded in source),Unknown,LOW,real_ihm_stefanini
OIL-00133,2016-06-01,Real-Local_05,Metals,Incident,The clerk was peeling and pulling a sheet came another one that struck in his 5th chirodactile of the left hand tearing his PVC sleeve caused a cut.,No,Unmapped,Cut,Unknown (not recorded in source),Unknown,MEDIUM,real_ihm_stefanini
OIL-00134,2016-06-02,Real-Local_05,Metals,Incident,"During the process of washing the material (Becker), the tip of the material was broken which caused a cut of the 5th finger of the right hand",No,Unmapped,Cut,Unknown (not recorded in source),Unknown,MEDIUM,real_ihm_stefanini
OIL-00135,2016-06-03,Real-Local_01,Mining,Incident,"In circumstances that the collaborator performed the cleaning of the ditch 3570, 0.50 cm deep, removing the pipe of 2 ""HDPE material with an estimated weight of 30 Kg. Together with two collaborators, when pushing the tube to drain the dune, the collaborator is hit on the lower right side lip producing a slight blow to the lip. At the time of the event, the collaborator had a safety helmet, glasses and gloves.",No,Unmapped,Others,Unknown (not recorded in source),Unknown,LOW,real_ihm_stefanini
OIL-00136,2016-06-04,Real-Local_04,Mining,Incident,"Being 01:50 p.m. approximately, in the Nv. 1800, in the Tecnomin winery. Mr. Chagua - Bodeguero was alone, cutting wires No. 16 with a grinder, previously he had removed the protection guard from the disk of 4 inches in diameter and adapted a disk of a crosscutter of approximately 8 inches. Originating traumatic amputation of two fingers of the left hand",Yes,Unmapped,Others,Unknown (not recorded in source),Unknown,HIGH,real_ihm_stefanini
OIL-00137,2016-06-03,Real-Local_10,Others,Incident,"During the field trip, on LT 01 of the Lajes target, Junior da Costa official stepped on a wooden stump that was on the ground, approximately 5 cm, which pierced his boot wounding the sole of the right foot. At the time of the accident, the employee was using all the PPE required for the activity and had his hands free. The employee was taken to the hospital, where he went through medical care, and was released to return to his activities the next day of work.",No,Unmapped,Others,Unknown (not recorded in source),Unknown,LOW,real_ihm_stefanini
OIL-00138,2016-06-05,Real-Local_03,Mining,Incident,"at level 2900, during the ore hauling activity with locomotive from the OP2 to the bines, at times when the convoy was traveling through the hopper of the OP1, the assistant motorist who was riding in the saddle holding the pole is struck weakly by a split set which was suspended in the HDP pipeline in the gable the work at 1.65 meters from the floor. At the time of the accident, the assistant was wearing all his safety equipment and was wearing a seatbelt. At the time of the accident the Split set only accompanied the movement path of the convoy.",No,Unmapped,Others,Unknown (not recorded in source),Unknown,MEDIUM,real_ihm_stefanini
OIL-00139,2016-06-05,Real-Local_06,Metals,Incident,"The employee who works as an electrician in the management of electrometallurgy, suffers contusion in the right leg when suffering a slip at the height of step 3 of the staircase with code ELE-81-040 (ABB furnace cat ladder), immediately He is referred to a collaborator to the medical service to be treated.",No,Unmapped,Fall prevention,Unknown (not recorded in source),Unknown,LOW,real_ihm_stefanini
OIL-00140,2016-06-08,Real-Local_04,Mining,Incident,"At times that the workers: Technician and Mr. Orlando of Boltec 2 of Cia. wanted to pass the hand stacker by a sardinel, the technician pulled the hydraulic arm, while Mr. was pushing from the nail of the equipment, when reaching the trench the rim is tied and the team turns forward falling on the technician.",No,Unmapped,Others,Unknown (not recorded in source),Unknown,MEDIUM,real_ihm_stefanini
OIL-00141,2016-06-07,Real-Local_01,Mining,Incident,"In circumstances where the employee made the connection of the electric cable of the No. 08 jumbo, the operator feels discomfort in the face cleaning with the hand while using the rubber glove, generating a superficial laceration (small wound) on the left cheekbone.",No,Unmapped,Others,Unknown (not recorded in source),Unknown,LOW,real_ihm_stefanini
OIL-00142,2016-06-07,Real-Local_03,Mining,Incident,"In phase III of the concentrator plant, the maintenance personnel carried out the removal of transmission belt from the flotation cell of Pb cleaning; at the moment the mechanic removed the belt he leans on his left leg which slides towards the grating floor, leaving his foot between the two pipes generating the lesion described. The work was carried out at the floor level and at the time of the accident, the staff had put on their safety equipment.",No,Unmapped,Others,Unknown (not recorded in source),Unknown,MEDIUM,real_ihm_stefanini
OIL-00143,2016-06-08,Real-Local_06,Metals,Incident,At approximately 6:20 p.m. on 08/06/16 the operator Eustaquio falls down from the metal platform that gives access to tank D-1021 of the strong acid leaching stage and suffers luxo-fractures in the wrist left when leaning on the floor with his hand. The operator was directed to the first tank of the strong acid leaching stage (Tk D-2040) to verify the entry of spent to the taque.,Yes,Unmapped,Fall prevention (same level),Unknown (not recorded in source),Unknown,HIGH,real_ihm_stefanini
OIL-00144,2016-06-08,Real-Local_10,Others,Incident,"Project of Vazante that carried out sediment collection of current in the South of Mata target, in the drainage of Serra do Garrote. team that was composed of 04 members of the WCA company, being the S.r.s Leandro, and Jehovânio. they were moving from one collection point to another, inside a shallow drainage, they saw the bee carton, the reaction was to move away from the box as quickly as possible to avoid the stings, they ran about 50 meters, looking for a safe area, to exit the radius of attack of the bees, but the S.S. and Breno), were attacked and consequently they suffered 02 stings, in the belly and Jehovah in the hand, verified that there was no type of allergic reaction, returned with the normal activities.",No,Unmapped,Bees,Unknown (not recorded in source),Unknown,LOW,real_ihm_stefanini
OIL-00145,2016-06-08,Real-Local_10,Others,Incident,"Project of Vazante that carried out sediment collection of current in the South of Mata target, in the drainage of Serra do Garrote. team that was composed of 04 members of the WCA company, being the S.r.s Leandro, and Jehovânio. they were moving from one collection point to another, inside a shallow drainage, they saw the bee carton, the reaction was to move away from the box as quickly as possible to avoid the stings, they ran about 50 meters, looking for a safe area, to exit the radius of attack of the bees, but the S.S. and Breno), were attacked and consequently they suffered 02 stings, in the belly and Jehovah in the hand, verified that there was no type of allergic reaction, returned with the normal activities.",No,Unmapped,Others,Unknown (not recorded in source),Unknown,LOW,real_ihm_stefanini
OIL-00146,2016-06-10,Real-Local_05,Metals,Incident,"The employee reports that he was working with brushcutters near the Stone when the blade of the equipment collided with a piece of metal that was projected toward his leg, causing injury to his left leg.",No,Unmapped,Manual Tools,Unknown (not recorded in source),Unknown,MEDIUM,real_ihm_stefanini
OIL-00147,2016-06-13,Real-Local_01,Mining,Incident,"Once the mooring of the faneles in the detonating cord has been completed, the injured person proceeds to tie the detonating cord in the safety guide (slow wick) at a distance of 2.0 meters from the top of the work. At that moment, to finish mooring, a rock bank (30cm x 50cm x 15cm; 67.5 Kg.) the same front, from a height of 1.60 meters, which falls to the floor very close to the injured, disintegrates in several fragments, one of which (12cmx10cmx3cm, 2.0 Kg.) slides between the fragments of rock and impacts with the left leg of the victim. At the time of the accident the operator used his safety boots and was accompanied by a supervisor.",Yes,Unmapped,Others,Unknown (not recorded in source),Unknown,HIGH,real_ihm_stefanini
OIL-00148,2016-06-16,Real-Local_03,Mining,Incident,"During the activity of construction of wall stopper with mortar blocks to improve ventilation in the intermediate zone; in moments that the bricklayer assistant was preparing to complete the construction of the 3.05m high wall, part of the wall - 12 blocks; 1.5 Kg per block - fall towards the scaffold, so the mason assistant jumps towards an accumulation of sand located on one side to avoid being hit by the blocks, during the fall the injury described occurs. At the time of the accident the mason assistant jumps from a height of 1.40 m from the floor of the work and used his personal safety equipment which reduced the impact of the fall.",Yes,Unmapped,Others,Unknown (not recorded in source),Unknown,HIGH,real_ihm_stefanini
OIL-00149,2016-06-16,Real-Local_10,Others,Incident,"The Geologo and the auxiliary Elismar traveled to evaluate geological points following the GPS near some drainage. Following the state highway that gives access to the Aripuanã area, they stopped and got out of the vehicle to see the point identified in the GPS, Renato, when distancing himself about seven meters from the vehicle following the road, was surprised by four bites of thorns on his face and neck. Quickly he hurried back to the vehicle, moving away from the place. The clerk was wearing a girdle and goggles, he still was not wearing gloves, as he would not enter the forest area. There was no allergic reaction.",No,Unmapped,Bees,Unknown (not recorded in source),Unknown,LOW,real_ihm_stefanini
OIL-00150,2016-06-16,Real-Local_10,Others,Incident,"Geologist and auxiliary Ademir traveled to the field to evaluate geological points following the GPS near some drainage. Following the state highway that gives access to Aripuanã area, stopped and got out of the vehicle to see the point identified in the GPS, Mário, when distancing himself about five meters from the vehicle following the road, was surprised by two bites of thorns on his face. Quickly he hurried back to the vehicle, moving away from the place. The clerk was wearing a girdle and goggles, he still was not wearing gloves, as he would not enter the forest area. There was no allergic reaction.",No,Unmapped,Bees,Unknown (not recorded in source),Unknown,LOW,real_ihm_stefanini
OIL-00151,2016-06-16,Real-Local_10,Others,Incident,"The Safety and Technical moved to the field for inspection activity, on the way to the field, paused together with the other two teams in order to know the drainage points to be checked, the Safety at getting out of the vehicle, was struck by a sting of a weed in his neck, quickly returned to the vehicle and made radio communication with the other two teams which distanced themselves from the place. The clerk was wearing leggings and glasses. There was no allergic reaction.",No,Unmapped,Bees,Unknown (not recorded in source),Unknown,LOW,real_ihm_stefanini
OIL-00152,2016-06-16,Real-Local_10,Others,Incident,"Auxiliary and Geologist traveled to the field to evaluate geological points following the GPS near some drainage. Following the state highway that gives access to Aripuanã area, stopped and got out of the vehicle to see the point identified in the GPS, Ademir, distancing himself about five meters from the vehicle, accompanied by the geologist Mario, was surprised by two bites of blows on his neck. Quickly he hurried back to the vehicle, moving away from the place. The clerk was wearing a girdle and goggles, he still was not wearing gloves, as he would not enter the forest area. There was no allergic reaction.",No,Unmapped,Bees,Unknown (not recorded in source),Unknown,LOW,real_ihm_stefanini
OIL-00153,2016-06-18,Real-Local_10,Others,Incident,"While traveling in the field in order to make geological mapping, the geologist Manoel who was accompanied by the prospector Marcos stooped to deviate from the vegetation, at that time, received three whistling stings being them, two on the face and one on the neck. There was no allergic reaction and activities followed normally after the event.",No,Unmapped,Bees,Unknown (not recorded in source),Unknown,LOW,real_ihm_stefanini
OIL-00154,2016-06-18,Real-Local_10,Others,Incident,"When moving in the field to make geological mapping, the prospector Marcos who was accompanied by the geologist Manoel stooped to deviate from the vegetation, at that moment, received a whistling sting in the ring finger of his right hand. There was no allergic reaction and activities followed normally after the event.",No,Unmapped,Bees,Unknown (not recorded in source),Unknown,LOW,real_ihm_stefanini
OIL-00155,2016-06-17,Real-Local_08,Metals,Incident,"At approximately 5:45 pm, the operator Paulo (operator of the filters) informed the autoclave operator via radio of a leak on the side of the scruber. The autoclave III feed was stopped by the control and officials Georli and Renato initiated the procedures for closing the autoclave transfer valve for flash TQs. Soon after, there was a break in the chicken, projecting pulp hot and reaching three employees who were inside the room near the equipment.",Yes,Unmapped,Not applicable,Unknown (not recorded in source),Unknown,HIGH,real_ihm_stefanini
OIL-00156,2016-06-19,Real-Local_03,Mining,Incident,"The operator of the Scissor 187 leaves his equipment parked at level -2995 Acc 7 due to electrical problems, when the maintenance personnel arrives, the electrician climbs on the control platform of the equipment and performs the verification of the hydraulic system confirming the problem; then in coordination with the mechanic decide to perform the test with the diesel system, moments in which accidentally activates with the body the arm movement lever causing the drill arm to move downwards generating the left hand's atricion against the support of the pivot tube generating the lesion described. At the time of the accident the electrician was alone on the control platform, while the mechanic was at ground level observing the pressure on the diesel system pressure gauge.",Yes,Unmapped,Others,Unknown (not recorded in source),Unknown,HIGH,real_ihm_stefanini
OIL-00157,2016-06-21,Real-Local_01,Mining,Incident,"When the mechanical technician proceeded to perform the maintenance of motor supports of a tipper, he decided to bring a wooden block, for which he moved to the temporary storage of materials - located at 10 m. of the tipper - in circumstances in which he sought the cue; the camera of a tire burst suddenly (it was on the right and 2 m. of the involved); the thunderous sound affected the right ear of the worker. The tire that exploded has 110 psi of pressure approximately, at the time of the event they were stacked 3 pneumatic, the second was the one that exploded (presented cut - place where the energy was released). The tire that was in the upper part was not projected. The tires were left by the previous guard (night shift), the storage area does not have a roof. In the place of the event only the affected mechanic was located (at 2m.) And at a distance of 70m. there were other workers. In the area 5 trucks were parked, none of them suffered damage to the glass.",No,Unmapped,Others,Unknown (not recorded in source),Unknown,MEDIUM,real_ihm_stefanini
OIL-00158,2016-06-22,Real-Local_03,Mining,Incident,"In level 2930 access Siemag camera roof, at times when the piquero civil operator looked for a stilson key of 12 ""inside its metal tool box, open the metal lid (1m x 0.6m x 0.7m; 5 Kg of weight) with both hands, then push the lid backwards positioning your right hand near the base of the lid causing an incentration of your fifth finger between the lid and the structure of the box at the height of the hinge. At the time of the accident, the employee wore pad gloves, which reduced the consequence of the injury.",No,Unmapped,Others,Unknown (not recorded in source),Unknown,MEDIUM,real_ihm_stefanini
OIL-00159,2016-06-23,Real-Local_08,Metals,Incident,"When handling a lever to move the sludge, the employee moved it by making a pendulum movement and striking his chin.",No,Unmapped,Manual Tools,Unknown (not recorded in source),Unknown,LOW,real_ihm_stefanini
OIL-00160,2016-06-24,Real-Local_01,Mining,Incident,"During the change of rim position 1 of the Jumbo ° 15, at moments that the mechanical technician with the support of the electrician disengaged the bolts, when loosening the fourth nut with the help of a lever (metal tube 1 ""diameter, 1.8m of length and a weight of 5.5 Kg), this bouncing effect returning to the initial position hitting in the palm of the left hand the electrician technician causing the injury. The employees at the time of the accident used their PPE's including leather gloves.",No,Unmapped,Others,Unknown (not recorded in source),Unknown,MEDIUM,real_ihm_stefanini
OIL-00161,2016-06-24,Real-Local_01,Mining,Incident,"In circumstances in which the operator of the scooptram proceeded to sit on his equipment, when closing the door he takes his right hand off the handrail and places it close to the door hinge, which when closing traps part of the worker's middle finger . The worker at the time of the accident made use of leather safety gloves.",Yes,Unmapped,Others,Unknown (not recorded in source),Unknown,HIGH,real_ihm_stefanini
OIL-00162,2016-06-29,Real-Local_01,Mining,Incident,"In plant while doing work on GEHO pump reducer N ° 1, when accompanying the rotation of the shaft of the reducer with a mixed key of 7/16 "", the wrench crown hits against the housing of the GEHO pump attributing the Union area of ​​the fifth and fourth fingers of the welder's right hand causing the injury. At the time of the accident the equipment was blocked and the employee used his leather gloves.",Yes,Unmapped,Others,Unknown (not recorded in source),Unknown,HIGH,real_ihm_stefanini
OIL-00163,2016-07-02,Real-Local_03,Mining,Incident,"In access 2 of level 3910, during the installation activity of hydraulic filling pipes of 4 ""diameter, when installing a section 80 m to a height of 5.6 m with reference to the floor, the master of hydraulic filling - accident - and his partner suffers an attrition of the right hand between the upper edge of the scoop lamp and the roof of the work generating the injury. At the time of the accident the employee used his rubber gloves.",Yes,Unmapped,Others,Unknown (not recorded in source),Unknown,HIGH,real_ihm_stefanini
OIL-00164,2016-07-04,Real-Local_06,Metals,Incident,"At 11:00 a.m., Mr. Frank with the support of another mechanic, was preparing to place on the floor a metal part called the rear bridge of the forklift. At that moment the part moving part moves generating a blow to the middle finger of the left hand",Yes,Unmapped,Pressed,Unknown (not recorded in source),Unknown,HIGH,real_ihm_stefanini
OIL-00165,2016-06-24,Real-Local_03,Mining,Incident,"At level 3490 gallery 447, after performing the manual unlocking on load, the worker prepares to cut the sacrificial mesh that was exposed after the previous turn shot, placing himself under it with a 12-inch shear, when cutting the fifth suddenly strained wire of the mesh returns to his face casionándole the injury described. During the activity the worker used his safety glasses.",No,Unmapped,Others,Unknown (not recorded in source),Unknown,LOW,real_ihm_stefanini
OIL-00166,2016-07-08,Real-Local_01,Mining,Incident,"In circumstances in which the adjutant of the scissor bolter came down by the team's ladder - last step - it slides from an approximate height of 0.9 m. and falls sitting on the floor. At the time of the accident, the person involved in the use of the helmet; there were no rocks or materials in the crash site.",No,Unmapped,Others,Unknown (not recorded in source),Unknown,LOW,real_ihm_stefanini
OIL-00167,2016-07-07,Real-Local_03,Mining,Incident,"At moments when the MAPERU truck of plate F1T 878, returned from the city of Pasco to the Unit transporting a consultant, being 350 meters from the main gate his lane is invaded by a civilian vehicle, making the driver turn sharply to the side right where was staff of the company IMPROMEC doing hot melt work in an 8 ""pipe impacting two collaborators causing the injuries described At the time of the accident the truck was traveling at 37km / h - according to INTHINC -, the width of the road is of 6 meters, the activity had safety cones as a warning on both sides of the road and employees used their respective EPP'S.",Yes,Unmapped,Others,Unknown (not recorded in source),Unknown,HIGH,real_ihm_stefanini
OIL-00168,2016-07-07,Real-Local_03,Mining,Incident,"At moments when the MAPERU truck of plate F1T 878, returned from the city of Pasco to the Unit transporting a consultant, being 350 meters from the main gate his lane is invaded by a civilian vehicle, making the driver turn sharply to the side right where was staff of the company IMPROMEC doing hot melt work in an 8 ""pipe impacting two collaborators causing the injuries described At the time of the accident the truck was traveling at 37km / h - according to INTHINC -, the width of the road is of 6 meters, the activity had safety cones as a warning on both sides of the road and employees used their respective EPP'S.",Yes,Unmapped,Others,Unknown (not recorded in source),Unknown,HIGH,real_ihm_stefanini
OIL-00169,2016-07-08,Real-Local_06,Metals,Incident,"Being 10:25 h approx. hours the operator Fernando during the opening of wagons, finds a hardened stake and uses a bar of approx. 1.5m to remove it. At that moment he presses the bar and hits his hand.",Yes,Unmapped,Manual Tools,Unknown (not recorded in source),Unknown,HIGH,real_ihm_stefanini
OIL-00170,2016-07-09,Real-Local_10,Others,Incident,"During execution of drilling on the target - Bolt BRJCLDD0006, made by the company SERVITECFORACO - probe 25, at 09:45 on July 9, 2016, the official Josimar da Silva, in the moment of the maneuver to fish material, when removing the feeder of water, during movement of the winch realized that the safety chain was loose and could curl in the rod. In performing the chain removal movement, he placed his left hand between the hose and the cap of the hydraulic plate. With the unlocking of the inner tube there was an abrupt movement of the chain, pushing his hand towards the hydraulic plate, causing an injury to the ring finger of this hand. The lesion caused a cut in the 4th Quirodactyl, with a need for suture of 3 points to close the cut.",Yes,Unmapped,Others,Unknown (not recorded in source),Unknown,HIGH,real_ihm_stefanini
OIL-00171,2016-07-10,Real-Local_04,Mining,Incident,"The operator of the paste filling plant 01 removes a floor grating (60 x 90 cm), to clean the lower floor. It is removed to close the water valve and does not block the vacuum, the two technicians who were entering the filter belt notice an overflow and ask the operator to reduce the load. The mechanics kept walking without noticing the floor and one of them falls into the void impacting his foot left at an angle that was about 25 cm below the floor grating, producing the injury.",Yes,Unmapped,Others,Unknown (not recorded in source),Unknown,HIGH,real_ihm_stefanini
OIL-00172,2016-07-11,Real-Local_05,Metals,Incident,"The accident occurred at the time an employee of the partner company SF carried out unloading operation of bladder bags. By cutting the bag for charging of the boom into the silo truck's delivery mouth, the inner plastic bag surrounding the contents abruptly dropped and a large amount of material fell onto the cone (funnel). The cone fell over and the injured man stood with his leg pressed between him and the body guard of the scaffold. There was external medical attention and it was verified that there was no fracture",Yes,Line of Fire,Suspended Loads,Unknown (not recorded in source),Unknown,HIGH,real_ihm_stefanini
OIL-00173,2016-07-14,Real-Local_03,Mining,Incident,"At level 2900 at the entrance of the locomotive workshop, the welder proceeds to inspect the mining cars and identifies that the No. 24 car has bearing problems, informs his partner about this finding and decides to enter the car to the workshop, so it operates the swing arm type mona of 15 KG. of weight to move the direction of the railway towards the central OP, is at this moment that pushes the rocker with the weight of his body until his right hand comes in contact with the rock producing the injury described. At the time of the accident the worker was wearing the safety gloves of pad.",No,Unmapped,Others,Unknown (not recorded in source),Unknown,LOW,real_ihm_stefanini
OIL-00174,2016-07-15,Real-Local_05,Metals,Incident,"when handling a sample in the laboratory, the sleeve of the employee's coat had contact with nitric acid, absorbing a small amount that came to reach the left forearm, causing a 1st degree burn.",No,Unmapped,Chemical substances,Unknown (not recorded in source),Unknown,LOW,real_ihm_stefanini
OIL-00175,2016-07-16,Real-Local_03,Mining,Incident,"At level 3490 gallery 239, during the holding activity with the Bolter equipment No. 24, the operator performs the drilling of the first hole to support the right gable; When the 7-foot-deep drill was about to end, the drill rod breaks, leaving the threads inside the drilling machine's shank; the operator and his assistant decide to make two empty percussion attempts to free the threads of the shank without success; in the third attempt the assistant enters a 3/8 ""corrugated iron to the central hole of the rest of the bar embedded in the shank to generate pressure, it is at this moment the operator activates the percussion and generates a movement of the shank which hits the palm of the victim's left hand generating a described injury. The worker was wearing safety gloves at the time of the accident. The end of the corrugated iron in contact with the left hand is shaped like a cane. The worker at the time of the accident was positioned under a roof supported with mesh and split set.",Yes,Unmapped,Others,Unknown (not recorded in source),Unknown,HIGH,real_ihm_stefanini
OIL-00176,2016-07-18,Real-Local_06,Metals,Incident,"At 21:15 hours on 07/18/2016, the collaborator Warrin (welder), when trying to inspect a cracking point in the INLET of the G2143 laminator, slips and falls to the same level hitting his face and hand , he was immediately transferred to the medical service for evaluation.",No,Unmapped,Fall prevention (same level),Unknown (not recorded in source),Unknown,MEDIUM,real_ihm_stefanini
OIL-00177,2016-07-20,Real-Local_05,Metals,Incident,"The employee reports that he was draining ammonia, used as a refrigerant, into a container of water when splashes of the solution drained onto his face.",No,Unmapped,Chemical substances,Unknown (not recorded in source),Unknown,MEDIUM,real_ihm_stefanini
OIL-00178,2016-07-21,Real-Local_12,Others,Incident,"At the Eusébio bridge, there was a sudden braking in which several cars had to brake quickly. The collaborator's car failed to stop in time and collided with the rear of the car ahead. They were about 40km / hour.",No,Driving,Traffic,Unknown (not recorded in source),Unknown,LOW,real_ihm_stefanini
OIL-00179,2016-07-23,Real-Local_08,Metals,Incident,"During torch cutting activity of the new evaporator treatment fixings, there was a rupture of the hose near the torch pen, causing the injury.",No,Energy Isolation,Pressurized Systems,Unknown (not recorded in source),Unknown,LOW,real_ihm_stefanini
OIL-00180,2016-07-27,Real-Local_03,Mining,Incident,"At times when the mill operator proceeded to remove the vitaulic flange connecting the suction pipe to the pump housing 8B; with the intention of de-sanding the system, when removing the flange, the mineral pulp comes out under pressure and impacts on the face and wrist of his left hand generating the lesion described. At the time of the accident, both the secondary mill No. 4 and the pumps 8A and 8B were blocked for maintenance work and the mill operator used his safety glasses.",Yes,Unmapped,Others,Unknown (not recorded in source),Unknown,HIGH,real_ihm_stefanini
OIL-00181,2016-07-29,Real-Local_03,Mining,Incident,"At level 3390 access 2 area 2; the operator of the Scissor team No. 200 was preparing to present the second mesh to continue with the support of the work; When the operator pulls the support mesh to share its length equally on both sides of the equipment, it is at this moment that from the roof of the work a rock weighs approximately 400 Kg, which falls on the support mesh and slides towards the right side spoiler, as a result of this the mesh pushes the operator who is kneeling on the floor of the platform, which generates the lesion described. The rock falling does not directly impact the operator who was in a squatting position. The operator moves away from the area walking by his own means and is supported by the assistant.",Yes,Unmapped,Others,Unknown (not recorded in source),Unknown,HIGH,real_ihm_stefanini
OIL-00182,2016-07-30,Real-Local_07,Mining,Incident,"employee reports that upon initiating 615RLC front loading activity, during the elevation of the aerial work platform, a rock fragment from the roof of the gallery was dropped, reaching its face, causing the lesion.",No,Unmapped,Others,Unknown (not recorded in source),Unknown,LOW,real_ihm_stefanini
OIL-00183,2016-08-02,Real-Local_02,Mining,Incident,"When opened the access ladder of the people carrying Truck the employee had his right hand pressed into the support bracket of the same, suffering a superficial injury.",No,Unmapped,Others,Unknown (not recorded in source),Unknown,MEDIUM,real_ihm_stefanini
OIL-00184,2016-08-01,Real-Local_05,Metals,Incident,The employee of partner company GR reports that she was cutting watermelon when she injured her 2nd chirodactilo of the left hand with the knife.,No,Unmapped,Manual Tools,Unknown (not recorded in source),Unknown,MEDIUM,real_ihm_stefanini
OIL-00185,2016-08-02,Real-Local_10,Others,Incident,"The mincing team was carrying out activities in the city of Juína and was coordinated by mining technician Felipe a time when the mining technician was last in line and more away from the team, was bitten by a blackjack on the left side of his face. There was no allergic manifestation and the team continued the work. In the afternoon, after lunch, the employee sought medical care, was medicated and released to continue activities the next day.",No,Unmapped,Bees,Unknown (not recorded in source),Unknown,LOW,real_ihm_stefanini
OIL-00186,2016-08-01,Real-Local_04,Mining,Incident,"At times when the worker was cleaning the long holes of the production mesh in negative, when removing the polyethylene pipe it suffers a clogging inside the drill, which product of compressed air pressure is released by ejecting detritus and fragments of rock inside the hole impacting the worker's forehead causing a cut.",No,Unmapped,Others,Unknown (not recorded in source),Unknown,MEDIUM,real_ihm_stefanini
OIL-00187,2016-08-04,Real-Local_08,Metals,Incident,"When removing the cap from the wear plate of the Warman LX-BB-01 pump, the left hand of the employee who was with the glove slipped came to have contact with the cutting part of the board.",No,Unmapped,Cut,Unknown (not recorded in source),Unknown,LOW,real_ihm_stefanini
OIL-00188,2016-08-11,Real-Local_02,Mining,Incident,"During the withdrawal of the fixed jaw wedge from the crusher 41BR01, the hoisting device (hook) was broken causing the steel cable of the overhead crane to strike the left hand of the employee.",Yes,Unmapped,Others,Unknown (not recorded in source),Unknown,HIGH,real_ihm_stefanini
OIL-00189,2016-08-11,Real-Local_12,Others,Incident,"On leaving the Company the employee stumbled onto the exit ladder of the building and fell 3 steps, causing twisting of the ankle and grating on the cinnamon",Yes,Unmapped,Others,Unknown (not recorded in source),Unknown,HIGH,real_ihm_stefanini
OIL-00190,2016-08-12,Real-Local_03,Mining,Incident,"During ore transport works from OP2 to bines; after having filled the tenth mining car with ore, the assistant positioned on the platform of the hopper OP2 places a wooden board between the pistons of the chain to avoid the fall of fines into the track, at which time a fragment of rock (10cmx8cm x6 cm; 1.4 Kg) rolls by the load and hits the distal phalanx of the fourth finger of the left hand. The assistant at the time of the accident was wearing safety gloves (pad type). The hopper OP2 at the time of the accident was with zero energy.",Yes,Unmapped,Others,Unknown (not recorded in source),Unknown,HIGH,real_ihm_stefanini
OIL-00191,2016-08-14,Real-Local_01,Mining,Incident,"In circumstances, the drilling assistants proceeded to assemble the inner tube to the barel; the injured person retracts the inner tube (head) to throw it manually towards the top of the catheter (inclination - 3 °) to continue with the perforation, in that moment the glove of the left hand is hooked in the speart point pushing his left hand until the edge of the box of the barel, originating the injury. At the time of the accident the injured employee used his rubber gloves and the work area was well lit.",Yes,Unmapped,Others,Unknown (not recorded in source),Unknown,HIGH,real_ihm_stefanini
OIL-00192,2016-08-14,Real-Local_08,Metals,Incident,"The employee Mr. Nilton made the opening of the visit to unclog, at this moment occurred projection of hot material, occurring the accident.",No,Line of Fire,Projection,Unknown (not recorded in source),Unknown,MEDIUM,real_ihm_stefanini
OIL-00193,2016-08-15,Real-Local_01,Mining,Incident,"While maintaining the ramp 604, when placing the first cloth for the overlap with the previous mesh; the operator will check the work front, then return to the back of the team to coordinate with his assistant, at which time a fragment of rock (Weight: 0.42 kg) of the non-sustained area will be detached, which impacts on the arm of the team and reaching by bounce the collaborator causing the injury. The one involved made use of all their EPPs. At the time of the incident the assistant was in the back of the team preparing the support mesh.",Yes,Unmapped,Others,Unknown (not recorded in source),Unknown,HIGH,real_ihm_stefanini
OIL-00194,2016-08-18,Real-Local_03,Mining,Incident,"At level 3450 access 4 A2, the operator of the Scissor # 200 performed the support of the crown, at which time a piece of rock (13cmx6cmx2cm; 54g) passes between the cocada of the support mesh, from a height of 1.60 meters, towards the platform of the team breaking into particles one of which reaches his right eye causing the injury.",No,Unmapped,Others,Unknown (not recorded in source),Unknown,MEDIUM,real_ihm_stefanini
OIL-00195,2016-08-19,Real-Local_03,Mining,Incident,"At level 2995 access # 6 A1 while the operator of the Scissor # 187 carried out the support of the right gable, from the platform it is arranged to place the Split set in the drill in the squat position to be introduced by the bolt, moment in which the which between the cocada of the support mesh falls from the crown a piece of rock (5cmx4cmx2cm; 112gr) from an approximate height of 2m impacting on the cervical region of the collaborator, causing the lesion described. At the time of the accident the crown was held and the collaborator used his safety glasses and gloves.",No,Unmapped,Others,Unknown (not recorded in source),Unknown,MEDIUM,real_ihm_stefanini
OIL-00196,2016-08-22,Real-Local_05,Metals,Incident,"The employee was performing cutting activity on a carbon steel pipe attached to the band saw machine. Due to uneven weight distribution, the tube moved downward and the other end was projected upwards, pressing the thumb.",No,Unmapped,Pressed,Unknown (not recorded in source),Unknown,MEDIUM,real_ihm_stefanini
OIL-00197,2016-08-24,Real-Local_05,Metals,Incident,"The servant would remove the dishes from the bowl of the sink and when picking up a set of plates, there was one of them with the broken / broken edge, causing injury to his 3rd chiropactyl from his right hand.",No,Unmapped,Cut,Unknown (not recorded in source),Unknown,LOW,real_ihm_stefanini
OIL-00198,2016-08-25,Real-Local_03,Mining,Incident,"At times when the collaborator was performing the evacuation of inchancables from the mine, present in Strip ° 1, of Phase he notices a piece of support mesh positioned between the frame and the return belt; After several attempts to remove this mesh, with the belt in movement and using a metal rake as support, the mesh yields moving in the direction of rotation of the return belt, hitting the collaborator's hand against the metal structure, causing contusion in the left hand. At the time of the accident the employee used his leather gloves.",Yes,Unmapped,Others,Unknown (not recorded in source),Unknown,HIGH,real_ihm_stefanini
OIL-00199,2016-08-24,Real-Local_01,Mining,Incident,"Once the topographic survey in the Stp. 440 (East zone), the victim and his co-worker, decide to continue with their work in the Stp. 440 (West), for this the injured person walks behind his co-worker (10 to 15 meters), when arriving at the loading zone (intersection Rpa 175 and St 440) the injured person asks the sccop operator to stop to pass, once the equipment is stopped, the victim passes behind his partner stuck to the gable, trying to avoid the accumulation of water, when he takes the third step into the puddle, the injured person steps on the false and falls to the floor, causing the injury .",No,Unmapped,Others,Unknown (not recorded in source),Unknown,LOW,real_ihm_stefanini
OIL-00200,2016-08-29,Real-Local_05,Metals,Incident,"The employee reports that after carrying out activity in the area of ​​the Expedition was to remove the overalls and had contact with material that contaminated the sleeve, which caused 1st degree burn in the right forearm.",No,Unmapped,Chemical substances,Unknown (not recorded in source),Unknown,LOW,real_ihm_stefanini
OIL-00201,2016-08-27,Real-Local_06,Metals,Incident,"At 22:50 hours in row 12 when the cell suction partner removes the suction hose, untimely splashes of electrolyte solution in the left eye. Immediately he was referred to the medical service.",No,Energy Isolation,Pressurized Systems / Chemical Substances,Unknown (not recorded in source),Unknown,LOW,real_ihm_stefanini
OIL-00202,2016-08-30,Real-Local_08,Metals,Incident,"During the execution of the area cleaning activity using a hoe, the employee hit against a fixed metal structure in the area, coming to reach the abdomen on the left.",No,Unmapped,Others,Unknown (not recorded in source),Unknown,LOW,real_ihm_stefanini
OIL-00203,2016-08-30,Real-Local_06,Metals,Incident,"Collaborator was cleaning the sink of the Copper repulping area, at the moment of filling the truck with the shovel, he projects sludge towards the lenses; soiling them and obstructing vision. The worker indicates that when removing the lenses to clean them, some mud particles enter the left eye causing discomfort. It is referred to the medical center for the corresponding attention.",No,Unmapped,Others,Unknown (not recorded in source),Unknown,LOW,real_ihm_stefanini
OIL-00204,2016-09-01,Real-Local_05,Metals,Incident,"The clerk was cutting the excess fiberglass in a passing box and had contact with the blade of the marble saw, which cut the glove and caused a wound in his right hand.",Yes,Unmapped,Manual Tools,Unknown (not recorded in source),Unknown,HIGH,real_ihm_stefanini
OIL-00205,2016-09-02,Real-Local_03,Mining,Incident,"At level 4150 (+80) Unicon plant the collaborator was doing shuttering work in the concrete water sedimentation basin, at the moment of nailing a wood as it supplies on another 4 x 4 inch strip, he feels that the metallic hammer loosen the wooden handle and to fix it, he grabs the hammer by the head and hits the handle vertically on a wood, generating the injury. At the time of the accident the employee did not use his safety gloves.",No,Unmapped,Others,Unknown (not recorded in source),Unknown,LOW,real_ihm_stefanini
OIL-00206,2016-09-04,Real-Local_03,Mining,Incident,"On the surface, in the dining room of employees of the unit, while the collaborator performed the chicken habilitation for lunch using a kitchen knife, it comes into contact with the distal part of the second finger of the left hand causing the injury described . During the accident the employee did not use his specific height gloves for this type of work.",No,Unmapped,Others,Unknown (not recorded in source),Unknown,MEDIUM,real_ihm_stefanini
OIL-00207,2016-09-03,Real-Local_04,Mining,Incident,"During the maintenance work of the vertical pump (8 "") of zinc concentrate, the three mechanics were performing lifting maneuvers to be able to position the pump to the drawer, instants in which the pump becomes clogged by the reduced space of the work area and in order to release the pump they place a young lady in the lower part, at which time she is released and turns untimely, hitting the middle finger of the injured person's right hand against a 12 ""trellex hose.",Yes,Unmapped,Others,Unknown (not recorded in source),Unknown,HIGH,real_ihm_stefanini
OIL-00208,2016-09-04,Real-Local_06,Metals,Incident,"In section 75 in row 12 Cell 36, the worker performs anode lifting to correct short circuit, using the auxiliary hoist and nylon sling, at which time the sling is released from the anode and hits the back of the right hand causing it the injury. Worker is seen in the Medical and transferred to a clinic for external evaluation.",Yes,Line of Fire,Suspended Loads,Unknown (not recorded in source),Unknown,HIGH,real_ihm_stefanini
OIL-00209,2016-09-06,Real-Local_02,Mining,Incident,the check list of the area of ​​the survey the operator slipped in the foliage of the leucenas and fell.,No,Unmapped,Others,Unknown (not recorded in source),Unknown,LOW,real_ihm_stefanini
OIL-00210,2016-09-05,Real-Local_05,Metals,Incident,By participating in the general DDS held in the outside area of ​​the central locker room the employee was bitten by a bee.,No,Unmapped,Venomous Animals,Unknown (not recorded in source),Unknown,LOW,real_ihm_stefanini
OIL-00211,2016-09-06,Real-Local_07,Mining,Incident,"The employee reports that when performing the maintenance activity of pump on the tunnel of the TC-020, as he was pulling out the rotor, struck the piece with the mallet that slipped from his hand. Reaching the lower part of your left leg, causing the injury.",No,Unmapped,Others,Unknown (not recorded in source),Unknown,LOW,real_ihm_stefanini
OIL-00212,2016-09-13,Real-Local_03,Mining,Incident,"When trying to release the pipe (HDP pipe, 50m long and 2 ""diameter) stuck in the support mesh, the master loader and his assistant pull the pipe to release it, when the pipe is released hits the lateral part of the cheekbone and the eyelid worker's right generating the described injury.",Yes,Unmapped,Others,Unknown (not recorded in source),Unknown,HIGH,real_ihm_stefanini
OIL-00213,2016-09-12,Real-Local_11,Others,Incident,"In the city of Conchucos, of Ancash, participating in a patronal feast, representing the company, was mounted on a horse as part of the ceremony throwing fruits and toys to the people attending this public event, the noise of the materials pyrotechnics and people trying to collect the gifts caused the horse in front and very close to her horse to be frightened and kicked back hitting the lower limbs.",Yes,Unmapped,Others,Unknown (not recorded in source),Unknown,HIGH,real_ihm_stefanini
OIL-00214,2016-09-13,Real-Local_05,Metals,Incident,"employee was removing the strap from a chemical container as it projected toward him reaching his lower lip and anterior chest, the strap was contaminated with caustic soda and caused a 1st degree burn.",No,Line of Fire,Suspended Loads,Unknown (not recorded in source),Unknown,LOW,real_ihm_stefanini
OIL-00215,2016-09-15,Real-Local_10,Others,Incident,"When cutting the vegetation to open the bite, using a sickle, the assistant struck the vine twice. When the liana ruptured, the top of the branch projected against the face of the auxiliary causing the cut in the upper lip.",No,Unmapped,Others,Unknown (not recorded in source),Unknown,LOW,real_ihm_stefanini
OIL-00216,2016-09-17,Real-Local_06,Metals,Incident,"On September 17, 2016 at approximately 8:35 pm, during the preventive maintenance of the G2142 debarking machine, the bearing assembly is made on the anode cleaning roller; When fitting the bearing in its final position, the staff used a chisel and a 4-pound rope to position the bearing. The worker places his left hand near the head of the chisel and warps, in these circumstances a splinter is embedded in the proximal part of the thumb of the left hand, immediately the collaborator communicates to the supervisor and is evacuated to the Medical for review.",No,Unmapped,Pressed,Unknown (not recorded in source),Unknown,LOW,real_ihm_stefanini
OIL-00217,2016-09-16,Real-Local_05,Metals,Incident,"Employee reports that he was monitoring the existence of a borehole of a tubing in the thermal recovery boiler of the Ustulation area, through the side window, when he was struck by projection of heated air that reached his face and right forearm.",Yes,Energy Isolation,Pressurized Systems,Unknown (not recorded in source),Unknown,HIGH,real_ihm_stefanini
OIL-00218,2016-09-20,Real-Local_10,Others,Incident,"Collaborator around 9:00 AM, cleaning the leaves of the return well of the 5021 borehole BRAPDD 0183 slipped on the canvas that was on the edge of the well, hitting the right side of the back against the metal structure of the mud-swathed box causing a slight excoriation. The employee was referred to the local hospital, medicated and released for the activities.",No,Working at Height,Fall,Unknown (not recorded in source),Unknown,LOW,real_ihm_stefanini
OIL-00219,2016-09-20,Real-Local_05,Metals,Incident,"The employee was performing maintenance of the blower, when the residual water projection occurred on his face. In an attempt to remove PPE, the injured person has had contact with contaminated gloves with the right eye causing irritation.",No,Energy Isolation,Blocking and isolation of energies,Unknown (not recorded in source),Unknown,LOW,real_ihm_stefanini
OIL-00220,2016-09-20,Real-Local_06,Metals,Incident,"The lubricating technician Alfredo made the oil filling to the reducer D-100, in which, he notices an oil leak (tearing) between the connection of the hose and the reducer, correcting the leak. Once the work is finished, he goes to the lubricants workshop where he removes the gloves and observes that both hands are affected by contact with the hot surface and goes to the medical center where he was treated.",No,Unmapped,Others,Unknown (not recorded in source),Unknown,LOW,real_ihm_stefanini
OIL-00221,2016-09-21,Real-Local_03,Mining,Incident,"During the maintenance of the access, at the moment the assistant places the mini split set in the adapter, the clamp - which was locked - returns to its initial position hitting the collaborator's hand causing the described injury. At the time of the accident the team was in a sustained area, the arm of the jumbo was at a height of 0.80m from the floor and the employee was wearing rubber gloves.",No,Unmapped,Others,Unknown (not recorded in source),Unknown,MEDIUM,real_ihm_stefanini
OIL-00222,2016-09-21,Real-Local_05,Metals,Incident,"Employee was preparing rice using a utensil type skimmer to stir inside the pressure cooker when part of the cable broke, reaching its hand causing a blunt cut.",No,Unmapped,Manual Tools,Unknown (not recorded in source),Unknown,MEDIUM,real_ihm_stefanini
OIL-00223,2016-09-22,Real-Local_01,Mining,Incident,In circumstances in which the operator of bolter N ° 8 went down the ladder to the height of the resting platform - at 0.80 m. floor level - slips off balance by hitting your back against the handrail of the operator's door. At the time of the event the injured person used all his EPP's.,Yes,Unmapped,Others,Unknown (not recorded in source),Unknown,HIGH,real_ihm_stefanini
OIL-00224,2016-09-22,Real-Local_06,Metals,Incident,"The technician Operator when heading towards the zone of lifting containers of dust of zinc in the Section 50, uses a space between base of tranquera and sardinel, slipping in the edge and raspándose left side of thorax. He was treated at the medical center with local treatment, returning to his work area.",No,Unmapped,Others,Unknown (not recorded in source),Unknown,MEDIUM,real_ihm_stefanini
OIL-00225,2016-09-27,Real-Local_06,Metals,Incident,"At 14: 55h on 27 September, a worker from Confipetrol carried out industrial cleaning of the outside of the acid reduction tank D2055, to check the progress of the helmet mask; moment that hose pipe was released that was secured with pressure clamp (for water and air), impacting lips",No,Energy Isolation,Pressurized Systems,Unknown (not recorded in source),Unknown,LOW,real_ihm_stefanini
OIL-00226,2016-09-29,Real-Local_04,Mining,Incident,"Being 05:30 am. Approximately Marco and Isidro TORRES they were performing the pipe standardization of the CX 771 / CX-983 Nv. 1940; in moments that Marco lifts the air pipe over the spike, this seat and the pipe impacts on the worker's safety guard.",No,Unmapped,Others,Unknown (not recorded in source),Unknown,LOW,real_ihm_stefanini
OIL-00227,2016-09-30,Real-Local_04,Mining,Incident,"Being at 11:00 a.m. approximately the mechanic was removing the last bolt of the 6 ""nipple in the pump 4115 (lime feeder), reactive area, the mechanic is positioned slightly flexing the legs and performs upward force with both hands, in that moment feels a pain and a spume in the right thigh. The mechanic is evacuated with the help of his colleagues to the medical post.",No,Unmapped,Others,Unknown (not recorded in source),Unknown,LOW,real_ihm_stefanini
OIL-00228,2016-10-01,Real-Local_04,Mining,Incident,"Being 10:50 a.m. approximately, in the maintenance workshop of the E.E Unicon, in circumstances that two mechanical technicians placed the protective plate (30 kg.) of the Mixkret 111 fuel tank, At the moment of attempting to bolt this protective plate it slips from the hands of one of them falling directly on the instep of the left foot, causing the injury described.",No,Unmapped,Others,Unknown (not recorded in source),Unknown,MEDIUM,real_ihm_stefanini
OIL-00229,2016-10-03,Real-Local_04,Mining,Incident,"Being 5:15 a.m. in the N. in the NV 1710 CX 018, the mixkret operator was washing the mixkret 116 with a hose with water under pressure, it is necessary to change the location; from the right side to the left and He proceeds to pull the hose then slips and feels that the left foot bends.",No,Unmapped,Others,Unknown (not recorded in source),Unknown,LOW,real_ihm_stefanini
OIL-00230,2016-10-03,Real-Local_05,Metals,Incident,"After carrying out the supply operation of the zinc powder container using the crane to move it, the employee closed the lower lock of this same container and when making the movement to push the lock made an excessive effort with the thumb of the right hand, causing sprain.",No,Unmapped,Pressed,Unknown (not recorded in source),Unknown,MEDIUM,real_ihm_stefanini
OIL-00231,2016-10-03,Real-Local_08,Metals,Incident,During the withdrawal of cathode sample the employee came to press the finger with the tool that cuts the sample.,No,Unmapped,Pressed,Unknown (not recorded in source),Unknown,LOW,real_ihm_stefanini
OIL-00232,2016-10-03,Real-Local_03,Mining,Incident,"At the intersection of level 3970 - main road and access to the south ramp, the collaborator, after having freed the tube 2 inches in diameter from the gable, descended holding the pipe on the fourth step of a telescopic aluminum ladder (approximately at 1.20 meters from the floor) at which point another clamping point in the gable is lifted by lifting the tube which pulls the worker causing him to lose balance and fall from a height of 1.20 meters. The described injury occurring.",Yes,Unmapped,Others,Unknown (not recorded in source),Unknown,HIGH,real_ihm_stefanini
OIL-00233,2016-10-04,Real-Local_10,Others,Incident,"In the probe 5068 bore BAPDD00146, around 15:00 hours, the polling assistant Luciano da Silva performing the maneuver of descending rods, led the rod to the gutter, but this when not leaning suitably came to escape the gutter returning toward the easel. His hand had slipped and his little finger was between the rod and the easel. Realizing that the shaft had returned, he released it. immediately, but his little finger was partially hit by the rim of the rod against the easel resulting in a cut. The auxiliary was taken to hospital and attended to, the wound resulted in 5 points and the was released for administrative activities.",No,Unmapped,Others,Unknown (not recorded in source),Unknown,MEDIUM,real_ihm_stefanini
OIL-00234,2016-10-08,Real-Local_04,Mining,Incident,"At the offices of Incimmet, in circumstances that an environment was being set up to place cleaning materials, a wooden strip was placed between the staircase structure and the container, this strip was not cut to size, so the accident victim He coordinated with his partner to put it under pressure using a hammer while holding with his right hand the frame, this pressure placed strip pushed to that side of the container creating an opening between the corrugated iron and the wall, at that time, continuing to hit the ribbon, This falls causing the wall of the container to return to its initial position, pressing the tip of the little finger of the right hand against the corrugated iron causing the accident.",No,Unmapped,Others,Unknown (not recorded in source),Unknown,LOW,real_ihm_stefanini
OIL-00235,2016-10-10,Real-Local_03,Mining,Incident,"In the area of ​​equipment inspection, while the staff of the Atenuz EE, trying to remove the hydraulic hammer safety locks of the excavator, the mechanical lubricator holds with his right hand a hat-type chisel while the equipment mechanic hit the chisel with a 2-pound rubber bump to remove the safety, at which point one of the blows falls on the edge of the hat-type protector, causing it to slip and strike the fourth finger of the lubricant mechanic's right hand generating the described injury. At the time of the accident, the lubricator mechanic had put on the gloves type pad.",Yes,Unmapped,Others,Unknown (not recorded in source),Unknown,HIGH,real_ihm_stefanini
OIL-00236,2016-10-10,Real-Local_04,Mining,Incident,"Being approx. 23:45 hrs. Mr. Eliseo secondary crushing operator, when retiring to his snack, finds the gate of the chute of strip 6 open, and when approaching to close the gate, in that At that moment, the operator Mr. Samuel who was on the upper platform, coordinates with the operator of the control room the start of strip 6-1, at that moment the start-up product projects a particle (10x6x5cm) impacting on the flange of the gate and projecting to towards the height of the lenses and respirator of Mr. Eliseo.",Yes,Unmapped,Others,Unknown (not recorded in source),Unknown,HIGH,real_ihm_stefanini
OIL-00237,2016-10-11,Real-Local_05,Metals,Incident,Employee was doing cleaning near the area of ​​the pneumatic conveyor when he was hit by a drop of sulfuric acid on his upper lip.,No,Unmapped,Chemical substances,Unknown (not recorded in source),Unknown,MEDIUM,real_ihm_stefanini
OIL-00238,2016-10-13,Real-Local_02,Mining,Incident,"Employee assisted in the support of the gate, while the other the tying of the canvas in the frame, and by pressing the rope so that the canvas stretched, the metal structure moved, coming out of the wooden support, falling and striking against the employee's face, causing a cut in the right superciliary.",No,Unmapped,Others,Unknown (not recorded in source),Unknown,LOW,real_ihm_stefanini
OIL-00239,2016-10-13,Real-Local_03,Mining,Incident,"In phase I, the operator carried out the removal of inchancanbles of the reciprocating feeder, while removing a split set with the support of a rope, the staff supports the left hand on the structure of the protection against falling, it is at this moment that another split set comes out together with the load and hits on the distal phalanx of the fifth finger of the left hand, generating the described injury.",Yes,Unmapped,Others,Unknown (not recorded in source),Unknown,HIGH,real_ihm_stefanini
OIL-00240,2016-10-18,Real-Local_03,Mining,Incident,"In circumstances that the assistant of mine was arranging to advance the hose of flexible nylon of 1 ""of diameter, to proceed with the watered of shot fired, positioning itself under a zone with the support deteriorated by the last blasting, moment in which it gives off a block of rock (25cmx10cmx5cm; 3.5 Kg) of the roof of the work of a height of 5.2 meters which when falling hits by rebound in the left leg of the collaborator causing the described injury.",Yes,Unmapped,Others,Unknown (not recorded in source),Unknown,HIGH,real_ihm_stefanini
OIL-00241,2016-10-18,Real-Local_03,Mining,Incident,"Inside mine during the diamond drilling of a positive 15 ° drill, in moments when the control tube was rescued with the fisherman, the winch cable breaks untimely developing a whiplash effect and impacting on the left hand of the drilling assistant causing the described injury. At the time of the accident the drilling assistant was on the platform at 1.0m from the frame and was using his Hycron-type safety gloves.",Yes,Unmapped,Others,Unknown (not recorded in source),Unknown,HIGH,real_ihm_stefanini
OIL-00242,2016-10-20,Real-Local_05,Metals,Incident,"As the employee cleaned the thermal recovery boiler using an air boom, the hose loosened from the pipe connection, drawing a jet of compressed air toward his right ear, causing impact noise.",No,Energy Isolation,Pressurized Systems,Unknown (not recorded in source),Unknown,MEDIUM,real_ihm_stefanini
OIL-00243,2016-10-23,Real-Local_02,Mining,Incident,"In the activity of loading of explosives in front of level 326 GTS, there was a fall of a Rock fragment reaching right arm of the Blaster causing a cut-blunt.",Yes,Unmapped,Others,Unknown (not recorded in source),Unknown,HIGH,real_ihm_stefanini
OIL-00244,2016-10-24,Real-Local_01,Mining,Incident,"In circumstances that the mechanical technician and his work colleague arranged to accommodate the spare (Rollover) of the Small 02 on the platform of the cart on the floor, the two squat collaborators decide to push one on each side, at which time one edge of the Rollover imprisons the third finger of left hand against the handle of the cart on the right side, causing the wound on the third finger left hand. At the time of the accident both employees used their respective gloves.",Yes,Unmapped,Others,Unknown (not recorded in source),Unknown,HIGH,real_ihm_stefanini
OIL-00245,2016-10-26,Real-Local_01,Mining,Incident,"Once the ore loading in the LT-30 locomotive was completed; the penultimate car derails (7th car), by the presence of fragment of rock in the railway line, (weight of the car with mineral 8 tons), and to get it back on track the mining car, the victim makes use of a metal tube (length 1.20 meters and 4 ""diameter) to maneuver and reposition the mining car; at that moment the metallic tube loses stability and imprisons the victim's hand against the strut of the mining car. The collaborator at the time of the event towards the use of his leather gloves.",Yes,Unmapped,Others,Unknown (not recorded in source),Unknown,HIGH,real_ihm_stefanini
OIL-00246,2016-10-27,Real-Local_03,Mining,Incident,"At a time when the heavy equipment operator got on the equipment to check the right front headlight (defective) of the scooptram # 181, position on the rim position # 2 his left leg which slides, causing the heavy equipment operator to fall from a height of 0.60 cm",Yes,Unmapped,Others,Unknown (not recorded in source),Unknown,HIGH,real_ihm_stefanini
OIL-00247,2016-10-29,Real-Local_03,Mining,Incident,"In the Alimak chimney of level 2440, the alimakero driller and his assistant are positioned in the main cage with guard heads and proceed to perform the rock untie at the top of the chimney, it is at this time that the teacher perceives a spark of rock in the top and communicates to the assistant so that this prevented, when falling the rock of 1.0x0.80x0.20 m on the guard heads is fragmented and one of the fragments fall on the chain and rebound rubs the operator's right hand generating the described injury.",Yes,Unmapped,Others,Unknown (not recorded in source),Unknown,HIGH,real_ihm_stefanini
OIL-00248,2016-10-29,Real-Local_08,Metals,Incident,"In the activity of placing boards on racks for the exchange of fabrics of the filters, one of the plates was inclined, trying to put the plate in the correct position, the plate arm pressed the back of the right hand against the structure of the easel",Yes,Unmapped,Pressed,Unknown (not recorded in source),Unknown,HIGH,real_ihm_stefanini
OIL-00249,2016-11-04,Real-Local_03,Mining,Incident,"When observing the pulp overflow of the overflow reception drawer of the thickener, the filter operator approaches to verify the operation of the C7-26 pump, making sure that it was stopped. So press the keypad to start the pump and not getting the start, proceeds to remove the guard and manipulates the motor - pump transmission strips, being left hand imprisoned between the pulley of motor and transmission belt",Yes,Unmapped,Others,Unknown (not recorded in source),Unknown,HIGH,real_ihm_stefanini
OIL-00250,2016-11-08,Real-Local_04,Mining,Incident,"Mr. Eriks after having completed the change of guide pole in the conveyor belt 7-1, the collaborator moved to the other side of the belt to remove the tecl, passes under the stairs without getting to observe that in that moment the collaborator Jhon dropped an inchancable of a weight approx. of 15 kg. From the entrance platform to the chute of discharge, at a height of 1.80 meters, the iron grazed him on the forearm, finally hitting his left foot at the height of the instep.",Yes,Unmapped,Others,Unknown (not recorded in source),Unknown,HIGH,real_ihm_stefanini
OIL-00251,2016-11-08,Real-Local_08,Metals,Incident,"When igniting the furnace 07 of the battery I, there was reflux of hot gas, reaching the face of the employee.",No,Unmapped,Others,Unknown (not recorded in source),Unknown,LOW,real_ihm_stefanini
OIL-00252,2016-11-11,Real-Local_06,Metals,Incident,"Approximately at 02:10 a.m. Mr. Wilmer approaches the C150 drying tower for the placement of a blanket, to cover the entrance manhole of the tower; at that moment the manhole cover resting on the railing slides, impacting on his right leg.",Yes,Unmapped,Others,Unknown (not recorded in source),Unknown,HIGH,real_ihm_stefanini
OIL-00253,2016-11-13,Real-Local_06,Metals,Incident,"Being the 01:30 hrs, After the cathode goes through the pre estriping, the sheets are detached and bend to the cathode of its position, the operator with the assistant lift the cathode by the head to position it in the tranfer at that moment the detached sheet exerts pressure on the cathode hitting the palm of the left hand of the operator with the head and the transfe, activity is paralyzed and the collaborator is referred to the medical post by the head of the guard.",No,Unmapped,Plates,Unknown (not recorded in source),Unknown,LOW,real_ihm_stefanini
OIL-00254,2016-11-19,Real-Local_04,Mining,Incident,"The workers: César (injured) and Nilton receive the order of their immediate supervisor Román to carry out the assembly activity of a brace (length 4.60 m, approximate weight 50 Kg) of the structure of the Nro belt. 2, said collaborators lift the brace and approach it to the installation point, leaving one end on the ground and the other resting on the corner of the pedestal (approximate height of 40 cm). After carrying out the planning of the work, the injured person lifts the end part that was on the floor to turn and position it for assembly, at that moment the other end falls generating the imprisonment of the fingers of the left hand. Staff is taken to the medical center by the supervisor.",Yes,Unmapped,Others,Unknown (not recorded in source),Unknown,HIGH,real_ihm_stefanini
OIL-00255,2016-11-21,Real-Local_10,Others,Incident,"In the region of Povoado Vista - Martinópole - CE, the employee Fábio de Vieira performed soil collection activities in the field, together with the auxiliaries Manoel da Silva and Diassis do Nascimento, when around 10:00 am, when crossing a fence his glove was attached to the wire and his body projected forward causing a slight twist of the left wrist. The team traveled to the city of Granja and the employee was referred to the hospital for consultation. The doctor did not diagnose a fracture, prescribing remedy for local pain and ice packs. By medical evaluation the employee can carry out his activities normally.",No,Unmapped,Others,Unknown (not recorded in source),Unknown,LOW,real_ihm_stefanini
OIL-00256,2016-11-23,Real-Local_06,Metals,Incident,"The operator when descending by ladder of sailor of 6 steps, falls to the floor going down of the 3er. step, falling on his back and hitting his head. The worker used the chin strap with the helmet, a safety element that reduced the injury from the blow. He was treated at the medical center with local treatment, referred to the Clinic for re-evaluation.",Yes,Unmapped,Others,Unknown (not recorded in source),Unknown,HIGH,real_ihm_stefanini
OIL-00257,2016-11-23,Real-Local_04,Mining,Incident,"Being approx. 3:10 a.m. Mr. Denis made the mesh placed in a ventilation plug up a ladder, while trying to do a wire tie, suddenly had an imbalance due to the manipulation of tools falling from the third step, propiciándose a blow in the right knee and a wound of the wrist of the right hand. Later he was evacuated to the post where he received first aid.",No,Unmapped,Others,Unknown (not recorded in source),Unknown,LOW,real_ihm_stefanini
OIL-00258,2016-11-25,Real-Local_07,Mining,Incident,The employee reports that upon initiating 615 RLC front loading activity while performing the emulsion preparation for use there was a displacement of a small rock fragment from the ceiling reaching his left forearm,No,Unmapped,Others,Unknown (not recorded in source),Unknown,LOW,real_ihm_stefanini
OIL-00259,2016-11-28,Real-Local_03,Mining,Incident,"in Level 2900 dining room, the collaborator finished washing tabolas (food containers) of dimensions 52 cm x 30 cm x 20 cm, proceed to order them by pinking the thumb of the right hand in the corner of the aluminum tabola, generating the lesion. The employee at the time of the accident did not have safety gloves.",No,Unmapped,Others,Unknown (not recorded in source),Unknown,LOW,real_ihm_stefanini
OIL-00260,2016-11-29,Real-Local_08,Metals,Incident,"During the exchange of the shock-bearing housing, the employee used a sledgehammer to hit the pipe. At this stage of the activity the hammer hit the stepladder that was very close, coming to (hand tool) to be projected onto the left hand thumb, which was holding the piece.",No,Unmapped,Others,Unknown (not recorded in source),Unknown,MEDIUM,real_ihm_stefanini
OIL-00261,2016-11-30,Real-Local_03,Mining,Incident,"After the welder completed the welding work to reinforce the forms in the deepening, he walked towards the distant truck at about 40 mt, at which point the welder stepped on a fragment of rock of 5 cm x 10cm x 5cm approx. which generates that the foot flexes and generates the injury in the worker.",No,Unmapped,Others,Unknown (not recorded in source),Unknown,LOW,real_ihm_stefanini
OIL-00262,2016-12-01,Real-Local_03,Mining,Incident,"During the activity of chuteo of ore in hopper OP5; the operator of the locomotive parks his equipment under the hopper to fill the first car, it is at this moment that when it was blowing out to release the load, a mud flow suddenly appears with the presence of rock fragments; the personnel that was in the direction of the flow was covered with mud.",Yes,Unmapped,Others,Unknown (not recorded in source),Unknown,HIGH,real_ihm_stefanini
OIL-00263,2016-12-01,Real-Local_03,Mining,Incident,"During the activity of chuteo of ore in hopper OP5; the operator of the locomotive parks his equipment under the hopper to fill the first car, it is at this moment that when it was blowing out to release the load, a mud flow suddenly appears with the presence of rock fragments; the personnel that was in the direction of the flow was covered with mud.",Yes,Unmapped,Others,Unknown (not recorded in source),Unknown,HIGH,real_ihm_stefanini
OIL-00264,2016-12-01,Real-Local_03,Mining,Incident,"During the activity of chuteo of ore in hopper OP5; the operator of the locomotive parks his equipment under the hopper to fill the first car, it is at this moment that when it was blowing out to release the load, a mud flow suddenly appears with the presence of rock fragments; the personnel that was in the direction of the flow was covered with mud.",Yes,Unmapped,Others,Unknown (not recorded in source),Unknown,HIGH,real_ihm_stefanini
OIL-00265,2016-12-08,Real-Local_01,Mining,Incident,"At times when four mechanics performed the removal of a (1TM) engine on a positive slope using a key and a tyrfor, at the time that the 1st welder tightened the key (12 Kg of weight) when pulling the chain the eyebolt that held the Click on the roof of the work is broken transversely causing the fall of the key hitting the helmet of the welder mechanic causing cervical contracture. The tirfor was used during the activity as a second protection to prevent the engine from falling.",Yes,Line of Fire,Suspended Loads,Unknown (not recorded in source),Unknown,HIGH,real_ihm_stefanini
OIL-00266,2016-12-08,Real-Local_01,Mining,Incident,"At times when four employees lowered a metal sheet (1.5mx1.8m; m 80Kg) towards the floor from a height of 20 cm., The assembly assistant does not timely remove the hand, trapping his ring finger between the iron and loose earth causing a contusion on his ring finger. The collaborator at the time of the event to use their maneuver gloves.",No,Unmapped,Others,Unknown (not recorded in source),Unknown,MEDIUM,real_ihm_stefanini
OIL-00267,2016-12-09,Real-Local_02,Mining,Incident,"During the withdrawal of the metal form support screw in the Inside of well 2, when the bolt of the chain holder was loosened, the employee and a helper exerted force on the combination wrench, when the bolt came to loosen immediately, pressing the ring finger of the employee's right hand against the support.",No,Unmapped,Others,Unknown (not recorded in source),Unknown,MEDIUM,real_ihm_stefanini
OIL-00268,2016-12-10,Real-Local_04,Mining,Incident,"At 18:40 hours, in moments when Mr. Claudio tipper operator readjusted the nuts of the rear tire on the right side of his vehicle, using a wheel wrench and a tube as an extension to generate greater force of torque; which was Mr. Wilber held him in his back; suffers a contusion in the palm of the right hand as the extension to his partner slips from his hands.",No,Unmapped,Others,Unknown (not recorded in source),Unknown,LOW,real_ihm_stefanini
OIL-00269,2016-12-12,Real-Local_08,Metals,Incident,"When entering the caustic soda containment basin to place the hose to make the suction, at this stage there was steam formation, striking the employee in the right and left calf.",No,Unmapped,Others,Unknown (not recorded in source),Unknown,LOW,real_ihm_stefanini
OIL-00270,2016-12-13,Real-Local_02,Mining,Incident,"During the activities of revegetation of the slopes of the pit pit II, the employee hitting the sledgehammer on the rods for installation of the lifeline, it hit his right leg, causing a slight excoriation.",No,Unmapped,Others,Unknown (not recorded in source),Unknown,LOW,real_ihm_stefanini
OIL-00271,2016-12-12,Real-Local_04,Mining,Incident,"When performing the Doosan RB-10 equipment hammer repair, the employee tries to remove the suspenders with the support of a 25-pound rope; At the moment of receiving the blow the brace or bolt causes a splinter to be released, expelling and impacting on the lower left limb causing metal embedding in it. The collaborator did not notice immediately.",No,Unmapped,Others,Unknown (not recorded in source),Unknown,MEDIUM,real_ihm_stefanini
OIL-00272,2016-12-12,Real-Local_05,Metals,Incident,"Employee reports that he performed an activity in the area of ​​the Ustulación, under the coordination of Maintenance when he was hit by dust from the ustulado, causing irritation in the eye region.",No,Unmapped,Others,Unknown (not recorded in source),Unknown,LOW,real_ihm_stefanini
OIL-00273,2016-12-13,Real-Local_06,Metals,Incident,"On December 13, the accessories coupling (gun - hose) of the high pressure pump (BAP) was made to clean the demister of the cooling tower G2172. carrying out the complete coupling, they turn on the BAP to start with the start test, at that moment the hose comes off the gun and hits Mr. Emerson who was holding the gun.",No,Unmapped,Others,Unknown (not recorded in source),Unknown,LOW,real_ihm_stefanini
OIL-00274,2016-12-15,Real-Local_05,Metals,Incident,"Employee reports that when returning the anode to the easel the even bumped into the side of the easel coming to swing and hit his right shoulder, causing bruise.",No,Unmapped,Others,Unknown (not recorded in source),Unknown,MEDIUM,real_ihm_stefanini
OIL-00275,2016-12-15,Real-Local_03,Mining,Incident,"happened?): During the maintenance of the Bolter equipment; the collaborator uses a carpenter's hammer to be able to remove a link in the chain of advance the drilling machine, in moments that hits on the side of the chain, the partner hits the structure of the beam diverting the path of the hammer causing it to strike his left hand.",Yes,Unmapped,Others,Unknown (not recorded in source),Unknown,HIGH,real_ihm_stefanini
OIL-00276,2016-12-16,Real-Local_08,Metals,Incident,"The maid while walking in the electrolysis area, stumbled and fell next to the bathroom in room B.",No,Unmapped,Others,Unknown (not recorded in source),Unknown,LOW,real_ihm_stefanini
OIL-00277,2016-12-19,Real-Local_04,Mining,Incident,"In circumstances that the operator performed the lifting of an 8-inch vitaulic pipe, this is imprisoned in the structure of the railing of the truck, instants that pushes the pipe with the right hand this returns to its initial position hitting the middle finger of the employee causing a bruise",No,Unmapped,Others,Unknown (not recorded in source),Unknown,MEDIUM,real_ihm_stefanini
OIL-00278,2016-12-23,Real-Local_04,Mining,Incident,"When performing the movement of the bar to make room and place a calibrator. Mr. Chuquillanqui pushes the bar with both hands turning it, being at that moment imprisoned the middle finger of the left hand against the other bar that was ahead.",Yes,Unmapped,Others,Unknown (not recorded in source),Unknown,HIGH,real_ihm_stefanini
OIL-00279,2016-12-22,Real-Local_05,Metals,Incident,"Employee reports that he performed soldering activity when he was hit in the eye region by dust that was found in the thermal insulation, causing irritation.",No,Unmapped,Others,Unknown (not recorded in source),Unknown,LOW,real_ihm_stefanini
OIL-00280,2016-12-22,Real-Local_01,Mining,Incident,"At the end of the unleashing of saturated material on the talus crest of bank 4318, the rugged taut rope to leave the work area, tension at which moment loose material from the top of the slope crumbles (height of 6m and stool of 3m) projecting a fragment (6cmx2cmx1cm; 26gr) which rubs the right cheek causing the injury. At the time of the event the area was isolated and the collaborator had all the epps corresponding to the activity.",Yes,Unmapped,Others,Unknown (not recorded in source),Unknown,HIGH,real_ihm_stefanini
OIL-00281,2016-12-23,Real-Local_03,Mining,Incident,"At level 4150 Geology - Surface, master mine to temporarily repair water leakage from a 4-inch diameter metal distributor, makes a cut of a rim chamber strip of 4cm wide x 100cm long making Using a cutter, his partner stretches the camera when cutting with force the edge of the cutter makes contact with the index finger of the left hand causing a superficial cut. At the time of the event the worker was wearing boss gloves.",No,Unmapped,Others,Unknown (not recorded in source),Unknown,MEDIUM,real_ihm_stefanini
OIL-00282,2016-12-26,Real-Local_06,Metals,Incident,"Mr. Marcelo withdrew foam from the ajax oven, using the metal spoon to empty it into the foam waste container. At that moment splash of slag residues, impacting the face and generating a surface burn. The worker was wearing a face mask.",No,Unmapped,Others,Unknown (not recorded in source),Unknown,LOW,real_ihm_stefanini
OIL-00283,2016-12-28,Real-Local_05,Metals,Incident,"Employee reports that when trying to remove one of the plates from the overflow system of the Ustulador oven, the 5th finger of the right hand was pressed between the tool (wrench with extension) and the overflow flange of the Ustulador oven, located behind the performer.",Yes,Unmapped,Others,Unknown (not recorded in source),Unknown,HIGH,real_ihm_stefanini
OIL-00284,2016-12-30,Real-Local_04,Mining,Incident,"At 13:40 hours, Mr. Hidalgo, wanting to climb on the starter board to remove the fans, stands on an unstable reel and, when driving, fell frontally at a height of 2.98m.",Yes,Unmapped,Others,Unknown (not recorded in source),Unknown,HIGH,real_ihm_stefanini
OIL-00285,2016-12-31,Real-Local_04,Mining,Incident,"Being approximately 8:10 p.m. Alpha operator Mr. Ronald was heading to mine when he decides to stop the equipment to accommodate the lights (left side), manipulating the support of the lighthouse, catching his fifth finger of the right hand with the protection grid and support.",Yes,Unmapped,Others,Unknown (not recorded in source),Unknown,HIGH,real_ihm_stefanini
OIL-00286,2017-01-02,Real-Local_06,Metals,Incident,"At 13:40 hours, Mr. Jose performed the erasing of the earthenware of section 30, when turning on the machine of alizado (ironing) of concrete, this tour abruptly imprisoning his left hand between the command of the equipment and the metal structure, causing an atriction in the back of the left hand.",No,Unmapped,Pressed,Unknown (not recorded in source),Unknown,LOW,real_ihm_stefanini
OIL-00287,2017-01-05,Real-Local_01,Mining,Incident,"In the volvo workshop at the time of cutting steel plate (thickness 1 in), for the installation of the MT-32 scoop lip, with Oxicorte equipment, the injured feels a discomfort in both eyes. At the time of the accident the collaborator made use of his full Epp, but the soldering iron lens did not make full adjustment for the presence of the respirator.",Yes,Line of Fire,Projection,Unknown (not recorded in source),Unknown,HIGH,real_ihm_stefanini
OIL-00288,2017-01-05,Real-Local_03,Mining,Incident,"During the mechanized support activity in the level 3450 - Tajo when lifting the support mesh on the platform of the Scissor equipment, the employee with a stumble feels a pain in the heel of the left foot.",No,Unmapped,Others,Unknown (not recorded in source),Unknown,MEDIUM,real_ihm_stefanini
OIL-00289,2017-01-06,Real-Local_08,Metals,Incident,"During the preparation for the scaffolding activity, the employee was loading the pieces to the designated place where he had his finger pressed between the metal pieces that were being moved.",No,Unmapped,Pressed,Unknown (not recorded in source),Unknown,LOW,real_ihm_stefanini
OIL-00290,2017-01-07,Real-Local_04,Mining,Incident,"When making the change of support of the vertical pump of 6 ""(40357 Zinc two mechanics raised a beam in"" H ""(4"" x 2.7 m and 45 kg.) One at each end and being at the height of The injured person's knee slips from his hands causing the injury described.",Yes,Unmapped,Others,Unknown (not recorded in source),Unknown,HIGH,real_ihm_stefanini
OIL-00291,2017-01-08,Real-Local_06,Metals,Incident,"At 11:25 a.m., the deslaminator stops untimely, then the operator lowers and locks the machine to verify the failure, detecting locking of the sheet between the basket and the manipulator. The operator tries to arrange the sheet manually and when pulling the sheet, this one cuts the palm of the right hand with the edge of the sheet, is referred to the medical center for attention.",No,Unmapped,Cut,Unknown (not recorded in source),Unknown,MEDIUM,real_ihm_stefanini
OIL-00292,2017-01-08,Real-Local_05,Metals,Incident,"Employee performed withdrawal of electrical failure in the engine control drawer of the TQ 14 A, after the check and exchange of fuses, it closed the door of the drawer and energized the drawer, at this moment an arc was opened, reaching the face and part of the employee's forearm, causing minor burns.",Yes,Line of Fire,Projection/Burning,Unknown (not recorded in source),Unknown,HIGH,real_ihm_stefanini
OIL-00293,2017-01-09,Real-Local_01,Mining,Incident,"In circumstances where the worker hit the support of the drill beam advance cylinder to align the base of the beam with the holes of the beam and place the bolt, mechanical hammer slips and by inertia the mechanic's hand hits the edge of the beam causing the injury. At the time of the accident the employee had all the PPE for this activity.",No,Unmapped,Others,Unknown (not recorded in source),Unknown,MEDIUM,real_ihm_stefanini
OIL-00294,2017-01-09,Real-Local_03,Mining,Incident,"At level 2995 access # 7, Scissor # 187 performed the sustaining activity, drilling the drill to install the Split when lifting the electrowelded mesh of 12 square meters (6m x 2m), weight 21 kg. Approximately to the team's platform, the assistant slips and feels a pain in the inner edge of the right knee.",No,Unmapped,Others,Unknown (not recorded in source),Unknown,MEDIUM,real_ihm_stefanini
OIL-00295,2017-01-10,Real-Local_10,Others,Incident,"The auxiliary of general services I, Paulo e Silva, with 5 months and 10 days of work, was performing the activity of soil collection. During the movement of equipment to the next point, holding a lever, it encountered a piece of sloping ground and with interlaced vegetation, which caused the fall of the to the left, the same side where the tool was held. The rapid fall prevented the employee from leaning, causing a shock of the elbow with the ground. The employee continued the activity for another 3 points of sample collection until he felt the arm bothering.",Yes,Unmapped,Fall prevention,Unknown (not recorded in source),Unknown,HIGH,real_ihm_stefanini
OIL-00296,2017-01-12,Real-Local_08,Metals,Incident,"During the reduction activity in the tube, the employee attached the tube to the walrus, and when he hit the tube with the hammer, he untied the walrus by reaching his finger.",No,Unmapped,Manual Tools,Unknown (not recorded in source),Unknown,LOW,real_ihm_stefanini
OIL-00297,2017-01-14,Real-Local_03,Mining,Incident,"During the activity of settling of concrete blocks for the ventilation plug wall in the CX-943 of level 3590, in circumstances that the worker made the setting of the union between concrete blocks, a polyethylene pipe of 2 ""diameter was picks up the spike and when it hits it hits the top of the worker's protector.",Yes,Line of Fire,Projection,Unknown (not recorded in source),Unknown,HIGH,real_ihm_stefanini
OIL-00298,2017-01-17,Real-Local_03,Mining,Incident,"At level 3450, Tajo area 2; after completing the drilling of drills for loading; the operator removes the bit from the jumbo arm and walks towards the crew cabin; from the crown of the work a fragment of rock that passes through the cocada of the mesh of 3 ""and impacts on its helmet and rebound hits the right shoulder of the operator, generating the described injury.",No,Unmapped,remains of choco,Unknown (not recorded in source),Unknown,MEDIUM,real_ihm_stefanini
OIL-00299,2017-01-17,Real-Local_08,Metals,Incident,"Upon approaching the furnace that was in the process of melting the Zn ingot, it was struck by liquid metal projection.",Yes,Unmapped,Liquid Metal,Unknown (not recorded in source),Unknown,HIGH,real_ihm_stefanini
OIL-00300,2017-01-17,Real-Local_08,Metals,Incident,"During routine slimming activity of the kiln 8 of the battery 1. The employee began to remove the waste inside the crucible with the aid of a skimmer, felt pain in the left shoulder.",Yes,Unmapped,Others,Unknown (not recorded in source),Unknown,HIGH,real_ihm_stefanini
OIL-00301,2017-01-20,Real-Local_06,Metals,Incident,"At 15:05 hours, Mr. Cesar Tello-MOINSAC, was carrying out the work of assembling the water line, for that he climbs up the cat ladder and at an approximate height of 2.5 meters he vanishes and falls, hitting himself on the way, being transferred to the medical center for his attention.",Yes,Unmapped,Fall prevention,Unknown (not recorded in source),Unknown,HIGH,real_ihm_stefanini
OIL-00302,2017-01-20,Real-Local_04,Mining,Incident,"When manipulating materials on the master drill truck, the operators decide to make space by moving a radiator, at that moment the driver of the truck is imprisoned the little finger of the left hand against the bar.",No,Unmapped,Manual Tools,Unknown (not recorded in source),Unknown,MEDIUM,real_ihm_stefanini
OIL-00303,2017-01-21,Real-Local_02,Mining,Incident,"Employees engaged in the removal of material from the excavation of the well 2 of level 265, using shovel and placing it in the bucket. During the day some of this material fell into the pipes of the employees' boots and the friction between the boot and the calf caused a superficial injury to the legs.",No,Unmapped,Others,Unknown (not recorded in source),Unknown,LOW,real_ihm_stefanini
OIL-00304,2017-01-21,Real-Local_02,Mining,Incident,"Employees engaged in the removal of material from the excavation of the well 2 of level 265, using shovel and placing it in the bucket. During the day some of this material fell into the pipes of the employees' boots and the friction between the boot and the calf caused a superficial injury to the legs.",No,Unmapped,Others,Unknown (not recorded in source),Unknown,LOW,real_ihm_stefanini
OIL-00305,2017-01-23,Real-Local_04,Mining,Incident,"Being 4:15 a.m. on the 179th block of Nv 1880 Ob 2, at the moment that Messrs. and Roger (injured), cleaned the 14th drill of the radial mesh that was in an inclined shape in the right gable, moment that detaches fragments of rock of 5x5x2 cm. impacting the shoulder.",Yes,Unmapped,remains of choco,Unknown (not recorded in source),Unknown,HIGH,real_ihm_stefanini
OIL-00306,2017-01-24,Real-Local_05,Metals,Incident,"Employee was transiting the GRS area when he came to slip, suffering a twist in his left knee.",No,Working at Height,Fall,Unknown (not recorded in source),Unknown,MEDIUM,real_ihm_stefanini
OIL-00307,2017-01-24,Real-Local_10,Others,Incident,"On 01/24/2017, at 12:25 a.m., during the activity of collecting soil, the collaborator Milton ran into a branch and was attacked by maribondos. He was bitten twice in the head. No pain, swelling and no allergic symptoms continued with their activities.",No,Unmapped,Venomous Animals,Unknown (not recorded in source),Unknown,LOW,real_ihm_stefanini
OIL-00308,2017-01-25,Real-Local_03,Mining,Incident,"During the process of loading drills in the Carmen pit of level 3450, the operator positions the basket of the anfo loader 186 equipment at a height of 3m from the floor to carry out the loading of the production drills; At this moment, a stone slab of 1.4x0.7x0.2 m is detached from the front of the pit, which is tilted and lodged inside the basket, trapping the right leg of the collaborator.",Yes,Unmapped,remains of choco,Unknown (not recorded in source),Unknown,HIGH,real_ihm_stefanini
OIL-00309,2017-01-27,Real-Local_04,Mining,Incident,"Being 00:10 am at times when the collaborator was passing a tubo ""PVC pipe to the loader to uncover the fifth hole that was obstructed by a piece of rock. The operator of the Jetanol accidentally activates the air valve, causing the loading pipe that was in the floor to rise suddenly throwing prils of anfo (excess in pipe) on the cheekbone and eyelid of the right eye of the victim.",No,Unmapped,Others,Unknown (not recorded in source),Unknown,MEDIUM,real_ihm_stefanini
OIL-00310,2017-01-29,Real-Local_01,Mining,Incident,"In circumstances that the tipper MV-01 of the EE Mceisa, moved of the Nv. 3120 to Nv. 3300, the operator sees a congestion of equipment in front of his unit in the Ramp 990 - at a distance of 80 meters. of access to the Nv. 3300, which is why he decides to get off the cab by turning off his vehicle, when suddenly he slides off the second rung that is 0.70 m from the ground, hitting the right forearm region against the fender and the same rung.",No,Driving,Vehicles and Mobile Equipment,Unknown (not recorded in source),Unknown,MEDIUM,real_ihm_stefanini
OIL-00311,2017-01-28,Real-Local_01,Mining,Incident,"At the moment of entering through the mouth of Tunel 3600, the employee moves on the left side of the locomotive LT-18 (locomotive of personnel transfer that was stationed at the entrance of the mouth) without noticing the protruding abutment of said locomotive at the bottom hitting his right knee with the metal stirrup. It should be noted that the operator continued his duties during the watch without reporting what happened. At 2:30 a.m. The extraction supervisor, upon noticing the discomfort of his partner in the knee, immediately evacuated him to Natclar after reporting to the control center.",No,Driving,Vehicles and Mobile Equipment,Unknown (not recorded in source),Unknown,MEDIUM,real_ihm_stefanini
OIL-00312,2017-01-31,Real-Local_08,Metals,Incident,"During the assembly activity of polypropylene pipe with 4 ""diameter, the employee stepped on the pipe flange, it twisted his right foot.",No,Unmapped,Others,Unknown (not recorded in source),Unknown,MEDIUM,real_ihm_stefanini
OIL-00313,2017-01-31,Real-Local_01,Mining,Incident,"Upon entering the mine interior; the bodeguero is located only in the litorina N ° 13, last of the convoy; during its displacement, the litorina derails and advances approximately 15 meters; it is when the operator observes this event and before entering through the entrance gate paralyzes the displacement of the convoy. The winemaker had his full EPPs on.",Yes,Driving,Vehicles and Mobile Equipment,Unknown (not recorded in source),Unknown,HIGH,real_ihm_stefanini
OIL-00314,2017-02-01,Real-Local_10,Others,Incident,"On 01/02/2017, at 10:15 a.m., when performing the Soil activity, the collaborator Alex used a pickaxe to assist in the opening of the collection hole. As he struck the ferranta on the ground, he had a fragment of rock projected on his forehead causing a small cut. The activity was paralyzed for a few moments and it was not necessary to go to the doctor, the employee continued the activities normally.",No,Line of Fire,Projection/Choco,Unknown (not recorded in source),Unknown,LOW,real_ihm_stefanini
OIL-00315,2017-02-04,Real-Local_02,Mining,Incident,Employee was performing drilling activity with the LM17 probe at level 585 GPS and when positioning the needle stem came to hit the left hand ring finger against the retraction box causing superficial injury.,No,Unmapped,Manual Tools,Unknown (not recorded in source),Unknown,MEDIUM,real_ihm_stefanini
OIL-00316,2017-02-05,Real-Local_10,Others,Incident,"On 05/02/2017, at 10:40 p.m., when performing geological mapping activity, the geologist Manoel da Silva accompanied by the geologists Luciano dos Santos and Dayme had to make the crossing to the other side of a fence barbed wire, known in the region as a goat. It is a fence that from the base up to about 60cm in height is made by rods interlaced horizontally and upwards made with little barbed wire barbed, around 15 to 20cm. I jumped on the fence, and still on the fence I managed to ""sweep"" the vegetation with the left foot but even so while supporting the foot on the ground a stump of approximately 10cm x 1cm came to break the sole of the boot and cause the perforation in the left foot at the height of the fingers.",No,Unmapped,Others,Unknown (not recorded in source),Unknown,LOW,real_ihm_stefanini
OIL-00317,2017-02-07,Real-Local_04,Mining,Incident,"The collaborator completed the misalignment of the nut on the left side of the chute scraper of strip No. 9-2, when he gets up he turns and hits the head guard with the railing, hitting the lenses generating the injury.",No,Unmapped,Others,Unknown (not recorded in source),Unknown,LOW,real_ihm_stefanini
OIL-00318,2017-02-07,Real-Local_03,Mining,Incident,"In Level 2900 - OP 5 the worker performed the chuteo ore from the hopper to the second car, perceived a slip of water and mud through the hopper, decided to leave the platform and when he was already down the second rung of the ladder of access, the water increases and a fragment of rock slides and hits the back of the worker causing it to fall and hit the right forearm and left knee.",Yes,Unmapped,remains of choco,Unknown (not recorded in source),Unknown,HIGH,real_ihm_stefanini
OIL-00319,2017-02-08,Real-Local_03,Mining,Incident,"Being 12:20 hours Approximately, in circumstances that the Administrative SSOMAC, was arranged to move the guillotine of the right side towards the center of the table to make cuts of enmicadas pages, when trying to raise the guillotine the middle finger of the right hand It rubs against the edge of the guillotine blade, causing the cut in the yolk of the third finger of the right hand.",Yes,Unmapped,Cut,Unknown (not recorded in source),Unknown,HIGH,real_ihm_stefanini
OIL-00320,2017-02-08,Real-Local_08,Metals,Incident,"During the preparation for the office cleaning activity, the employee made use of the stair railing, it had contact with the clamp used to lock the signaling board.",No,Unmapped,Others,Unknown (not recorded in source),Unknown,LOW,real_ihm_stefanini
OIL-00321,2017-02-08,Real-Local_08,Metals,Incident,"During the activity for packaging the cylindrical piece on the easel, the employee carried the pieces to the designated place where he had his finger pressed between the metal pieces that were being moved.",No,Unmapped,Pressed,Unknown (not recorded in source),Unknown,LOW,real_ihm_stefanini
OIL-00322,2017-02-08,Real-Local_04,Mining,Incident,The injured collaborator and one of his colleagues wanted to move a rim of a scoop tire for which using their own strength they threw the rim to the floor to make it roll and in that instant the eyelash hits the fifth finger of the right hand against the ring producing the injury.,No,Unmapped,Cut,Unknown (not recorded in source),Unknown,MEDIUM,real_ihm_stefanini
OIL-00323,2017-02-08,Real-Local_06,Metals,Incident,"When averaging 04:30 am, the operator Daniel removed cleaning accessories under the mobile channel of line 01, for which he supported his left hand on the rail that was in motion. At that moment the crushing of the 2nd finger of the left hand occurs; the injury occurs. The collaborator is referred to the Medical for care.",No,Bypassing Safety Controls,Machine Protection,Unknown (not recorded in source),Unknown,MEDIUM,real_ihm_stefanini
OIL-00324,2017-02-09,Real-Local_03,Mining,Incident,"the Spillway circumstances where the worker was cleaning, with the use of an absorbent cloth, oil residues from the right edge of the Atlas AXS-186 compressor, with the bonnet open and in functioning; the rag falls inside the ompressor and in the attempt to remove it, it is hooked on the fan's propeller, pulling the worker's left hand toward the propeller causing the injury.",Yes,Energy Isolation,Power lock,Unknown (not recorded in source),Unknown,HIGH,real_ihm_stefanini
OIL-00325,2017-02-08,Real-Local_06,Metals,Incident,"Performing carpentry work, the collaborator hit the second finger of the left hand with the hammer, which he held with his right hand, causing a bruise at the height of the nail. The evaluation was carried out at the medical center of the unit, the final diagnosis being contusion on the finger.",No,Unmapped,Manual Tools,Unknown (not recorded in source),Unknown,LOW,real_ihm_stefanini
OIL-00326,2017-02-13,Real-Local_08,Metals,Incident,"While preparing to mount polypropylene tubing, the employee pulled the pickup from the truck and positioned it in place, pressing the finger between the tube and the concrete wall.",No,Unmapped,Pressed,Unknown (not recorded in source),Unknown,MEDIUM,real_ihm_stefanini
OIL-00327,2017-02-13,Real-Local_05,Metals,Incident,"During the maintenance of the peristaltic pump 02BP0166 to change the internal hose, the rupture tubing of the reserve pump 02BP0167 ruptured after it started to operate, designing solution heated towards the employee, reaching his left forearm causing irritation in the skin.",Yes,Line of Fire,Projection,Unknown (not recorded in source),Unknown,HIGH,real_ihm_stefanini
OIL-00328,2017-02-13,Real-Local_05,Metals,Incident,"During the maintenance of the peristaltic pump 02BP0166 to change the internal hose, the rupture tubing of the reserve pump 02BP0167 was disrupted, after it started to operate, designing solution heated towards the employee, reaching his left forearm, causing a burn .",Yes,Unmapped,Burn,Unknown (not recorded in source),Unknown,HIGH,real_ihm_stefanini
OIL-00329,2017-02-14,Real-Local_03,Mining,Incident,"In the Nv. 3370, CX 212 - South, when the Mechanic loosens a through bolt of the intermediate cardan protector of the Dumper 01, the protector is released and imprisons the first finger of the left hand against the connector of the hydraulic steering cylinder (Position 2) .",Yes,Unmapped,Pressed,Unknown (not recorded in source),Unknown,HIGH,real_ihm_stefanini
OIL-00330,2017-02-15,Real-Local_10,Others,Incident,"On 02/15/2017 at 3:27 pm, when performing the Magnetometric using GPS, the collaborator Antônio bumped the top of the field hat on a branch and was attacked by maribondos. He was bitten behind the ear and another on the shoulder, but he continued his activity because he felt no pain or swelling.",No,Unmapped,Venomous Animals,Unknown (not recorded in source),Unknown,LOW,real_ihm_stefanini
OIL-00331,2017-02-16,Real-Local_03,Mining,Incident,"By averaging 8:23 am at the offices of Ajani, Liliana prepares to store folders in the warehouse, to go to the place it comes out of the iglu, when going down the two steps it does so diagonally so it sits the left foot on the edge of the second step causing the foot to bend Left inward, it stabilizes quickly avoiding falling to the ground.",No,Working at Height,Fall,Unknown (not recorded in source),Unknown,LOW,real_ihm_stefanini
OIL-00332,2017-02-17,Real-Local_04,Mining,Incident,"the moment of extracting the bolts of the CHUCK of rotation unit VSD 01; in the instant that is made hits with the rope of 6Lbs. the base of the support bolts, a fragment of the metal structure is projected, impacting the face of the mechanic Freddy the described injury.",No,Line of Fire,Projection/Manual Tools,Unknown (not recorded in source),Unknown,MEDIUM,real_ihm_stefanini
OIL-00333,2017-02-17,Real-Local_01,Mining,Incident,"Once the painting of the pumping pipe has been completed, the person involved involuntarily touches his face, with his hand (with gloves) full of paint, and to clean himself he makes use of a dry industrial cloth and begins to rub his face, for a period of time from 30 to 40 seconds continuously, until finally the paint on the face is cleaned, this friction generates the described injury.",No,Unmapped,Chemical substances,Unknown (not recorded in source),Unknown,MEDIUM,real_ihm_stefanini
OIL-00334,2017-02-17,Real-Local_01,Mining,Incident,"At the conclusion of the unloading of ore with the AMP-819 plate tipper, in the pit 01, the driver notices that a stretch of support mesh is stuck in the hopper hatch; then the driver gets off his equipment (with the hopper lifted) to remove with his hands this mesh, when generating force, fine particles of rock fall and one of them is impregnated in the eye of the injured. At the time of the incident, the injured person used his measuring glasses and did not have any surcharges.",Yes,Line of Fire,Projection,Unknown (not recorded in source),Unknown,HIGH,real_ihm_stefanini
OIL-00335,2017-02-23,Real-Local_04,Mining,Incident,"Mr. Walter was putting his tools in the hopper of the Atlas truck that was parked on the cruise 320 of Level 1850 OB2B, then the mining operations van arrived driven by Engineer parked behind the truck of Atlas to approximately 3 meters and without having placed the safety block went to request the data of the drilling, later the assistant of the SIMBA 04 opened the gate, dropping the bit into the hopper of the mine truck and untimely the vehicle He moved forward, pinning the mechanic's right leg.",Yes,Driving,Vehicles and Mobile Equipment,Unknown (not recorded in source),Unknown,HIGH,real_ihm_stefanini
OIL-00336,2017-02-23,Real-Local_07,Mining,Incident,"During the transport of pieces of wood with the aid of a wheelbarrow, the employee felt a prick in the right leg, at that moment stopped the activity, removed the leggings and when shaking the pants noticed that it was a small scorpion.",No,Unmapped,Venomous Animals,Unknown (not recorded in source),Unknown,MEDIUM,real_ihm_stefanini
OIL-00337,2017-02-25,Real-Local_01,Mining,Incident,"During the mining cycle at the Chimney 410; before starting with the drilling work to anchor the lane of the alimak system, the collaborator squat to pick up a manual tool that is on the platform; it is at this moment that the jackleg team loses its position and projects towards the back of the collaborator generating the injury.",Yes,Working at Height,Fall,Unknown (not recorded in source),Unknown,HIGH,real_ihm_stefanini
OIL-00338,2017-02-25,Real-Local_01,Mining,Incident,"In the support process, in circumstances that the assistant performs the Last cut in the transverse length of the mesh; The mesh generates a movement towards the operator and hits the face causing the described injury.",No,Line of Fire,Projection,Unknown (not recorded in source),Unknown,MEDIUM,real_ihm_stefanini
OIL-00339,2017-02-25,Real-Local_10,Others,Incident,"On 02/25/2017 at 13:05 p.m., when assisting with GPS in the Magnetometric collaborator Gilvânio bumped the top of the field hat on a branch and was attacked by maribondos. The moths went towards his eyes, but due to the use of sunglasses, the attack in that region was prevented. The insects moved to the side of the face, getting caught between the ear and the back of the field hat, making the helper get two bites behind the ear. Gilvânio is allergic to Marimbondos bites, soon the activity was immediately paralyzed, we drove to the car, where the accident took his medicine (antiallergic already used in other situations out of work, indicated by another doctor) to avoid further swelling. Marcelo responsible for the project was also on the field in the mapping activity, was called on the radio immediately. The assistant felt good, but was taken to the emergency of the Hospital of Lavras do Sul, where he consulted the doctor, took antiallergic and was released around 15:20.",No,Unmapped,Venomous Animals,Unknown (not recorded in source),Unknown,LOW,real_ihm_stefanini
OIL-00340,2017-02-26,Real-Local_01,Mining,Incident,"In moments when the staff of the IMPROMEC company was heading towards the 447 pique to support shotcrete casting jobs; One of the electricians does not identify a lane and water in the road, so his right leg enters the gutter of 0.8 m depth causing the injury. The service of the litorina was paralyzed for the entrance of this personnel.",No,Working at Height,Fall,Unknown (not recorded in source),Unknown,MEDIUM,real_ihm_stefanini
OIL-00341,2017-02-26,Real-Local_07,Mining,Incident,"The employee was descending the ladder after inspection of the milling cyclones, which gives access to the floor behind the mill 10 by platform # ISC-MG26 when the floor gave way and it fell from a height of approximately 1 meter and 70 meters (there is material / ore below the platform, decreasing the height of the fall impact).",Yes,Unmapped,Fall prevention,Unknown (not recorded in source),Unknown,HIGH,real_ihm_stefanini
OIL-00342,2017-02-27,Real-Local_03,Mining,Incident,"In the area of ​​Lloclla 50 meters from the sub-station Nro 4, under circumstances that the worker was preparing to pick up the rope from the floor, several fragments of rock slide down the slope of the hill, one of the 5 cm fragments of Diameter approximately impacts the face of the worker producing the aforementioned injury",Yes,Unmapped,remains of choco,Unknown (not recorded in source),Unknown,HIGH,real_ihm_stefanini
OIL-00343,2017-02-27,Real-Local_02,Mining,Incident,"When performing cleaning activity of the area near the 042-TC-06 - Grinding the employee was handling a block of triangular shaped rock measuring (b = 53cm x h = 42cm x e = 12cm). During the movement, he lost his balance by falling with the rock on the thumb of his left hand, injuring him.",Yes,Unmapped,Others,Unknown (not recorded in source),Unknown,HIGH,real_ihm_stefanini
OIL-00344,2017-03-01,Real-Local_06,Metals,Incident,"When carrying out refractory brick chopping activities, in order to place the support of the bus bar in section 70, a particle is detached, hitting the assistant's right arm that was one meter away from the work area, provoking him a wound in the arm, was treated at the medical center and returned to his usual duties.",No,Unmapped,Others,Unknown (not recorded in source),Unknown,LOW,real_ihm_stefanini
OIL-00345,2017-03-02,Real-Local_10,Others,Incident,"On 02/03/17 during the soil sampling in the region of Sta. the employees Rafael and Danillo da Silva were attacked by a bee test. They rushed away from the place, but the employee Rafael took 4 bites, one on the chin, one on the chest, one on the neck and one on the hand over the glove. The employee took 4 bites, one in his hand over his glove and the other in the head, and the employee Danillo took 2 bites in the left arm over his uniform. At first no one sketched allergy, just swelling at the sting site. The activity was stopped to evaluate the site, after verifying that the test had remained in the line, they left the site.",No,Unmapped,Venomous Animals,Unknown (not recorded in source),Unknown,LOW,real_ihm_stefanini
OIL-00346,2017-03-02,Real-Local_10,Others,Incident,"On 02/03/17 during the soil sampling in the region of Sta. the employees Rafael and Danillo da Silva were attacked by a bee test. They rushed away from the place, but the employee Rafael took 4 bites, one on the chin, one on the chest, one on the neck and one on the hand over the glove. The employee took 4 bites, one in his hand over his glove and the other in the head, and the employee Danillo took 2 bites in the left arm over his uniform. At first no one sketched allergy, just swelling at the sting site. The activity was stopped to evaluate the site, after verifying that the test had remained in the line, they left the site.",No,Unmapped,Venomous Animals,Unknown (not recorded in source),Unknown,LOW,real_ihm_stefanini
OIL-00347,2017-03-02,Real-Local_10,Others,Incident,"On 02/03/17 during the soil sampling in the region of Sta. the employees Rafael and Danillo da Silva were attacked by a bee test. They rushed away from the place, but the employee Rafael took 4 bites, one on the chin, one on the chest, one on the neck and one on the hand over the glove. The employee took 4 bites, one in his hand over his glove and the other in the head, and the employee Danillo took 2 bites in the left arm over his uniform. At first no one sketched allergy, just swelling at the sting site. The activity was stopped to evaluate the site, after verifying that the test had remained in the line, they left the site.",No,Unmapped,Venomous Animals,Unknown (not recorded in source),Unknown,LOW,real_ihm_stefanini
OIL-00348,2017-03-04,Real-Local_02,Mining,Incident,"The employee, who was hitchhiking, on the CEP 403 truck, equipment, he crossed the central canterio of the track to catch the key of the wheel loader with another operator who was stopped in the opposite direction. Upon returning to the truck, it was hit in the arm left by the loader tire that was traveling along the road and passed the CEP-403 on the right.",Yes,Driving,Vehicles and Mobile Equipment,Unknown (not recorded in source),Unknown,HIGH,real_ihm_stefanini
OIL-00349,2017-03-06,Real-Local_04,Mining,Incident,"Being 5:40 pm approx. when the collaborator Mr. Duval (sampler), was preparing to change and remove the buckets from the pulp samples of the plant courier, he slipped and fell to the ground supporting himself with the right hand generating the lesion described.",No,Working at Height,Fall,Unknown (not recorded in source),Unknown,MEDIUM,real_ihm_stefanini
OIL-00350,2017-03-08,Real-Local_10,Others,Incident,"On 08/03/2017 at 3:30 PM, when performing MAG activity, the employee Murilo da Silva, when moving in the acquisition line, came across a small drainage (approximately 40cm wide), with small gap. As he traversed the drainage, the employee rested his right foot on the ravine that came to rest, causing the right ankle to twist. Soon after the twisting, the activities were paralyzed and the employee was taken to the local hospital, where an x-ray was taken and an examination made by the physician. No serious injury was found, only a small swelling, then released to normal activities.",No,Unmapped,Others,Unknown (not recorded in source),Unknown,LOW,real_ihm_stefanini
OIL-00351,2017-03-09,Real-Local_03,Mining,Incident,"At Level 3970 (Before -100) When the F6M 801 license plate went from level 3570 to surface, when the pilot trying to locate his radio to answer a call from the concrete plant is distracted and crashes his vehicle against the left gable and the vehicle turns to the right side. When this happens, the copilot hits his right hand against a fragment of broken glass in the window on the right side of the vehicle.",Yes,Driving,Vehicles and Mobile Equipment,Unknown (not recorded in source),Unknown,HIGH,real_ihm_stefanini
OIL-00352,2017-03-08,Real-Local_01,Mining,Incident,"When the scoop was heading from Rpa 910 to the cut-off point of the Cro 861 South to be unloaded, it visualizes a truck that was parked with the lights and the engine ignited inside the thrust - where the Scoop found accumulating dismount-; the operator stops the Scoop and gets off to tell the driver of the truck to leave and when he finds no one he decides to go and look for the driver at the top of Cro 861 South, where he can not find it; Then he returns to his Scoop and at 15 to 20 meters visualizes the light of a lamp shining in the direction of the gable, when approaching, he finds the deceased lying on the side of the Scoop and proceeds to give immediate notice to the supervisory of the shift, control center and emergency center.",Yes,Driving,Vehicles and Mobile Equipment,Unknown (not recorded in source),Unknown,HIGH,real_ihm_stefanini
OIL-00353,2017-03-09,Real-Local_05,Metals,Incident,"Employee was performing maintenance on filter press, in the Filtration area (GRS). When he dismantled the hose clamp in a turning motion, he had contact with the burr of the tip of one of the screws that was exposed, causing him a cut in his glove and wound in the 3rd quirodactilo of the left hand.",No,Bypassing Safety Controls,Machine Protection,Unknown (not recorded in source),Unknown,MEDIUM,real_ihm_stefanini
OIL-00354,2017-03-10,Real-Local_03,Mining,Incident,"In the Nv. 2930 - Chamber of accumulation of aggregates: When the worker, made the cast of shotcrete towards the crown of the work, at 2:00 p.m. he perceives discomfort and fogging of the full face, then decides to take it off and chooses to use only his safety glasses for comfort to continue with the thrown shotcrete, at 3:45 p.m. suffers the projection of shotcrete rebound particles in the left eye.",Yes,Unmapped,Individual protection equipment,Unknown (not recorded in source),Unknown,HIGH,real_ihm_stefanini
OIL-00355,2017-03-15,Real-Local_10,Others,Incident,"Team of the VMS Project performed soil collection on the Xixás target with 3 members. When the teams were moving from one collection point to another, Mr. Fabio was ahead of the team, stinging behind Robson and Manoel da Silva. near the collection point were surprised by a swarm of bees that was inside a I play near the ground, with no visibility in the woods and no hissing noise. Fabio passed by the stump, but Robson and Manoel da Silva were attacked by the bees. Robson had a sting in his left arm over his uniform and Manoel da Silva had a prick in his lip as his screen ripped as he tangled in the branches during the escape.",No,Unmapped,Venomous Animals,Unknown (not recorded in source),Unknown,LOW,real_ihm_stefanini
OIL-00356,2017-03-15,Real-Local_10,Others,Incident,"Team of the VMS Project performed soil collection on the Xixás target with 3 members. When the teams were moving from one collection point to another, Mr. Fabio was ahead of the team, stinging behind Robson and Manoel da Silva. near the collection point were surprised by a swarm of bees that was inside a I play near the ground, with no visibility in the woods and no hissing noise. Fabio passed by the stump, but Robson and Manoel da Silva were attacked by the bees. Robson had a sting in his left arm over his uniform and Manoel da Silva had a prick in his lip as his screen ripped as he tangled in the branches during the escape.",No,Unmapped,Venomous Animals,Unknown (not recorded in source),Unknown,LOW,real_ihm_stefanini
OIL-00357,2017-03-15,Real-Local_08,Metals,Incident,"During the preparation for the solubilization activity of the sample in the chapel, the maid when moving the vial of nitric acid, the same detached from the doser, causing projection in the region of the face and upper limbs.",Yes,Unmapped,Chemical substances,Unknown (not recorded in source),Unknown,HIGH,real_ihm_stefanini
OIL-00358,2017-03-18,Real-Local_03,Mining,Incident,"During the activity of changing conveyor belt 11B feeding the primary mill No. 2; the mechanic entered the discharge chute (0.75 x 0.75 x 0.80 m.) to clean the material, at which time the automatic sampler (0.30 x 0.25 m) that was inside the chute was activated, trapping the mechanic at the height of the chest. At the time of the accident the mechanic was alone in the work area.",Yes,Energy Isolation,Power lock,Unknown (not recorded in source),Unknown,HIGH,real_ihm_stefanini
OIL-00359,2017-03-22,Real-Local_06,Metals,Incident,"Being approximately 20:57 hours of 03/22/2017; during the change of cables between the Z-332 power cell (locked cabinet) and the Z014 transformer; there is a loud noise followed by an oscillation of the electrical system. At that moment the collaborator Queneche of the company EISSA is found on the floor with his head inside an adjoining cell Z-132 (cabinet Not blocked - where he was not assigned to do any work), after having received an electric shock .",Yes,Energy Isolation,Power lock,Unknown (not recorded in source),Unknown,HIGH,real_ihm_stefanini
OIL-00360,2017-03-25,Real-Local_03,Mining,Incident,"When the Mixer 01 of the E.C.M INCIMMET S.A, moved by the positive south ramp, with direction to surface (Unicon concrete plant), at the height of the 3630 (Before 440), the operator observes that untimely lights and the engine go off, the control controls do not respond and the equipment starts to reverse. At 3 meters the operator jumps out of the cabin and at 20 meters the team hits the right gable and turns to its side left. In the area, in the circumstances of the event there was no presence of personnel or equipment that could have been affected.",Yes,Driving,Vehicles and Mobile Equipment,Unknown (not recorded in source),Unknown,HIGH,real_ihm_stefanini
OIL-00361,2017-03-25,Real-Local_10,Others,Incident,"The technician was doing the magnetometric survey when he stepped on a thorn. His reaction was to immediately retreat, losing his balance and so the magnetometer's antenna broke.",No,Unmapped,Others,Unknown (not recorded in source),Unknown,LOW,real_ihm_stefanini
OIL-00362,2017-03-31,Real-Local_05,Metals,Incident,"Employee reports that he assisted the maintenance activity in Tower 09, in Electrolysis, when he stepped on the GRP grid (Polymer with Glass the floor moving, causing it to fall. The event took place in 3 stages: 1) Displacement and fall of the floor in the span when receiving the effort; 2) Employee fall to about 1.60m below the GRP floor, on the side of the gutter below the floor, supporting the structure; 3) Employee fall to the lower level, about 2.35m below the GRP floor.",Yes,Unmapped,Fall prevention,Unknown (not recorded in source),Unknown,HIGH,real_ihm_stefanini
OIL-00363,2017-04-04,Real-Local_05,Metals,Incident,"Employee reports that he was supervising an activity in the Ustulation, near the Ball when a projection of hot humped dust from the upper floor reached his cervical (""neck"" region), causing a first degree burn.",No,Unmapped,Chemical substances,Unknown (not recorded in source),Unknown,MEDIUM,real_ihm_stefanini
OIL-00364,2017-04-05,Real-Local_05,Metals,Incident,Employee performed the task of hoisting big-bags containing waelz oxide and after performing several hoistings the employee suffered a low-voltage electric shock when contacting the hoist when attaching the handle of a big-bag on it.,Yes,Line of Fire,Suspended Loads,Unknown (not recorded in source),Unknown,HIGH,real_ihm_stefanini
OIL-00365,2017-04-07,Real-Local_02,Mining,Incident,"Employee moved toward the structure of post 10, when it came to step in false, suffering twisting in the left ankle.",No,Unmapped,Others,Unknown (not recorded in source),Unknown,MEDIUM,real_ihm_stefanini
OIL-00366,2017-04-04,Real-Local_10,Others,Incident,"On 04/04/2017, around 13: 30hs, during the current sediment activity the collaborator Warley took a bee sting in the neck, the same was using the screen, but the bee entered the bottom of the screen . After the sting the team decided to leave the workplace due to the presence of other bees. The collaborator had no reaction and continued to work normally.",No,Unmapped,Venomous Animals,Unknown (not recorded in source),Unknown,LOW,real_ihm_stefanini
OIL-00367,2017-04-06,Real-Local_06,Metals,Incident,"The industrial cleaning worker Cristian was performing the cleaning activity of the gutter, striking with a walls of the same, to remove the solid solution that is formed. In that At the moment the operator's hands slide and impact on the edge of the gutter, causing a blow on the little finger of the left hand.",No,Unmapped,Others,Unknown (not recorded in source),Unknown,LOW,real_ihm_stefanini
OIL-00368,2017-04-07,Real-Local_03,Mining,Incident,"At level 3790 (formerly level -280), the hydraulic filling personnel performed the installation of 4 ""diameter HDPE pipe through the ventilation chimney with the help of a 4-yard scooptram that held and pushed the end of the pipe. pipe (100 meters in length). At that moment the pipe gets stuck on the edge of the chimney causing the pipe to form an arc at the height where the injured worker was, who signals with the light of his lamp to the operator of the scooptram to stop and when trying to retire from the line of fire, the worker loses balance by light contact with the pipe causing fall at the same level.",Yes,Unmapped,Fall prevention,Unknown (not recorded in source),Unknown,HIGH,real_ihm_stefanini
OIL-00369,2017-04-10,Real-Local_02,Mining,Incident,"Employee to perform painting of the floor of the fuel tank area, he needed cleaning, and by pouring water-thinner on the floor, the bucket slipped out of his hand and the mixture projected onto his left shoulder and lower lip, causing redness and burning.",No,Unmapped,Chemical substances,Unknown (not recorded in source),Unknown,LOW,real_ihm_stefanini
OIL-00370,2017-04-08,Real-Local_10,Others,Incident,"During the execution of the soil sampling task at the Potions area, around 1:15 pm, Luis - WCA, was opening with a machete and was bitten by a wasp on the back of his right hand, the same was using at the time of the incident all the EPIs needed for activity. The employee was evaluated by the technician who found it to be a mild and localized swelling wound. The employee reported that he did not feel any pain and that he could continue the activity.",No,Unmapped,Venomous Animals,Unknown (not recorded in source),Unknown,LOW,real_ihm_stefanini
OIL-00371,2017-04-11,Real-Local_03,Mining,Incident,"In the tower N ° 6 of the old 50 KV LT (disabled and de-energized and 90% dismantled) located in the city of Pasco, the last profiles of the base of the tower previously disassembled were cut, using oxyfuel equipment , at 11:45 am, the Proingcom security supervisor and the foreman, who were on the outside of the fenced area supervising the activity, indicate the stoppage of activities and evacuation to the refuge due to the orange alert indicated on the detector of storms. During the evacuation of the last 02 employees who were inside the fenced area, a loud sound was heard, provoking a fright, which caused the staff to throw themselves to the floor inside the area, then proceeded to leave the work area by his own means through the ladder. Apparently the loud sound would correspond to an electrical discharge in the cable guard that passes over the old towers.",Yes,Energy Isolation,Electrical Shock,Unknown (not recorded in source),Unknown,HIGH,real_ihm_stefanini
OIL-00372,2017-04-11,Real-Local_03,Mining,Incident,"In tower N ° 6 of the old 50 KV LT (disabled and de-energized and 90% disassembled) located in the city of Pasco, the cutting of the last profiles of the base of the tower previously disassembled was carried out, using oxyfuel equipment, at 11:45 a.m., the safety supervisor of Proingcom and the foreman, who were in the external part of the fenced area supervising the activity, indicate the paralysis of activities and evacuation to the refuge due to the orange alert indicated on the detector of storms. During the evacuation of the last 02 employees who were inside the fenced area, a loud sound was heard, provoking a scare, which caused the staff to throw themselves to the floor within the area, then proceeded to leave the work area by their own means through the staircase. Apparently the loud sound would correspond to an electrical discharge in the cable guard that passes over the old towers.",Yes,Energy Isolation,Electrical Shock,Unknown (not recorded in source),Unknown,HIGH,real_ihm_stefanini
OIL-00373,2017-04-11,Real-Local_07,Mining,Incident,"At the end of the concreting activity, the employee turned off the concrete, and when rolling the handle to make the return of the equipment warehouse the same bumped the tip of the mangote in the inferior lip causing hematoma.",No,Unmapped,Others,Unknown (not recorded in source),Unknown,LOW,real_ihm_stefanini
OIL-00374,2017-04-13,Real-Local_01,Mining,Incident,"During the marking of the management points, the supervision and the breeders enter the work to carry out the ventilation inspection, for which the surveying work stops to turn on the fan and proceed with the air flow measurements. When the fan is turned on due to pressure, it breaks the fastening points of the toe and the sleeve falls to the floor generating a chicoteo from gable to gable, product of the chicoteo a fragment of the aggregate of the shocrete is projected on the face of the injured person producing the injury.",No,Unmapped,Others,Unknown (not recorded in source),Unknown,LOW,real_ihm_stefanini
OIL-00375,2017-04-12,Real-Local_10,Others,Incident,"During the execution of the service of opening of pricked for the future works of IP, around 15:30, the employee Pedro second in the line of the equipment, was stung by a wasp in the right portion of the neck. The beetle, being of small size, was not seen by the employees in the bite, causing the employee's shock against the insects that were manifested. The employee used all the PPE's required for the activity to be developed. The bite occurred over the collar of the shirt and over the face shield. The technician responsible for performing the work evaluated the sting and, together with the injured employee, found that because it was a localized swelling and that there was no allergy, there would be no need to paralyze the activity, which it followed normally.",No,Unmapped,Venomous Animals,Unknown (not recorded in source),Unknown,LOW,real_ihm_stefanini
OIL-00376,2017-04-23,Real-Local_04,Mining,Incident,"In moments that Mr. William carried out the inspection of the cut of the Block 781 Level 1850 OB6A, so that the loading platform could be realized, in instants that observed the drills positive radial ones that were covered and shotcreteados, he hears a noise from the upper part of the pit (detachments of banks at the center of the pit), to which Mr. William goes back to leave work, but his metatarsal boots makes contact with a rock that was on the floor which causes it to lose balance and stumble on the gable.",No,Unmapped,Others,Unknown (not recorded in source),Unknown,MEDIUM,real_ihm_stefanini
OIL-00377,2017-04-19,Real-Local_10,Others,Incident,"On 04/19/2017, the employee de Lima da Silva was composing the team of opening of bite to survey of IP. The team consisted of one mining technician and three assistants. When was moving in the bite he touched his left foot on a stump of Tucum that was on the ground covered with dry leaves of vegetation near drainage. When he felt the thorn piercing on his foot, he told the mining technician what had happened and the teammate removed the thorn that pierced the top of the boot. After removal of the spine the foot was washed and it was verified that there was no other injury. After the event the technician waxed the activity and returned to the city of Porangatu / GO. It was not necessary to take the employee to the health unit.",Yes,Unmapped,Others,Unknown (not recorded in source),Unknown,HIGH,real_ihm_stefanini
OIL-00378,2017-04-23,Real-Local_06,Metals,Incident,"Approx. 10:00 pm. Mr. Victor at the time he made a visual inspection of scaffolding, suffered a slight blow to the level of the right ear with the metallic extension of the chute of the conveyor chain.",No,Line of Fire,Projection,Unknown (not recorded in source),Unknown,LOW,real_ihm_stefanini
OIL-00379,2017-04-25,Real-Local_10,Others,Incident,"During the execution of the soil sampling task, in the Potions area, around 3:00 pm Pablo was moving on the bite and was bitten by a right elbow wasp over the sleeve uniform. He was using at the time of the incident all the PPE needed for the activity. The employee was evaluated by the team who found it to be a mild injury with localized swelling. The employee reported that he did not feel any pain and that he could continue the activity.",No,Unmapped,Venomous Animals,Unknown (not recorded in source),Unknown,LOW,real_ihm_stefanini
OIL-00380,2017-04-25,Real-Local_07,Mining,Incident,"ACTIVITY: front sanitation (slaughter of choco with scaller) LOCAL: underground mine, level 350 - front 45 Upper JKA The operator performed front sanitation when a rock block from the roof hit the equipment. The accident victim was promptly rescued by the unit's emergency brigade and transported to the outpatient clinic where he received the first care, and was then transferred to the Municipal of Paracatu.",Yes,Unmapped,remains of choco,Unknown (not recorded in source),Unknown,HIGH,real_ihm_stefanini
OIL-00381,2017-04-25,Real-Local_01,Mining,Incident,"Performing the cleaning of material (Mineral) that accumulates between the steel plate and the concrete base on which it rests; As shown in the photograph (steel plate thickness = 1/2 in.), in order to complete this cleaning, the workers decide to weld on the steel plate a support eyelet type and at the other end as a fixed point and fastening a pin helical (support), in such a way to lift the plate with the help of a key and remove all the accumulated material. In the instant that they were pulling the chain of the tecla, the injured one had his left hand resting on the concrete wall (the line of fire), product of the tension exerted by the tecle, the helical bolt breaks and the chain lashes on the index finger generating the injury. At the time of the accident, the accident victim used all his epps, including his gloves.",Yes,Unmapped,Pressed,Unknown (not recorded in source),Unknown,HIGH,real_ihm_stefanini
OIL-00382,2017-04-24,Real-Local_03,Mining,Incident,"In circumstances that Mr. Efraín OSORIO FELIX - Mina 2nd. He entered the interior of Pocket 2 at level 2865 (Before -1205). It activated the compressed air gun that is installed in the lower part of the structure with a nozzle that communicates the air lung with the internal part of the pocket, projecting a violent flow of air that blows the left leg of the worker and generates a stun by the noise produced.",Yes,Unmapped,Others,Unknown (not recorded in source),Unknown,HIGH,real_ihm_stefanini
OIL-00383,2017-04-28,Real-Local_05,Metals,Incident,"The employee reports that he performed his routine activities in the Foundry area when it was necessary to fit the last ZAMAC ingots of one of the packages. At this point, the ingot slipped and hit the back of his right foot, causing pain. The safety footwear worn by the employee has a steel toe and a metatarsal protector.",No,Unmapped,Others,Unknown (not recorded in source),Unknown,LOW,real_ihm_stefanini
OIL-00384,2017-04-29,Real-Local_02,Mining,Incident,The employee used a lever to remove the sealing ring from the front tire of the wheel loader (LHD 05) when the lever came to release from the fulcrum in the ring and press the left ring finger against the loader shell causing traumatism at the tip of the said finger.,No,Unmapped,Manual Tools,Unknown (not recorded in source),Unknown,MEDIUM,real_ihm_stefanini
OIL-00385,2017-04-30,Real-Local_05,Metals,Incident,"The employee reports that he performed his routine activities in the area of ​​Electrolysis when, when trying to position one of the cathode sheets on the easel, it hit his sleeve and caused a cut in the same and superficially in the left hand.",No,Unmapped,Others,Unknown (not recorded in source),Unknown,LOW,real_ihm_stefanini
OIL-00386,2017-05-05,Real-Local_02,Mining,Incident,"Employee was engaged in adjusting metallic shapes using a tether, and striking the shape, the tether cable hit the lifeline, projecting its hand into the metal structure of the shape, causing a superficial injury to the ring finger of the right hand.",No,Unmapped,Others,Unknown (not recorded in source),Unknown,LOW,real_ihm_stefanini
OIL-00387,2017-05-06,Real-Local_01,Mining,Incident,"In Circumstances that the staff was performing the rhyming of caving HW, the 1.5 m HW pipe was suspended Approximately 5 cm from the floor, the assistant placed the stilson key No. 36 on the HW pipe to fit the pipe at a height of 10 cm from the base of the rod holder, which the operator operates the chuck to slide this back, causing the pipe to slide causing the tip of the fourth finger of the assistant's right hand to be caught between the stilson key and the base of the rod holder. At the time of the event the collaborator used all his Epps.",Yes,Unmapped,Manual Tools,Unknown (not recorded in source),Unknown,HIGH,real_ihm_stefanini
OIL-00388,2017-05-06,Real-Local_07,Mining,Incident,"The employees Márcio and Sérgio performed the pump pipe clearing activity FZ1.031.4 and during the removal of the suction spool flange bolts, there was projection of pulp over them causing injuries.",Yes,Line of Fire,Projection,Unknown (not recorded in source),Unknown,HIGH,real_ihm_stefanini
OIL-00389,2017-05-06,Real-Local_07,Mining,Incident,"The employees Márcio and Sérgio performed the pump pipe clearing activity FZ1.031.4 and during the removal of the suction spool flange bolts, there was projection of pulp over them causing injuries.",Yes,Line of Fire,Projection,Unknown (not recorded in source),Unknown,HIGH,real_ihm_stefanini
OIL-00390,2017-05-10,Real-Local_04,Mining,Incident,"When performing shotcrete casting for resane on Cruise 791 Nv. 1940 at 02:50 p.m. approximately, the operator was placed on the left side of the equipment and started the release of 02 cubic meters, at that time decided to paralyze the task for a few minutes due to a leak of water in the roof box that did not allow the adhesion of the shotcrete to the rock (setting). When restarting the shotcrete launch the operator that was on the left side moved to the right side of the equipment, while the assistant and the operator mixkret to see that there was no pumping went to verify what happened and when they returned they realized that the operator was not, so they assume that he had fallen down the chimney, they left the job to ask for help immediately. The emergency response brigade and the medical service are activated, who verify the death of the collaborator. The accident investigation begins.",Yes,Working at Height,Fall,Unknown (not recorded in source),Unknown,HIGH,real_ihm_stefanini
OIL-00391,2017-05-16,Real-Local_05,Metals,Incident,"The maid was handling a pipette for sample preparation for chemical analysis, while trying to place it on the three-way pear, the pipette came to break causing a superficial cut in her right hand.",No,Unmapped,Cut,Unknown (not recorded in source),Unknown,MEDIUM,real_ihm_stefanini
OIL-00392,2017-05-16,Real-Local_03,Mining,Incident,"In the area of ​​machine tools of the Maestranza the mechanic (injured) was operating the bench drill drilling a metal jacket of 25 ""x 26"" x 3/4 ""(lining) to install in the Skip; this moment he was accompanied by the mechanic Albino who manipulated the jacket and directed the maneuvers on the right side of the drill. Mr. Albino tells him to stop the drill to verify the depth of the drill, Luis lifts the Chuck and Albino pulls the iron and verifies that everything is fine and communicates that they will restart with the drilling of the other holes. that moment, the victim without apparent reason crosses his left arm with the drill on and is caught by the drill in his work clothes causing the injury described.",Yes,Unmapped,Others,Unknown (not recorded in source),Unknown,HIGH,real_ihm_stefanini
OIL-00393,2017-05-16,Real-Local_12,Others,Incident,"The employee, as he passed the corner of the front door for not seeing the virdro, had a slight swelling in the frontal region due to the closing of the glass door.",No,Unmapped,Others,Unknown (not recorded in source),Unknown,LOW,real_ihm_stefanini
OIL-00394,2017-05-17,Real-Local_07,Mining,Incident,"ACTIVITY: maintenance on scaller 07 - breaker arm extension cylinder LOCAL: underground mine (level 316) During the removal of the cylinder from the scaller arm, when releasing the fixing pin the cylinder ""came down"" and bumped into the tool used to press his hand between the tool and the structure of the equipment.",No,Unmapped,Cut,Unknown (not recorded in source),Unknown,LOW,real_ihm_stefanini
OIL-00395,2017-05-18,Real-Local_06,Metals,Incident,"Being 10:20 hours on 05/18/2017; At the end of the concentrate truck cleaning, the driver is instructed to close the gate; At that moment, Mr. Carlos who was in the back of the vehicle, reported having an injury to his left hand. He is transferred to the medical center for his attention and later evacuation to the clinic.",Yes,Unmapped,Pressed,Unknown (not recorded in source),Unknown,HIGH,real_ihm_stefanini
OIL-00396,2017-05-19,Real-Local_06,Metals,Incident,"At 04:00 h on 05/19/17, the mechanic on duty of section 40 Antonio is observed in the activity of withdrawal check out of POM D071, at this moment he is impacted by a pulp of the line of discharge stuck, causing irritation in the right part of the neck and ear. The mechanic is referred to the medical center for evaluation.",No,Line of Fire,Projection,Unknown (not recorded in source),Unknown,LOW,real_ihm_stefanini
OIL-00397,2017-05-23,Real-Local_04,Mining,Incident,"In moments when the 02 collaborators carried out the inspection of the conveyor belt No. 3 from the tail pulley when they were at the height of the load polymer No. 372, the Maslucan collaborator heard a noise where note that the belt was moving towards the tail pulley, 4 ""fragmentos mineral fragments are projected towards the access of the ramp impacting the 2 collaborators, being evacuated to the medical post.",Yes,Line of Fire,Projection of fragments,Unknown (not recorded in source),Unknown,HIGH,real_ihm_stefanini
OIL-00398,2017-05-23,Real-Local_04,Mining,Incident,"In moments when the 02 collaborators carried out the inspection of the conveyor belt No. 3 from the tail pulley when they were at the height of the load polymer No. 372, the Maslucan collaborator heard a noise where note that the belt was moving towards the tail pulley, 4 ""fragmentos mineral fragments are projected towards the access of the ramp impacting the 2 collaborators, being evacuated to the medical post.",Yes,Line of Fire,Projection of fragments,Unknown (not recorded in source),Unknown,HIGH,real_ihm_stefanini
OIL-00399,2017-05-23,Real-Local_03,Mining,Incident,"In circumstances that the worker was walking along the straight line of level 2790, step on a rock of approximately 10 cm x 5 cm, bending the right ankle, which caused the injury described. After the event occurred, the worker decided not to report the accident because he did not feel pain, at 3:30 p.m. approximately, he begins to feel discomfort when walking and progressive mild pain in the ankle, in that moment he communicates the event.",Yes,Unmapped,Others,Unknown (not recorded in source),Unknown,HIGH,real_ihm_stefanini
OIL-00400,2017-05-30,Real-Local_12,Others,Incident,"Upon entering the building, the maid slipped and fell just behind the automatic door, in front of the entry mat. The floor was wet and slippery.",No,Unmapped,Others,Unknown (not recorded in source),Unknown,LOW,real_ihm_stefanini
OIL-00401,2017-06-04,Real-Local_05,Metals,Incident,Employee reports that when trying to unlock a cathodic sheet with the digger the same did not realize that the blade was pressed so that the cable projected and hit his face.,Yes,Unmapped,Others,Unknown (not recorded in source),Unknown,HIGH,real_ihm_stefanini
OIL-00402,2017-06-09,Real-Local_03,Mining,Incident,"At Level 2930 in the guide wire chamber, during the preparation activity of mix for the shocrete the worker performs the emptying of a bag of cement towards a bucket to complete the dosage, at that moment the dust generated by the cement enters by the lower part of the lenses to the left eye causing irritation.",Yes,Line of Fire,Projection,Unknown (not recorded in source),Unknown,HIGH,real_ihm_stefanini
OIL-00403,2017-06-09,Real-Local_06,Metals,Incident,"Mr. Emerson was moving trays; when climbing the staircase that gives access to the former dining room and finding himself on the last step, he slips and falls to the floor; supporting the body forward, suffering blows to the right knee with the floor, as well as in the nose with the metal trays it was carrying, causing a cut in the nose and ematoma in the knee.",No,Working at Height,Fall,Unknown (not recorded in source),Unknown,MEDIUM,real_ihm_stefanini
OIL-00404,2017-06-11,Real-Local_04,Mining,Incident,"In circumstances that the worker prepared food in the electric pot, by not ensuring the lid falls on his head causing the injury described.",No,Unmapped,Others,Unknown (not recorded in source),Unknown,LOW,real_ihm_stefanini
OIL-00405,2017-06-11,Real-Local_04,Mining,Incident,"In circumstances where the worker and two partners were placing a killer bomb in the basket of a Manitou team, the bomb hits the index finger of the right hand against the basket.",No,Unmapped,Pressed,Unknown (not recorded in source),Unknown,LOW,real_ihm_stefanini
OIL-00406,2017-06-11,Real-Local_06,Metals,Incident,"Approx. 18:40 hours, Mr. Luis maintenance team of mobile equipment, adjusted a bolt of the front loader J005A, at which time his face is impacted by the key used for this activity, producing a slight cut in the surface of the face. He is transferred to the medical service, attended and registered.",No,Unmapped,Cut,Unknown (not recorded in source),Unknown,LOW,real_ihm_stefanini
OIL-00407,2017-06-11,Real-Local_01,Mining,Incident,"In circumstances that the driver of the plate truck W5K-915 of the E.E. IMPROMEC, went from the garit plant chicrin to Nv.3420, after entering an internal mine in the area of ​​Santa where 200 m. approx. from the old dining room, stops the vehicle and informs the co-pilot that he can no longer drive, for which he turns off the vehicle and when trying to get off the van loses his balance and falls on his own seat, complaining intense pain in the lumbar area, citing pain due to overexertion due to routine activity (evacuation of residual oil and solid waste cylinders) that they previously performed. The collaborator at the time of the event used their corresponding EPPS.",Yes,Unmapped,Others,Unknown (not recorded in source),Unknown,HIGH,real_ihm_stefanini
OIL-00408,2017-06-14,Real-Local_02,Mining,Incident,"The employee performed insertion and adjustment of the joint in the blind flange of a 54 ""tubing, when one of the wedges shifted, causing movement in the flange, causing the 3rd and 4th fingers of the left hand to be pressed.",Yes,Unmapped,Pressed,Unknown (not recorded in source),Unknown,HIGH,real_ihm_stefanini
OIL-00409,2017-06-15,Real-Local_03,Mining,Incident,"The convoy of the locomotive 15 operated by Mr. Tito is located in hopper OP2 positioning the 1st car under the hopper, the assistant does not observe anything out of the ordinary (dry load there is no presence of water) and initiates the chute, for this, the hydraulic module of the hopper is switched on and with the controls it slightly moves the hopper handle and an untimely flow of water and mud splashes the operator generating the described injury, in addition the collaborator was 7 meters from the line of fire",Yes,Line of Fire,Projection,Unknown (not recorded in source),Unknown,HIGH,real_ihm_stefanini
OIL-00410,2017-06-17,Real-Local_03,Mining,Incident,"When the Master additive was taken from the AFO-755 license plate towards the launching team No. 26, the collaborator Bonifacio (robot assistant) at the moment he received the bucket emptiness of the operator Enoc feels that he drops a drop of additive in the right eye, feeling a burning sensation, so he immediately goes to wash the affected eye in the team's eyes, then the collaborator is evacuated to NATCLAR. At the time of the accident, the employee had glasses, but he was not using them correctly.",Yes,Line of Fire,Projection,Unknown (not recorded in source),Unknown,HIGH,real_ihm_stefanini
OIL-00411,2017-06-18,Real-Local_04,Mining,Incident,"Being 9:40 a.m. The driver of the AEQ-819 plate dump truck (35 Ton) was heading to the loading area Nv.1850, OB5, Tj 007, Bp.105, parking and proceeding with the ore loading with the scoop (11 ydrs) , at that moment, lift the first scoop towards the hopper and a large bank falls, causing the tipper to shake violently and the operator to be hit with the gear lever, communicate with the supervisor and evacuated to the medical center .",Yes,Unmapped,remains of choco,Unknown (not recorded in source),Unknown,HIGH,real_ihm_stefanini
OIL-00412,2017-06-24,Real-Local_01,Mining,Incident,"The injured and his collaborators at the time of making the 4 ""HDPE pipe, which was to be used for hydraulic filling, is released, causing one of the ends of the pipe to impact on the lip, causing an injury . Apparently the support 1 deconcentrates and releases a little the pipe, this action generates that the pipe presented with the rubber of the victaúlica copla, is released generating the impact previously described. The pipe was empty without hydraulic load.",No,Unmapped,Others,Unknown (not recorded in source),Unknown,MEDIUM,real_ihm_stefanini
OIL-00413,2017-06-20,Real-Local_01,Mining,Incident,"In circumstance, the AHK-903 license plate (Empresa which serves the supervision of CMA, carried out the field inspections in the upper bank 4288, when unexpectedly when climbing through the operational access (positive ramp), It slides in an excavated area of ​​approximately 3 meters high, remaining in position with the front part on the floor. The occupants of the vehicle made use of the safety belt and all the complete epps.",Yes,Unmapped,Others,Unknown (not recorded in source),Unknown,HIGH,real_ihm_stefanini
OIL-00414,2017-06-20,Real-Local_01,Mining,Incident,"In circumstance, the AHK-903 license plate (Empresa which serves the supervision of CMA, carried out the field inspections in the upper bank 4288, when unexpectedly when climbing through the operational access (positive ramp), It slides in an excavated area of ​​approximately 3 meters high, remaining in position with the front part on the floor. The occupants of the vehicle made use of the safety belt and all the complete epps.",Yes,Unmapped,Others,Unknown (not recorded in source),Unknown,HIGH,real_ihm_stefanini
OIL-00415,2017-06-24,Real-Local_03,Mining,Incident,"On the surface, Comedor the worker of the company C & C made the cut of lemon at that time imprisoned the knife generating a movement and impacting on the first finger of the left hand causing a slight cut.",No,Unmapped,Cut,Unknown (not recorded in source),Unknown,LOW,real_ihm_stefanini
OIL-00416,2017-06-23,Real-Local_05,Metals,Incident,"Employee reports that by removing the zinc sheet from the cathode to take it to the easel, it slipped from his hand, fell and hit his left foot.",No,Unmapped,Others,Unknown (not recorded in source),Unknown,LOW,real_ihm_stefanini
OIL-00417,2017-06-19,Real-Local_10,Others,Incident,"During the execution of the task of assembling the box of testimony boxes, in the area of ​​Bonsucesso, around 10:40 am Orlando research driller - GEOSOL, trying to fit two parts of the trestles, a third piece fell on his hand, which was on the piece he held, causing a small trauma to his left thumb. The employee was referred to São Lucas hospital - Paracatu LTDA and attended and released without leaving work soon after.",Yes,Unmapped,Others,Unknown (not recorded in source),Unknown,HIGH,real_ihm_stefanini
OIL-00418,2017-06-22,Real-Local_10,Others,Incident,"The technician was returning from his activities on the bite, when he stepped on a loose rock over a sloping region. She released herself unbalancing the employee who stepped on false, twisting her ankle.",Yes,Unmapped,Others,Unknown (not recorded in source),Unknown,HIGH,real_ihm_stefanini
OIL-00419,2017-06-22,Real-Local_10,Others,Incident,"During the field activity in the AMG project, target São Luiz, the reconnaissance team was boarding the car, which was parked with the windows closed. When they entered the Mr. Paulo putting the seat belt inside the vehicle, pressed a wasp between the shoulder and the neck, causing a sting. It is believed that, possibly, the bee was nailed to the clothes because the car was properly closed.",No,Unmapped,Venomous Animals,Unknown (not recorded in source),Unknown,LOW,real_ihm_stefanini
OIL-00420,2017-06-29,Real-Local_02,Mining,Incident,"After maintenance on Boltec 03 at level 285 GTS of Rampa XXX, the mechanic and operator of the equipment performed tests on the equipment magazine. When the magazine carousel was turned on, the operator had his left middle finger pressed against the equipment frame.",No,Unmapped,Pressed,Unknown (not recorded in source),Unknown,MEDIUM,real_ihm_stefanini
OIL-00421,2017-07-04,Real-Local_04,Mining,Incident,"Being approximately 5:00 a.m. approximately, when lifting the Kelly HQ towards the pulley of the frame to align it, the assistant Marco that is in the later one is struck the hand against the frame generating the injury.",No,Unmapped,Others,Unknown (not recorded in source),Unknown,MEDIUM,real_ihm_stefanini
OIL-00422,2017-07-04,Real-Local_03,Mining,Incident,"The collaborator moved from the infrastructure office (Julio to the toilets, when the pin of the right shoe is hooked on the bra of the left shoe causing not to take the step and fall untimely, causing injury described.",No,Unmapped,Others,Unknown (not recorded in source),Unknown,LOW,real_ihm_stefanini
OIL-00423,2017-07-05,Real-Local_09,Metals,Incident,"During the environmental monitoring activity in the area, the employee was surprised by a swarming swarm of weevils. During the exit of the place, endured suffering two stings, being one in the face and the other in the middle finger of the left hand.",No,Unmapped,Venomous Animals,Unknown (not recorded in source),Unknown,LOW,real_ihm_stefanini
OIL-00424,2017-07-06,Real-Local_05,Metals,Incident,"The Employee performed the activity of stripping cathodes, when pulling the cathode sheet his hand hit the side of another cathode, causing a blunt cut on his 2nd finger of the left hand.",No,Unmapped,Cut,Unknown (not recorded in source),Unknown,LOW,real_ihm_stefanini
OIL-00425,2017-07-09,Real-Local_04,Mining,Incident,"At 10:00 a.m., when the assistant cleaned the floor of module ""E"" in the central camp, she slipped back and immediately grabbed the laundry table to avoid falling to the floor; suffering the described injury.",No,Unmapped,Fall prevention (same level),Unknown (not recorded in source),Unknown,LOW,real_ihm_stefanini
OIL-00426,2025-01-01,Site B - Moran,Maintenance,UA,Continuous atmosphere monitoring was not maintained while a maintenance crew member worked inside the tank; monitor was left outside. Fortunately no one was in the immediate vicinity at the time.,Yes,Confined Space,Engulfment,Confined space entry permit,Missing,HIGH,synthetic
OIL-00427,2025-01-02,Site D - Jorajan,Production Operations,Near Miss,"A third-party worker noted the LOTO log entry had a minor formatting error, corrected on the spot.",No,Energy Isolation,None identified,Zero-energy check,Adequate / Minor Gap,LOW,synthetic
OIL-00428,2025-01-03,Site B - Moran,Maintenance,UC,A rigger bypassed the LOTO tag and re-energized the compressor unit while another crew was still working on it.,Yes,Energy Isolation,Unexpected energy release,Isolation verification,Bypassed,HIGH,synthetic
OIL-00429,2025-01-03,Site D - Jorajan,Production Operations,UA,"General cleanliness observation: canteen floor was slightly wet near the entrance, mopped promptly. Addressed before the shift ended.",No,None,None identified,N/A,N/A,LOW,synthetic
OIL-00430,2025-01-03,Site E - Barekuri Pipeline,Maintenance,UA,"During pipeline maintenance, the line was not completely isolated before valve removal by a rigger. Work was stopped immediately once observed.",Yes,Energy Isolation,Electrical shock,Isolation verification,Missing,MEDIUM,synthetic
OIL-00431,2025-01-03,Site D - Jorajan,Production Operations,Near Miss,A rigger noted a squeaky door hinge in the changing room; lubricated same day. Noted during the daily safety walk.,No,None,None identified,N/A,N/A,LOW,synthetic
OIL-00432,2025-01-04,Site B - Moran,Production Operations,UC,Minor housekeeping issue observed near office area; walkway was cluttered with empty boxes. Addressed before the shift ended.,No,None,None identified,N/A,N/A,LOW,synthetic
OIL-00433,2025-01-04,Site B - Moran,Lifting Operations,Near Miss,No competent banksman was present while a maintenance crew member directed a crane lift. No injury occurred.,Yes,Safe Mechanical Lifting,Rigging failure,Load chart compliance,Failed,HIGH,synthetic
OIL-00434,2025-01-04,Site E - Barekuri Pipeline,Scaffolding,UC,Scaffold tag was found slightly discolored and hard to read; replaced during routine check. Noted during the daily safety walk.,No,Working at Height,None identified,Scaffold inspection tag,Adequate / Minor Gap,LOW,synthetic
OIL-00435,2025-01-05,Site D - Jorajan,Maintenance,UA,Hot work permit was signed but the copy at the site was slightly torn; replaced with new copy. No further action required.,No,Hot Work,None identified,Fire extinguishing equipment on site,Adequate / Minor Gap,LOW,synthetic
OIL-00436,2025-01-05,Site B - Moran,Maintenance,Incident,Minor housekeeping issue observed near office area; walkway was cluttered with empty boxes. No further action required.,No,None,None identified,N/A,N/A,LOW,synthetic
OIL-00437,2025-01-05,Site D - Jorajan,Maintenance,UC,Interlock test was carried out as per schedule with no deviation found. Noted during the daily safety walk.,No,Bypassing Safety Controls,None identified,Alarm system,Adequate / Minor Gap,LOW,synthetic
OIL-00438,2025-01-06,Site D - Jorajan,Production Operations,UC,A third-party worker found the water cooler in the rest area was not working; complaint logged. Corrected on the spot.,No,None,None identified,N/A,N/A,LOW,synthetic
OIL-00439,2025-01-07,Site A - Duliajan,Maintenance,UC,"General cleanliness observation: canteen floor was slightly wet near the entrance, mopped promptly. Logged for routine follow-up.",No,None,None identified,N/A,N/A,LOW,synthetic
OIL-00440,2025-01-07,Site B - Moran,Maintenance,UC,A first-aid box in the admin building was found to be missing a few bandages; restocked.,No,None,None identified,N/A,N/A,LOW,synthetic
OIL-00441,2025-01-07,Site E - Barekuri Pipeline,Confined Space Entry,UC,Gas testing equipment battery indicator was low but was replaced before any entry occurred.,No,Confined Space,None identified,Rescue plan/standby,Adequate / Minor Gap,LOW,synthetic
OIL-00442,2025-01-07,Site C - Kumchai,Maintenance,Incident,Noise from a printer in the office was reported as mildly disruptive. Noted during the daily safety walk.,No,None,None identified,N/A,N/A,LOW,synthetic
OIL-00443,2025-01-08,Site A - Duliajan,Electrical Work,UA,Isolation certificate was not issued but an operator proceeded to open the hydraulic line for inspection. This was flagged as a high-priority observation.,Yes,Energy Isolation,Unexpected energy release,Lockout/Tagout (LOTO),Missing,HIGH,synthetic
OIL-00444,2025-01-09,Site E - Barekuri Pipeline,Lifting Operations,UC,A field engineer observed faded exclusion-zone markings near the hydraulic line; reported for repainting. Noted during the daily safety walk.,No,Line of Fire,None identified,Positioning awareness,Adequate / Minor Gap,LOW,synthetic
OIL-00445,2025-01-10,Site B - Moran,Production Operations,UC,Signboard directing to the emergency assembly point was slightly bent; straightened by a field engineer.,No,None,None identified,N/A,N/A,LOW,synthetic
OIL-00446,2025-01-11,Site C - Kumchai,Housekeeping,UA,A shift technician was found not wearing safety glasses while filing paperwork in the site office.,No,None,None identified,N/A,N/A,LOW,synthetic
OIL-00447,2025-01-11,Site E - Barekuri Pipeline,Production Operations,UC,A new joinee observed a torn notice board sheet near the muster point; replaced during rounds.,No,None,None identified,N/A,N/A,LOW,synthetic
OIL-00448,2025-01-13,Site C - Kumchai,Maintenance,UC,A dustbin lid was found broken in the parking area; replacement requested.,No,None,None identified,N/A,N/A,LOW,synthetic
OIL-00449,2025-01-13,Site C - Kumchai,Maintenance,UA,Noise from a printer in the office was reported as mildly disruptive. Corrected on the spot.,No,None,None identified,N/A,N/A,LOW,synthetic
OIL-00450,2025-01-14,Site A - Duliajan,Drilling Operations,Near Miss,JSA document was signed but missing one supervisor initial; obtained same shift.,No,Work Authorisation,None identified,Supervisory authorization,Adequate / Minor Gap,LOW,synthetic
OIL-00451,2025-01-15,Site C - Kumchai,Transportation,Near Miss,"During crane operation, a field engineer walked under the boom while the load was still suspended. Work was stopped immediately once observed.",Yes,Line of Fire,Struck by falling/moving object,Positioning awareness,Missing,HIGH,synthetic
OIL-00452,2025-01-15,Site A - Duliajan,Maintenance,UC,"A third-party worker began repair work on the transformer bay without confirming zero-energy state, panel was later found live.",Yes,Energy Isolation,Stored/residual energy,Isolation verification,Missing,HIGH,synthetic
OIL-00453,2025-01-15,Site B - Moran,Housekeeping,UA,A shift technician observed mild clutter of files near the printer station; tidied up.,No,None,None identified,N/A,N/A,LOW,synthetic
OIL-00454,2025-01-17,Site E - Barekuri Pipeline,Housekeeping,UA,A field engineer found the water cooler in the rest area was not working; complaint logged. Logged for routine follow-up.,No,None,None identified,N/A,N/A,LOW,synthetic
OIL-00455,2025-01-18,Site D - Jorajan,Maintenance,UC,An alarm on the wellhead valve assembly was silenced by a maintenance crew member without investigating the cause. Corrective action was raised on the spot.,Yes,Bypassing Safety Controls,Removed machine guard,Permit conditions,Bypassed,HIGH,synthetic
OIL-00456,2025-01-18,Site B - Moran,Housekeeping,UC,Minor housekeeping: cables in the office area were not properly bundled.,No,None,None identified,N/A,N/A,LOW,synthetic
OIL-00457,2025-01-19,Site B - Moran,Maintenance,UA,Hot work permit was signed but the copy at the site was slightly torn; replaced with new copy. Corrected on the spot.,No,Hot Work,None identified,Fire extinguishing equipment on site,Adequate / Minor Gap,LOW,synthetic
OIL-00458,2025-01-20,Site B - Moran,Production Operations,UC,A minor paint peel was noticed on the safety information board near the hydraulic line. Noted during the daily safety walk.,No,None,None identified,N/A,N/A,LOW,synthetic
OIL-00459,2025-01-20,Site E - Barekuri Pipeline,Hot Work,Incident,Hot work permit was signed but the copy at the site was slightly torn; replaced with new copy. No further action required.,No,Hot Work,None identified,Fire watch,Adequate / Minor Gap,LOW,synthetic
OIL-00460,2025-01-20,Site A - Duliajan,Housekeeping,Near Miss,Minor housekeeping: cables in the office area were not properly bundled. Noted during the daily safety walk.,No,None,None identified,N/A,N/A,LOW,synthetic
OIL-00461,2025-01-22,Site E - Barekuri Pipeline,Confined Space Entry,UA,Continuous atmosphere monitoring was not maintained while a contract technician worked inside the tank; monitor was left outside. Work was stopped immediately once observed.,Yes,Confined Space,Entrapment,Gas testing,Failed,HIGH,synthetic
OIL-00462,2025-01-23,Site E - Barekuri Pipeline,Maintenance,Incident,A minor paint peel was noticed on the safety information board near the hydraulic line. Noted during the daily safety walk.,No,None,None identified,N/A,N/A,LOW,synthetic
OIL-00463,2025-01-23,Site D - Jorajan,Confined Space Entry,UA,Gas testing equipment battery indicator was low but was replaced before any entry occurred. No further action required.,No,Confined Space,None identified,Confined space entry permit,Adequate / Minor Gap,LOW,synthetic
OIL-00464,2025-01-25,Site B - Moran,Working at Height,UC,Scaffold tag was found slightly discolored and hard to read; replaced during routine check.,No,Working at Height,None identified,Anchor point verification,Adequate / Minor Gap,LOW,synthetic
OIL-00465,2025-01-25,Site D - Jorajan,Housekeeping,Near Miss,Spill of a small quantity of water near the canteen was cleaned up promptly. No further action required.,No,None,None identified,N/A,N/A,LOW,synthetic
OIL-00466,2025-01-27,Site D - Jorajan,Maintenance,Incident,A maintenance crew member reported that the office AC filter needed cleaning. Corrected on the spot.,No,None,None identified,N/A,N/A,LOW,synthetic
OIL-00467,2025-01-29,Site C - Kumchai,Working at Height,UC,Scaffold tag was found slightly discolored and hard to read; replaced during routine check.,No,Working at Height,None identified,Scaffold inspection tag,Adequate / Minor Gap,LOW,synthetic
OIL-00468,2025-01-29,Site A - Duliajan,Housekeeping,UC,A first-aid box in the admin building was found to be missing a few bandages; restocked. Corrected on the spot.,No,None,None identified,N/A,N/A,LOW,synthetic
OIL-00469,2025-01-30,Site B - Moran,Excavation,UC,Minor housekeeping issue: warning cones slightly misplaced near a low-traffic walkway. Noted during the daily safety walk.,No,Line of Fire,None identified,Barricading/exclusion zone,Adequate / Minor Gap,LOW,synthetic
OIL-00470,2025-01-30,Site B - Moran,Production Operations,UA,"General cleanliness observation: canteen floor was slightly wet near the entrance, mopped promptly. Noted during the daily safety walk.",No,None,None identified,N/A,N/A,LOW,synthetic
OIL-00471,2025-01-31,Site A - Duliajan,Scaffolding,UA,A field engineer was working at height on scaffolding without a harness properly anchored. No injury occurred.,Yes,Working at Height,Fall from height,Fall protection/harness,Missing,HIGH,synthetic
OIL-00472,2025-02-02,Site A - Duliajan,Maintenance,UC,Isolation tag on the main isolation valve was found slightly faded and needs replacement; work was not affected.,No,Energy Isolation,None identified,Isolation certificate,Adequate / Minor Gap,LOW,synthetic
OIL-00473,2025-02-02,Site E - Barekuri Pipeline,Housekeeping,Near Miss,A minor paint peel was noticed on the safety information board near the hydraulic line. Logged for routine follow-up.,No,None,None identified,N/A,N/A,LOW,synthetic
OIL-00474,2025-02-03,Site B - Moran,Lifting Operations,UC,Lift plan paperwork was completed but filed a day late; no impact on the lift itself.,No,Safe Mechanical Lifting,None identified,Rigging inspection,Adequate / Minor Gap,LOW,synthetic
OIL-00475,2025-02-03,Site E - Barekuri Pipeline,Maintenance,UC,Alarm panel indicator light was flickering; replaced during preventive maintenance.,No,Bypassing Safety Controls,None identified,Permit conditions,Adequate / Minor Gap,LOW,synthetic
OIL-00476,2025-02-03,Site B - Moran,Hot Work,UC,Hot work permit was signed but the copy at the site was slightly torn; replaced with new copy.,No,Hot Work,None identified,Gas testing (flammable atmosphere),Adequate / Minor Gap,LOW,synthetic
OIL-00477,2025-02-05,Site B - Moran,Housekeeping,Near Miss,Minor housekeeping issue observed near office area; walkway was cluttered with empty boxes. Corrected on the spot.,No,None,None identified,N/A,N/A,LOW,synthetic
OIL-00478,2025-02-07,Site D - Jorajan,Maintenance,UA,A first-aid box in the admin building was found to be missing a few bandages; restocked. Logged for routine follow-up.,No,None,None identified,N/A,N/A,LOW,synthetic
OIL-00479,2025-02-07,Site D - Jorajan,Maintenance,UA,"A shift technician began repair work on the pump P-204 without confirming zero-energy state, panel was later found live. The activity was halted and the area was made safe.",Yes,Energy Isolation,Unexpected energy release,Isolation verification,Missing,HIGH,synthetic
OIL-00480,2025-02-08,Site B - Moran,Maintenance,UA,Noise from a printer in the office was reported as mildly disruptive.,No,None,None identified,N/A,N/A,LOW,synthetic
OIL-00481,2025-02-10,Site E - Barekuri Pipeline,Vehicle Movement,Incident,Tyre pressure was marginally low on a parked vehicle; corrected during routine check. Noted during the daily safety walk.,No,Driving,None identified,Speed compliance,Adequate / Minor Gap,LOW,synthetic
OIL-00482,2025-02-10,Site C - Kumchai,Transportation,Near Miss,A pipe section slipped from rigging and struck the barricade near where an operator was standing.,Yes,Line of Fire,Struck by falling/moving object,Suspended load control,Missing,MEDIUM,synthetic
OIL-00483,2025-02-12,Site B - Moran,Confined Space Entry,UA,No standby/rescue personnel was posted while a contract technician entered the confined space to clear a blockage. No injury occurred.,Yes,Confined Space,Engulfment,Gas testing,Missing,MEDIUM,synthetic
OIL-00484,2025-02-12,Site E - Barekuri Pipeline,Housekeeping,UA,Signboard directing to the emergency assembly point was slightly bent; straightened by an operator. Corrected on the spot.,No,None,None identified,N/A,N/A,LOW,synthetic
OIL-00485,2025-02-12,Site A - Duliajan,Housekeeping,Incident,"General cleanliness observation: canteen floor was slightly wet near the entrance, mopped promptly.",No,None,None identified,N/A,N/A,LOW,synthetic
OIL-00486,2025-02-14,Site A - Duliajan,Housekeeping,UA,Minor housekeeping issue observed near office area; walkway was cluttered with empty boxes.,No,None,None identified,N/A,N/A,LOW,synthetic
OIL-00487,2025-02-14,Site C - Kumchai,Production Operations,UA,A rigger found the water cooler in the rest area was not working; complaint logged. Noted during the daily safety walk.,No,None,None identified,N/A,N/A,LOW,synthetic
OIL-00488,2025-02-15,Site D - Jorajan,Working at Height,UA,Scaffold tag was found slightly discolored and hard to read; replaced during routine check. No further action required.,No,Working at Height,None identified,Scaffold inspection tag,Adequate / Minor Gap,LOW,synthetic
OIL-00489,2025-02-15,Site B - Moran,Lifting Operations,UC,Lifting was carried out by a rigger without a documented lift plan for a heavy load near the compressor unit.,Yes,Safe Mechanical Lifting,Crane instability,Lift plan,Missing,HIGH,synthetic
OIL-00490,2025-02-16,Site C - Kumchai,Housekeeping,Incident,A minor paint peel was noticed on the safety information board near the pump P-204. Noted during the daily safety walk.,No,None,None identified,N/A,N/A,LOW,synthetic
OIL-00491,2025-02-16,Site C - Kumchai,Maintenance,UA,A loose floor tile was noticed by a contract technician in the administrative block corridor.,No,None,None identified,N/A,N/A,LOW,synthetic
OIL-00492,2025-02-18,Site D - Jorajan,Maintenance,Near Miss,Hot work was started by a new joinee without gas testing the surrounding area for flammable vapors. Work was stopped immediately once observed.,Yes,Hot Work,Explosion,Fire watch,Missing,HIGH,synthetic
OIL-00493,2025-02-19,Site D - Jorajan,Production Operations,Near Miss,Signboard directing to the emergency assembly point was slightly bent; straightened by a contract technician. Addressed before the shift ended.,No,None,None identified,N/A,N/A,LOW,synthetic
OIL-00494,2025-02-20,Site E - Barekuri Pipeline,Production Operations,UC,A new joinee observed faded exclusion-zone markings near the pump P-204; reported for repainting. Corrected on the spot.,No,Line of Fire,None identified,Barricading/exclusion zone,Adequate / Minor Gap,LOW,synthetic
OIL-00495,2025-02-21,Site A - Duliajan,Transportation,UA,Journey management plan was not filed before a contract technician undertook a long-distance site transfer. The activity was halted and the area was made safe.,Yes,Driving,Vehicle collision,Speed compliance,Bypassed,MEDIUM,synthetic
OIL-00496,2025-02-21,Site B - Moran,Lifting Operations,Near Miss,Rigging sling was found frayed but a rigger continued the lift without inspection. No injury occurred.,Yes,Safe Mechanical Lifting,Rigging failure,Lift plan,Bypassed,HIGH,synthetic
OIL-00497,2025-02-22,Site D - Jorajan,Electrical Work,Incident,Residual pressure was not bled off from the pump P-204 before a shift technician disconnected the coupling. Corrective action was raised on the spot.,Yes,Energy Isolation,Electrical shock,Lockout/Tagout (LOTO),Bypassed,HIGH,synthetic
OIL-00498,2025-02-24,Site D - Jorajan,Production Operations,UA,A shift technician reported a flickering light in the break room; maintenance ticket raised. Logged for routine follow-up.,No,None,None identified,N/A,N/A,LOW,synthetic
OIL-00499,2025-02-25,Site E - Barekuri Pipeline,Working at Height,UA,A rigger noted a minor gap in toe-board on a low-height platform; corrected same day. Noted during the daily safety walk.,No,Working at Height,None identified,Anchor point verification,Adequate / Minor Gap,LOW,synthetic
OIL-00500,2025-02-27,Site E - Barekuri Pipeline,Housekeeping,UC,Stationery shelf in the site office was found disorganized during a routine walk-through. Logged for routine follow-up.,No,None,None identified,N/A,N/A,LOW,synthetic
OIL-00501,2025-02-27,Site B - Moran,Production Operations,UA,Stationery shelf in the site office was found disorganized during a routine walk-through. No further action required.,No,None,None identified,N/A,N/A,LOW,synthetic
OIL-00502,2025-02-27,Site E - Barekuri Pipeline,Production Operations,Near Miss,A rigger observed a torn notice board sheet near the muster point; replaced during rounds. Logged for routine follow-up.,No,None,None identified,N/A,N/A,LOW,synthetic
OIL-00503,2025-02-28,Site D - Jorajan,Maintenance,Incident,A shift technician suggested better labeling for stationery cupboards in the office. Noted during the daily safety walk.,No,None,None identified,N/A,N/A,LOW,synthetic
OIL-00504,2025-03-02,Site B - Moran,Maintenance,UC,A field engineer reported a flickering light in the break room; maintenance ticket raised. Corrected on the spot.,No,None,None identified,N/A,N/A,LOW,synthetic
OIL-00505,2025-03-02,Site E - Barekuri Pipeline,Working at Height,UC,Scaffold inspection tag was missing but a third-party worker used the scaffold to access elevated piping. No injury occurred.,Yes,Working at Height,Dropped object,Guardrails,Missing,MEDIUM,synthetic
OIL-00506,2025-03-06,Site A - Duliajan,Scaffolding,UC,Scaffold tag was found slightly discolored and hard to read; replaced during routine check. Corrected on the spot.,No,Working at Height,None identified,Anchor point verification,Adequate / Minor Gap,LOW,synthetic
OIL-00507,2025-03-08,Site E - Barekuri Pipeline,Maintenance,UA,Stationery shelf in the site office was found disorganized during a routine walk-through. Addressed before the shift ended.,No,None,None identified,N/A,N/A,LOW,synthetic
OIL-00508,2025-03-09,Site A - Duliajan,Drilling Operations,UA,Risk assessment was not completed before a third-party worker began work on the main isolation valve. Corrective action was raised on the spot.,Yes,Work Authorisation,Unauthorized/uncontrolled work start,Risk assessment / JSA,Bypassed,HIGH,synthetic
OIL-00509,2025-03-10,Site D - Jorajan,Confined Space Entry,UA,No standby/rescue personnel was posted while an operator entered the confined space to clear a blockage. Corrective action was raised on the spot.,Yes,Confined Space,Engulfment,Continuous atmosphere monitoring,Missing,HIGH,synthetic
OIL-00510,2025-03-11,Site A - Duliajan,Production Operations,UC,Signboard directing to the emergency assembly point was slightly bent; straightened by a rigger.,No,None,None identified,N/A,N/A,LOW,synthetic
OIL-00511,2025-03-13,Site E - Barekuri Pipeline,Production Operations,UC,A field engineer observed a torn notice board sheet near the muster point; replaced during rounds. Corrected on the spot.,No,None,None identified,N/A,N/A,LOW,synthetic
OIL-00512,2025-03-13,Site E - Barekuri Pipeline,Housekeeping,UA,A shift technician reported that the office AC filter needed cleaning.,No,None,None identified,N/A,N/A,LOW,synthetic
OIL-00513,2025-03-13,Site C - Kumchai,Lifting Operations,Near Miss,Lift plan paperwork was completed but filed a day late; no impact on the lift itself. Noted during the daily safety walk.,No,Safe Mechanical Lifting,None identified,Rigging inspection,Adequate / Minor Gap,LOW,synthetic
OIL-00514,2025-03-13,Site D - Jorajan,Maintenance,UC,"A shift technician noted the LOTO log entry had a minor formatting error, corrected on the spot. Addressed before the shift ended.",No,Energy Isolation,None identified,Zero-energy check,Adequate / Minor Gap,LOW,synthetic
OIL-00515,2025-03-13,Site B - Moran,Housekeeping,Near Miss,A loose floor tile was noticed by a maintenance crew member in the administrative block corridor.,No,None,None identified,N/A,N/A,LOW,synthetic
OIL-00516,2025-03-16,Site D - Jorajan,Production Operations,UA,"During maintenance, a shift technician started work on the gas compressor skid before energy isolation was verified; the line was found still energized. Fortunately no one was in the immediate vicinity at the time.",Yes,Energy Isolation,Electrical shock,Isolation certificate,Missing,HIGH,synthetic
OIL-00517,2025-03-16,Site D - Jorajan,Maintenance,UC,Risk assessment was not completed before a field engineer began work on the compressor unit. No injury occurred.,Yes,Work Authorisation,Unauthorized/uncontrolled work start,Permit to Work (PTW),Bypassed,HIGH,synthetic
OIL-00518,2025-03-16,Site C - Kumchai,Transportation,UA,A pipe section slipped from rigging and struck the barricade near where a shift technician was standing. Fortunately no one was in the immediate vicinity at the time.,Yes,Line of Fire,Pressure release,Suspended load control,Bypassed,MEDIUM,synthetic
OIL-00519,2025-03-17,Site B - Moran,Scaffolding,UA,Scaffold tag was found slightly discolored and hard to read; replaced during routine check. Noted during the daily safety walk.,No,Working at Height,None identified,Scaffold inspection tag,Adequate / Minor Gap,LOW,synthetic
OIL-00520,2025-03-18,Site E - Barekuri Pipeline,Production Operations,UA,Spill of a small quantity of water near the canteen was cleaned up promptly. Noted during the daily safety walk.,No,None,None identified,N/A,N/A,LOW,synthetic
OIL-00521,2025-03-18,Site A - Duliajan,Production Operations,Near Miss,Isolation certificate was not issued but a shift technician proceeded to open the transformer bay for inspection. Corrective action was raised on the spot.,Yes,Energy Isolation,Electrical shock,Isolation certificate,Failed,HIGH,synthetic
OIL-00522,2025-03-20,Site E - Barekuri Pipeline,Maintenance,UC,Continuous atmosphere monitoring was not maintained while an operator worked inside the tank; monitor was left outside. Fortunately no one was in the immediate vicinity at the time.,Yes,Confined Space,Toxic atmosphere,Continuous atmosphere monitoring,Bypassed,HIGH,synthetic
OIL-00523,2025-03-20,Site C - Kumchai,Scaffolding,UC,An operator climbed the hydraulic line structure without using fall protection equipment. The activity was halted and the area was made safe.,Yes,Working at Height,Fall from height,Fall protection/harness,Missing,HIGH,synthetic
OIL-00524,2025-03-20,Site D - Jorajan,Excavation,UA,A contract technician was working within the swing radius of the excavator without barricading in place.,Yes,Line of Fire,Pressure release,Suspended load control,Bypassed,HIGH,synthetic
OIL-00525,2025-03-21,Site D - Jorajan,Maintenance,UC,Isolation point signage near the transformer bay was partially obscured by dust; cleaned during routine round. Logged for routine follow-up.,No,Energy Isolation,None identified,Lockout/Tagout (LOTO),Adequate / Minor Gap,LOW,synthetic
OIL-00526,2025-03-21,Site B - Moran,Confined Space Entry,UA,Continuous atmosphere monitoring was not maintained while a field engineer worked inside the tank; monitor was left outside. Corrective action was raised on the spot.,Yes,Confined Space,Oxygen-deficient atmosphere,Rescue plan/standby,Missing,HIGH,synthetic
OIL-00527,2025-03-21,Site E - Barekuri Pipeline,Maintenance,UC,Fire watch bucket was found half full of sand instead of full; topped up as per checklist. Noted during the daily safety walk.,No,Hot Work,None identified,Fire extinguishing equipment on site,Adequate / Minor Gap,LOW,synthetic
OIL-00528,2025-03-22,Site E - Barekuri Pipeline,Maintenance,Incident,"A maintenance crew member noted the LOTO log entry had a minor formatting error, corrected on the spot. Corrected on the spot.",No,Energy Isolation,None identified,Zero-energy check,Adequate / Minor Gap,LOW,synthetic
OIL-00529,2025-03-22,Site B - Moran,Maintenance,UA,Continuous atmosphere monitoring was not maintained while a field engineer worked inside the tank; monitor was left outside. Fortunately no one was in the immediate vicinity at the time.,Yes,Confined Space,Oxygen-deficient atmosphere,Continuous atmosphere monitoring,Failed,HIGH,synthetic
OIL-00530,2025-03-23,Site E - Barekuri Pipeline,Housekeeping,UA,A dustbin lid was found broken in the parking area; replacement requested. Addressed before the shift ended.,No,None,None identified,N/A,N/A,LOW,synthetic
OIL-00531,2025-03-23,Site D - Jorajan,Maintenance,Near Miss,A first-aid box in the admin building was found to be missing a few bandages; restocked. Corrected on the spot.,No,None,None identified,N/A,N/A,LOW,synthetic
OIL-00532,2025-03-24,Site A - Duliajan,Production Operations,Near Miss,A maintenance crew member bypassed the LOTO tag and re-energized the electrical panel while another crew was still working on it. This was flagged as a high-priority observation.,Yes,Energy Isolation,Stored/residual energy,Zero-energy check,Bypassed,MEDIUM,synthetic
OIL-00533,2025-03-24,Site C - Kumchai,Housekeeping,Near Miss,A third-party worker reported a flickering light in the break room; maintenance ticket raised. Addressed before the shift ended.,No,None,None identified,N/A,N/A,LOW,synthetic
OIL-00534,2025-03-26,Site A - Duliajan,Production Operations,UC,Isolation certificate was not issued but a rigger proceeded to open the pump P-204 for inspection. No injury occurred.,Yes,Energy Isolation,Unexpected energy release,Zero-energy check,Bypassed,HIGH,synthetic
OIL-00535,2025-03-27,Site D - Jorajan,Maintenance,Near Miss,A minor paint peel was noticed on the safety information board near the pump P-204.,No,None,None identified,N/A,N/A,LOW,synthetic
OIL-00536,2025-03-28,Site C - Kumchai,Housekeeping,UA,Minor housekeeping: cables in the office area were not properly bundled. Addressed before the shift ended.,No,None,None identified,N/A,N/A,LOW,synthetic
OIL-00537,2025-03-28,Site A - Duliajan,Maintenance,Incident,Fire extinguisher signage in the corridor was found slightly faded; repainting scheduled. Logged for routine follow-up.,No,None,None identified,N/A,N/A,LOW,synthetic
OIL-00538,2025-03-28,Site A - Duliajan,Maintenance,UA,"During maintenance, a maintenance crew member started work on the electrical panel before energy isolation was verified; the line was found still energized. Corrective action was raised on the spot.",Yes,Energy Isolation,Electrical shock,Isolation certificate,Bypassed,HIGH,synthetic
OIL-00539,2025-03-29,Site E - Barekuri Pipeline,Maintenance,UA,No standby/rescue personnel was posted while an operator entered the confined space to clear a blockage. Fortunately no one was in the immediate vicinity at the time.,Yes,Confined Space,Toxic atmosphere,Rescue plan/standby,Missing,HIGH,synthetic
OIL-00540,2025-03-29,Site D - Jorajan,Production Operations,UA,A first-aid box in the admin building was found to be missing a few bandages; restocked. Logged for routine follow-up.,No,None,None identified,N/A,N/A,LOW,synthetic
OIL-00541,2025-03-30,Site E - Barekuri Pipeline,Production Operations,UA,"General cleanliness observation: canteen floor was slightly wet near the entrance, mopped promptly.",No,None,None identified,N/A,N/A,LOW,synthetic
OIL-00542,2025-03-31,Site D - Jorajan,Production Operations,Incident,A first-aid box in the admin building was found to be missing a few bandages; restocked.,No,None,None identified,N/A,N/A,LOW,synthetic
OIL-00543,2025-03-31,Site C - Kumchai,Housekeeping,UA,A new joinee observed a torn notice board sheet near the muster point; replaced during rounds. Corrected on the spot.,No,None,None identified,N/A,N/A,LOW,synthetic
OIL-00544,2025-03-31,Site A - Duliajan,Electrical Work,UC,Isolation point signage near the compressor unit was partially obscured by dust; cleaned during routine round. Addressed before the shift ended.,No,Energy Isolation,None identified,Zero-energy check,Adequate / Minor Gap,LOW,synthetic
OIL-00545,2025-04-02,Site B - Moran,Maintenance,UA,A field engineer reported a flickering light in the break room; maintenance ticket raised. Corrected on the spot.,No,None,None identified,N/A,N/A,LOW,synthetic
OIL-00546,2025-04-02,Site E - Barekuri Pipeline,Scaffolding,UA,Scaffold tag was found slightly discolored and hard to read; replaced during routine check. Addressed before the shift ended.,No,Working at Height,None identified,Anchor point verification,Adequate / Minor Gap,LOW,synthetic
OIL-00547,2025-04-03,Site B - Moran,Confined Space Entry,Near Miss,Confined space entry permit was not obtained before a field engineer entered the vessel for inspection.,Yes,Confined Space,Entrapment,Continuous atmosphere monitoring,Failed,HIGH,synthetic
OIL-00548,2025-04-03,Site A - Duliajan,Production Operations,UC,JSA document was signed but missing one supervisor initial; obtained same shift. Noted during the daily safety walk.,No,Work Authorisation,None identified,Risk assessment / JSA,Adequate / Minor Gap,LOW,synthetic
OIL-00549,2025-04-03,Site D - Jorajan,Production Operations,Near Miss,A new joinee found the water cooler in the rest area was not working; complaint logged. Logged for routine follow-up.,No,None,None identified,N/A,N/A,LOW,synthetic
OIL-00550,2025-04-03,Site A - Duliajan,Production Operations,UA,"An operator noted the LOTO log entry had a minor formatting error, corrected on the spot. Corrected on the spot.",No,Energy Isolation,None identified,Isolation certificate,Adequate / Minor Gap,LOW,synthetic
OIL-00551,2025-04-03,Site A - Duliajan,Maintenance,UA,A rigger observed mild clutter of files near the printer station; tidied up. Noted during the daily safety walk.,No,None,None identified,N/A,N/A,LOW,synthetic
OIL-00552,2025-04-03,Site C - Kumchai,Maintenance,UC,A minor paint peel was noticed on the safety information board near the hydraulic line. Corrected on the spot.,No,None,None identified,N/A,N/A,LOW,synthetic
OIL-00553,2025-04-09,Site E - Barekuri Pipeline,Confined Space Entry,UA,"Confined space permit paperwork had a minor date entry error, corrected before entry. Logged for routine follow-up.",No,Confined Space,None identified,Rescue plan/standby,Adequate / Minor Gap,LOW,synthetic
OIL-00554,2025-04-09,Site E - Barekuri Pipeline,Maintenance,Near Miss,Minor housekeeping issue observed near office area; walkway was cluttered with empty boxes.,No,None,None identified,N/A,N/A,LOW,synthetic
OIL-00555,2025-04-09,Site A - Duliajan,Production Operations,Near Miss,A dustbin lid was found broken in the parking area; replacement requested. Corrected on the spot.,No,None,None identified,N/A,N/A,LOW,synthetic
OIL-00556,2025-04-09,Site A - Duliajan,Transportation,UC,Minor housekeeping issue: warning cones slightly misplaced near a low-traffic walkway. Corrected on the spot.,No,Line of Fire,None identified,Signage,Adequate / Minor Gap,LOW,synthetic
OIL-00557,2025-04-09,Site D - Jorajan,Transportation,UC,Vehicle inspection checklist had a minor missing signature; corrected before dispatch.,No,Driving,None identified,Speed compliance,Adequate / Minor Gap,LOW,synthetic
OIL-00558,2025-04-10,Site E - Barekuri Pipeline,Maintenance,Near Miss,Hot work permit was signed but the copy at the site was slightly torn; replaced with new copy.,No,Hot Work,None identified,Fire extinguishing equipment on site,Adequate / Minor Gap,LOW,synthetic
OIL-00559,2025-04-10,Site C - Kumchai,Lifting Operations,UC,A field engineer was working within the swing radius of the excavator without barricading in place. The activity was halted and the area was made safe.,Yes,Line of Fire,Pressure release,Positioning awareness,Failed,HIGH,synthetic
OIL-00560,2025-04-10,Site D - Jorajan,Production Operations,UA,A field engineer reported that the office AC filter needed cleaning. Noted during the daily safety walk.,No,None,None identified,N/A,N/A,LOW,synthetic
OIL-00561,2025-04-11,Site B - Moran,Confined Space Entry,Near Miss,Continuous atmosphere monitoring was not maintained while a third-party worker worked inside the tank; monitor was left outside. Work was stopped immediately once observed.,Yes,Confined Space,Oxygen-deficient atmosphere,Continuous atmosphere monitoring,Bypassed,MEDIUM,synthetic
OIL-00562,2025-04-12,Site D - Jorajan,Production Operations,UA,An operator observed mild clutter of files near the printer station; tidied up.,No,None,None identified,N/A,N/A,LOW,synthetic
OIL-00563,2025-04-12,Site E - Barekuri Pipeline,Maintenance,Near Miss,Signboard directing to the emergency assembly point was slightly bent; straightened by an operator. Logged for routine follow-up.,No,None,None identified,N/A,N/A,LOW,synthetic
OIL-00564,2025-04-13,Site D - Jorajan,Maintenance,UC,A first-aid box in the admin building was found to be missing a few bandages; restocked. Corrected on the spot.,No,None,None identified,N/A,N/A,LOW,synthetic
OIL-00565,2025-04-15,Site A - Duliajan,Electrical Work,UA,"An operator began repair work on the wellhead valve assembly without confirming zero-energy state, panel was later found live. The activity was halted and the area was made safe.",Yes,Energy Isolation,Unexpected energy release,Lockout/Tagout (LOTO),Failed,MEDIUM,synthetic
OIL-00566,2025-04-15,Site D - Jorajan,Lifting Operations,Near Miss,Barricade tape near the work area was found loose; retightened without incident. Logged for routine follow-up.,No,Line of Fire,None identified,Suspended load control,Adequate / Minor Gap,LOW,synthetic
OIL-00567,2025-04-15,Site E - Barekuri Pipeline,Maintenance,UC,An operator reported that the office AC filter needed cleaning. No further action required.,No,None,None identified,N/A,N/A,LOW,synthetic
OIL-00568,2025-04-16,Site E - Barekuri Pipeline,Production Operations,UC,A loose floor tile was noticed by a rigger in the administrative block corridor. Addressed before the shift ended.,No,None,None identified,N/A,N/A,LOW,synthetic
OIL-00569,2025-04-16,Site C - Kumchai,Maintenance,UC,Isolation tag on the wellhead valve assembly was found slightly faded and needs replacement; work was not affected. No further action required.,No,Energy Isolation,None identified,Lockout/Tagout (LOTO),Adequate / Minor Gap,LOW,synthetic
OIL-00570,2025-04-16,Site E - Barekuri Pipeline,Hot Work,UC,Fire watch bucket was found half full of sand instead of full; topped up as per checklist. Corrected on the spot.,No,Hot Work,None identified,Gas testing (flammable atmosphere),Adequate / Minor Gap,LOW,synthetic
OIL-00571,2025-04-16,Site D - Jorajan,Hot Work,Near Miss,No fire extinguisher was available at the hot work location where a contract technician was cutting pipe. Corrective action was raised on the spot.,Yes,Hot Work,Explosion,Fire extinguishing equipment on site,Failed,MEDIUM,synthetic
OIL-00572,2025-04-17,Site C - Kumchai,Maintenance,UA,Interlock test was carried out as per schedule with no deviation found. Corrected on the spot.,No,Bypassing Safety Controls,None identified,Interlock system,Adequate / Minor Gap,LOW,synthetic
OIL-00573,2025-04-17,Site E - Barekuri Pipeline,Production Operations,UC,Alarm panel indicator light was flickering; replaced during preventive maintenance.,No,Bypassing Safety Controls,None identified,Permit conditions,Adequate / Minor Gap,LOW,synthetic
OIL-00574,2025-04-17,Site B - Moran,Confined Space Entry,Near Miss,No standby/rescue personnel was posted while a contract technician entered the confined space to clear a blockage. This was flagged as a high-priority observation.,Yes,Confined Space,Engulfment,Gas testing,Bypassed,HIGH,synthetic
OIL-00575,2025-04-17,Site D - Jorajan,Production Operations,UA,Minor housekeeping issue: warning cones slightly misplaced near a low-traffic walkway. Addressed before the shift ended.,No,Line of Fire,None identified,Positioning awareness,Adequate / Minor Gap,LOW,synthetic
OIL-00576,2025-04-18,Site D - Jorajan,Production Operations,UC,A third-party worker was found not wearing safety glasses while filing paperwork in the site office.,No,None,None identified,N/A,N/A,LOW,synthetic
OIL-00577,2025-04-19,Site E - Barekuri Pipeline,Production Operations,UC,A maintenance crew member noted a squeaky door hinge in the changing room; lubricated same day. Logged for routine follow-up.,No,None,None identified,N/A,N/A,LOW,synthetic
OIL-00578,2025-04-19,Site E - Barekuri Pipeline,Maintenance,Near Miss,A contract technician suggested better labeling for stationery cupboards in the office. No further action required.,No,None,None identified,N/A,N/A,LOW,synthetic
OIL-00579,2025-04-19,Site A - Duliajan,Electrical Work,UC,"A shift technician noted the LOTO log entry had a minor formatting error, corrected on the spot.",No,Energy Isolation,None identified,Lockout/Tagout (LOTO),Adequate / Minor Gap,LOW,synthetic
OIL-00580,2025-04-19,Site A - Duliajan,Maintenance,UA,Noise from a printer in the office was reported as mildly disruptive. Logged for routine follow-up.,No,None,None identified,N/A,N/A,LOW,synthetic
OIL-00581,2025-04-19,Site A - Duliajan,Maintenance,Near Miss,Fire extinguisher signage in the corridor was found slightly faded; repainting scheduled. Addressed before the shift ended.,No,None,None identified,N/A,N/A,LOW,synthetic
OIL-00582,2025-04-19,Site B - Moran,Confined Space Entry,UA,A new joinee entered a storage tank without prior gas testing being completed. No injury occurred.,Yes,Confined Space,Engulfment,Rescue plan/standby,Bypassed,HIGH,synthetic
OIL-00583,2025-04-19,Site E - Barekuri Pipeline,Vehicle Movement,Near Miss,Tyre pressure was marginally low on a parked vehicle; corrected during routine check.,No,Driving,None identified,Fatigue management,Adequate / Minor Gap,LOW,synthetic
OIL-00584,2025-04-20,Site B - Moran,Housekeeping,UA,A shift technician suggested better labeling for stationery cupboards in the office. No further action required.,No,None,None identified,N/A,N/A,LOW,synthetic
OIL-00585,2025-04-20,Site D - Jorajan,Production Operations,UA,Alarm panel indicator light was flickering; replaced during preventive maintenance.,No,Bypassing Safety Controls,None identified,Permit conditions,Adequate / Minor Gap,LOW,synthetic
OIL-00586,2025-04-22,Site A - Duliajan,Production Operations,UC,A loose floor tile was noticed by a new joinee in the administrative block corridor. Addressed before the shift ended.,No,None,None identified,N/A,N/A,LOW,synthetic
OIL-00587,2025-04-24,Site C - Kumchai,Vehicle Movement,UA,Vehicle inspection checklist had a minor missing signature; corrected before dispatch. Addressed before the shift ended.,No,Driving,None identified,Journey management plan,Adequate / Minor Gap,LOW,synthetic
OIL-00588,2025-04-24,Site D - Jorajan,Production Operations,Near Miss,A rigger observed mild clutter of files near the printer station; tidied up. Addressed before the shift ended.,No,None,None identified,N/A,N/A,LOW,synthetic
OIL-00589,2025-04-25,Site C - Kumchai,Transportation,Near Miss,A pipe section slipped from rigging and struck the barricade near where a rigger was standing. No injury occurred.,Yes,Line of Fire,Pressure release,Barricading/exclusion zone,Failed,HIGH,synthetic
OIL-00590,2025-04-26,Site B - Moran,Drilling Operations,UA,Crane outriggers were not fully extended before a new joinee began the lift. The activity was halted and the area was made safe.,Yes,Safe Mechanical Lifting,Load drop,Competent rigger/banksman,Bypassed,HIGH,synthetic
OIL-00591,2025-04-28,Site A - Duliajan,Drilling Operations,Near Miss,Supervisor authorization was missing but an operator commenced work on the pressurized system. The activity was halted and the area was made safe.,Yes,Work Authorisation,Missing risk assessment,Supervisory authorization,Bypassed,HIGH,synthetic
OIL-00592,2025-04-29,Site E - Barekuri Pipeline,Production Operations,UA,Isolation point signage near the compressor unit was partially obscured by dust; cleaned during routine round. No further action required.,No,Energy Isolation,None identified,Isolation certificate,Adequate / Minor Gap,LOW,synthetic
OIL-00593,2025-04-29,Site A - Duliajan,Scaffolding,Near Miss,Scaffold inspection tag was missing but a shift technician used the scaffold to access elevated piping. This was flagged as a high-priority observation.,Yes,Working at Height,Dropped object,Scaffold inspection tag,Failed,HIGH,synthetic
OIL-00594,2025-04-30,Site E - Barekuri Pipeline,Housekeeping,UA,A shift technician found the water cooler in the rest area was not working; complaint logged.,No,None,None identified,N/A,N/A,LOW,synthetic
OIL-00595,2025-04-30,Site E - Barekuri Pipeline,Maintenance,Near Miss,Isolation tag on the wellhead valve assembly was found slightly faded and needs replacement; work was not affected. Logged for routine follow-up.,No,Energy Isolation,None identified,Isolation certificate,Adequate / Minor Gap,LOW,synthetic
OIL-00596,2025-05-01,Site C - Kumchai,Confined Space Entry,UA,No standby/rescue personnel was posted while an operator entered the confined space to clear a blockage. The activity was halted and the area was made safe.,Yes,Confined Space,Engulfment,Confined space entry permit,Missing,HIGH,synthetic
OIL-00597,2025-05-01,Site E - Barekuri Pipeline,Production Operations,UC,Fire extinguisher signage in the corridor was found slightly faded; repainting scheduled. Noted during the daily safety walk.,No,None,None identified,N/A,N/A,LOW,synthetic
OIL-00598,2025-05-01,Site B - Moran,Electrical Work,Near Miss,Isolation point signage near the wellhead valve assembly was partially obscured by dust; cleaned during routine round. Corrected on the spot.,No,Energy Isolation,None identified,Isolation certificate,Adequate / Minor Gap,LOW,synthetic
OIL-00599,2025-05-01,Site B - Moran,Working at Height,Near Miss,"A dropped spanner fell from the platform where a rigger was working, landing near ground crew. Corrective action was raised on the spot.",Yes,Working at Height,Fall from height,Scaffold inspection tag,Failed,MEDIUM,synthetic
OIL-00600,2025-05-02,Site B - Moran,Confined Space Entry,UC,No standby/rescue personnel was posted while a field engineer entered the confined space to clear a blockage.,Yes,Confined Space,Engulfment,Continuous atmosphere monitoring,Missing,HIGH,synthetic
OIL-00601,2025-05-02,Site E - Barekuri Pipeline,Transportation,UC,Minor housekeeping issue: warning cones slightly misplaced near a low-traffic walkway.,No,Line of Fire,None identified,Suspended load control,Adequate / Minor Gap,LOW,synthetic
OIL-00602,2025-05-03,Site A - Duliajan,Vehicle Movement,Near Miss,Vehicle inspection checklist had a minor missing signature; corrected before dispatch. Addressed before the shift ended.,No,Driving,None identified,Journey management plan,Adequate / Minor Gap,LOW,synthetic
OIL-00603,2025-05-04,Site B - Moran,Production Operations,UA,Minor housekeeping: cables in the office area were not properly bundled. Corrected on the spot.,No,None,None identified,N/A,N/A,LOW,synthetic
OIL-00604,2025-05-04,Site D - Jorajan,Maintenance,UA,A shift technician suggested better labeling for stationery cupboards in the office. Logged for routine follow-up.,No,None,None identified,N/A,N/A,LOW,synthetic
OIL-00605,2025-05-05,Site A - Duliajan,Production Operations,Incident,Permit to work had a minor clerical omission in the time field; corrected before work start. Addressed before the shift ended.,No,Work Authorisation,None identified,Risk assessment / JSA,Adequate / Minor Gap,LOW,synthetic
OIL-00606,2025-05-06,Site A - Duliajan,Maintenance,UA,A new joinee observed mild clutter of files near the printer station; tidied up.,No,None,None identified,N/A,N/A,LOW,synthetic
OIL-00607,2025-05-06,Site E - Barekuri Pipeline,Housekeeping,Near Miss,An operator reported that the office AC filter needed cleaning.,No,None,None identified,N/A,N/A,LOW,synthetic
OIL-00608,2025-05-07,Site D - Jorajan,Housekeeping,UC,Signboard directing to the emergency assembly point was slightly bent; straightened by a new joinee. Logged for routine follow-up.,No,None,None identified,N/A,N/A,LOW,synthetic
OIL-00609,2025-05-08,Site E - Barekuri Pipeline,Production Operations,Near Miss,Minor housekeeping issue observed near office area; walkway was cluttered with empty boxes. Logged for routine follow-up.,No,None,None identified,N/A,N/A,LOW,synthetic
OIL-00610,2025-05-08,Site A - Duliajan,Production Operations,UC,A shift technician observed a torn notice board sheet near the muster point; replaced during rounds. Addressed before the shift ended.,No,None,None identified,N/A,N/A,LOW,synthetic
OIL-00611,2025-05-10,Site B - Moran,Vehicle Movement,UA,Vehicle inspection checklist had a minor missing signature; corrected before dispatch.,No,Driving,None identified,Speed compliance,Adequate / Minor Gap,LOW,synthetic
OIL-00612,2025-05-10,Site C - Kumchai,Maintenance,UC,"General cleanliness observation: canteen floor was slightly wet near the entrance, mopped promptly. No further action required.",No,None,None identified,N/A,N/A,LOW,synthetic
OIL-00613,2025-05-10,Site C - Kumchai,Housekeeping,Near Miss,A loose floor tile was noticed by a field engineer in the administrative block corridor.,No,None,None identified,N/A,N/A,LOW,synthetic
OIL-00614,2025-05-11,Site A - Duliajan,Maintenance,UC,A new joinee reported that the office AC filter needed cleaning.,No,None,None identified,N/A,N/A,LOW,synthetic
OIL-00615,2025-05-11,Site A - Duliajan,Production Operations,UA,Spill of a small quantity of water near the canteen was cleaned up promptly. Addressed before the shift ended.,No,None,None identified,N/A,N/A,LOW,synthetic
OIL-00616,2025-05-14,Site B - Moran,Confined Space Entry,UC,Continuous atmosphere monitoring was not maintained while a third-party worker worked inside the tank; monitor was left outside.,Yes,Confined Space,Engulfment,Rescue plan/standby,Failed,HIGH,synthetic
OIL-00617,2025-05-14,Site E - Barekuri Pipeline,Housekeeping,Near Miss,"General cleanliness observation: canteen floor was slightly wet near the entrance, mopped promptly.",No,None,None identified,N/A,N/A,LOW,synthetic
OIL-00618,2025-05-14,Site D - Jorajan,Housekeeping,UC,Fire extinguisher signage in the corridor was found slightly faded; repainting scheduled.,No,None,None identified,N/A,N/A,LOW,synthetic
OIL-00619,2025-05-15,Site D - Jorajan,Production Operations,UA,Signboard directing to the emergency assembly point was slightly bent; straightened by a maintenance crew member. Logged for routine follow-up.,No,None,None identified,N/A,N/A,LOW,synthetic
OIL-00620,2025-05-15,Site B - Moran,Maintenance,UC,Alarm panel indicator light was flickering; replaced during preventive maintenance. Noted during the daily safety walk.,No,Bypassing Safety Controls,None identified,Alarm system,Adequate / Minor Gap,LOW,synthetic
OIL-00621,2025-05-16,Site D - Jorajan,Electrical Work,UC,"A third-party worker began repair work on the electrical panel without confirming zero-energy state, panel was later found live. The activity was halted and the area was made safe.",Yes,Energy Isolation,Stored/residual energy,Lockout/Tagout (LOTO),Failed,HIGH,synthetic
OIL-00622,2025-05-17,Site A - Duliajan,Maintenance,UC,A shift technician suggested better labeling for stationery cupboards in the office. Logged for routine follow-up.,No,None,None identified,N/A,N/A,LOW,synthetic
OIL-00623,2025-05-19,Site D - Jorajan,Production Operations,Incident,Isolation tag on the gas compressor skid was found slightly faded and needs replacement; work was not affected. No further action required.,No,Energy Isolation,None identified,Zero-energy check,Adequate / Minor Gap,LOW,synthetic
OIL-00624,2025-05-20,Site B - Moran,Confined Space Entry,UA,"Confined space permit paperwork had a minor date entry error, corrected before entry. No further action required.",No,Confined Space,None identified,Confined space entry permit,Adequate / Minor Gap,LOW,synthetic
OIL-00625,2025-05-21,Site E - Barekuri Pipeline,Housekeeping,UC,Stationery shelf in the site office was found disorganized during a routine walk-through. Noted during the daily safety walk.,No,None,None identified,N/A,N/A,LOW,synthetic
OIL-00626,2025-05-21,Site D - Jorajan,Production Operations,UA,Permit to work had a minor clerical omission in the time field; corrected before work start. Addressed before the shift ended.,No,Work Authorisation,None identified,Risk assessment / JSA,Adequate / Minor Gap,LOW,synthetic
OIL-00627,2025-05-22,Site B - Moran,Electrical Work,UA,Isolation point signage near the pump P-204 was partially obscured by dust; cleaned during routine round.,No,Energy Isolation,None identified,Isolation certificate,Adequate / Minor Gap,LOW,synthetic
OIL-00628,2025-05-23,Site E - Barekuri Pipeline,Confined Space Entry,UC,"Confined space permit paperwork had a minor date entry error, corrected before entry. No further action required.",No,Confined Space,None identified,Rescue plan/standby,Adequate / Minor Gap,LOW,synthetic
OIL-00629,2025-05-23,Site D - Jorajan,Production Operations,UA,An operator suggested better labeling for stationery cupboards in the office. Addressed before the shift ended.,No,None,None identified,N/A,N/A,LOW,synthetic
OIL-00630,2025-05-24,Site E - Barekuri Pipeline,Production Operations,UC,A first-aid box in the admin building was found to be missing a few bandages; restocked. Corrected on the spot.,No,None,None identified,N/A,N/A,LOW,synthetic
OIL-00631,2025-05-24,Site C - Kumchai,Lifting Operations,UC,A new joinee was working within the swing radius of the excavator without barricading in place.,Yes,Line of Fire,Pressure release,Signage,Missing,HIGH,synthetic
OIL-00632,2025-05-24,Site B - Moran,Scaffolding,UA,A new joinee noted a minor gap in toe-board on a low-height platform; corrected same day. No further action required.,No,Working at Height,None identified,Fall protection/harness,Adequate / Minor Gap,LOW,synthetic
OIL-00633,2025-05-25,Site D - Jorajan,Maintenance,UA,Permit to work had a minor clerical omission in the time field; corrected before work start. Noted during the daily safety walk.,No,Work Authorisation,None identified,Supervisory authorization,Adequate / Minor Gap,LOW,synthetic
OIL-00634,2025-05-25,Site E - Barekuri Pipeline,Maintenance,UC,Fire watch bucket was found half full of sand instead of full; topped up as per checklist. Logged for routine follow-up.,No,Hot Work,None identified,Gas testing (flammable atmosphere),Adequate / Minor Gap,LOW,synthetic
OIL-00635,2025-05-26,Site B - Moran,Housekeeping,UA,Noise from a printer in the office was reported as mildly disruptive.,No,None,None identified,N/A,N/A,LOW,synthetic
OIL-00636,2025-05-27,Site C - Kumchai,Production Operations,Near Miss,Permit to work had a minor clerical omission in the time field; corrected before work start. Noted during the daily safety walk.,No,Work Authorisation,None identified,Supervisory authorization,Adequate / Minor Gap,LOW,synthetic
OIL-00637,2025-05-29,Site D - Jorajan,Hot Work,UA,Fire watch bucket was found half full of sand instead of full; topped up as per checklist. Logged for routine follow-up.,No,Hot Work,None identified,Hot work permit,Adequate / Minor Gap,LOW,synthetic
OIL-00638,2025-05-29,Site C - Kumchai,Housekeeping,UC,A dustbin lid was found broken in the parking area; replacement requested. Noted during the daily safety walk.,No,None,None identified,N/A,N/A,LOW,synthetic
OIL-00639,2025-05-30,Site B - Moran,Maintenance,Near Miss,Interlock test was carried out as per schedule with no deviation found. Logged for routine follow-up.,No,Bypassing Safety Controls,None identified,Permit conditions,Adequate / Minor Gap,LOW,synthetic
OIL-00640,2025-05-30,Site A - Duliajan,Transportation,UA,A field engineer observed faded exclusion-zone markings near the transformer bay; reported for repainting. No further action required.,No,Line of Fire,None identified,Barricading/exclusion zone,Adequate / Minor Gap,LOW,synthetic
OIL-00641,2025-05-30,Site C - Kumchai,Production Operations,UC,"General cleanliness observation: canteen floor was slightly wet near the entrance, mopped promptly.",No,None,None identified,N/A,N/A,LOW,synthetic
OIL-00642,2025-05-30,Site C - Kumchai,Maintenance,UA,Continuous atmosphere monitoring was not maintained while a rigger worked inside the tank; monitor was left outside. Corrective action was raised on the spot.,Yes,Confined Space,Toxic atmosphere,Confined space entry permit,Failed,MEDIUM,synthetic
OIL-00643,2025-05-30,Site B - Moran,Drilling Operations,UA,Supervisor authorization was missing but a shift technician commenced work on the pressurized system. Corrective action was raised on the spot.,Yes,Work Authorisation,Unauthorized/uncontrolled work start,Risk assessment / JSA,Bypassed,MEDIUM,synthetic
OIL-00644,2025-06-01,Site A - Duliajan,Maintenance,UA,Isolation certificate was not issued but a new joinee proceeded to open the wellhead valve assembly for inspection. The activity was halted and the area was made safe.,Yes,Energy Isolation,Unexpected energy release,Isolation certificate,Failed,HIGH,synthetic
OIL-00645,2025-06-02,Site E - Barekuri Pipeline,Hot Work,Near Miss,Hot work permit was signed but the copy at the site was slightly torn; replaced with new copy. Corrected on the spot.,No,Hot Work,None identified,Fire extinguishing equipment on site,Adequate / Minor Gap,LOW,synthetic
OIL-00646,2025-06-03,Site D - Jorajan,Confined Space Entry,UA,Gas testing equipment battery indicator was low but was replaced before any entry occurred. Addressed before the shift ended.,No,Confined Space,None identified,Rescue plan/standby,Adequate / Minor Gap,LOW,synthetic
OIL-00647,2025-06-03,Site C - Kumchai,Production Operations,UA,A contract technician was working within the swing radius of the excavator without barricading in place. Corrective action was raised on the spot.,Yes,Line of Fire,Pressure release,Barricading/exclusion zone,Bypassed,HIGH,synthetic
OIL-00648,2025-06-03,Site A - Duliajan,Housekeeping,UA,"General cleanliness observation: canteen floor was slightly wet near the entrance, mopped promptly. No further action required.",No,None,None identified,N/A,N/A,LOW,synthetic
OIL-00649,2025-06-03,Site E - Barekuri Pipeline,Drilling Operations,UA,Rigging equipment tag was due for renewal within the week; flagged for scheduling. Addressed before the shift ended.,No,Safe Mechanical Lifting,None identified,Rigging inspection,Adequate / Minor Gap,LOW,synthetic
OIL-00650,2025-06-04,Site A - Duliajan,Production Operations,UA,Alarm panel indicator light was flickering; replaced during preventive maintenance. Noted during the daily safety walk.,No,Bypassing Safety Controls,None identified,Interlock system,Adequate / Minor Gap,LOW,synthetic
OIL-00651,2025-06-04,Site A - Duliajan,Maintenance,Near Miss,A new joinee suggested better labeling for stationery cupboards in the office.,No,None,None identified,N/A,N/A,LOW,synthetic
OIL-00652,2025-06-05,Site C - Kumchai,Production Operations,Near Miss,Isolation tag on the wellhead valve assembly was found slightly faded and needs replacement; work was not affected. Corrected on the spot.,No,Energy Isolation,None identified,Isolation certificate,Adequate / Minor Gap,LOW,synthetic
OIL-00653,2025-06-06,Site E - Barekuri Pipeline,Production Operations,Near Miss,A maintenance crew member overrode the safety interlock on the compressor to continue operations during a fault. No injury occurred.,Yes,Bypassing Safety Controls,Disabled safety interlock,Alarm system,Bypassed,HIGH,synthetic
OIL-00654,2025-06-07,Site D - Jorajan,Transportation,UA,Barricade tape near the work area was found loose; retightened without incident. Logged for routine follow-up.,No,Line of Fire,None identified,Signage,Adequate / Minor Gap,LOW,synthetic
OIL-00655,2025-06-07,Site D - Jorajan,Working at Height,Near Miss,Scaffold inspection tag was missing but an operator used the scaffold to access elevated piping.,Yes,Working at Height,Dropped object,Fall protection/harness,Failed,HIGH,synthetic
OIL-00656,2025-06-07,Site E - Barekuri Pipeline,Housekeeping,UA,A loose floor tile was noticed by a shift technician in the administrative block corridor. Addressed before the shift ended.,No,None,None identified,N/A,N/A,LOW,synthetic
OIL-00657,2025-06-09,Site E - Barekuri Pipeline,Production Operations,UC,A third-party worker observed a torn notice board sheet near the muster point; replaced during rounds.,No,None,None identified,N/A,N/A,LOW,synthetic
OIL-00658,2025-06-09,Site C - Kumchai,Production Operations,Near Miss,Alarm panel indicator light was flickering; replaced during preventive maintenance. Addressed before the shift ended.,No,Bypassing Safety Controls,None identified,Safety guard,Adequate / Minor Gap,LOW,synthetic
OIL-00659,2025-06-09,Site C - Kumchai,Maintenance,UA,"A contract technician noted the LOTO log entry had a minor formatting error, corrected on the spot. Logged for routine follow-up.",No,Energy Isolation,None identified,Lockout/Tagout (LOTO),Adequate / Minor Gap,LOW,synthetic
OIL-00660,2025-06-09,Site E - Barekuri Pipeline,Working at Height,UA,"A dropped spanner fell from the platform where a contract technician was working, landing near ground crew. No injury occurred.",Yes,Working at Height,Fall from height,Scaffold inspection tag,Bypassed,HIGH,synthetic
OIL-00661,2025-06-10,Site D - Jorajan,Maintenance,Incident,Noise from a printer in the office was reported as mildly disruptive. Addressed before the shift ended.,No,None,None identified,N/A,N/A,LOW,synthetic
OIL-00662,2025-06-10,Site D - Jorajan,Production Operations,UA,Isolation tag on the transformer bay was found slightly faded and needs replacement; work was not affected. No further action required.,No,Energy Isolation,None identified,Isolation verification,Adequate / Minor Gap,LOW,synthetic
OIL-00663,2025-06-11,Site A - Duliajan,Working at Height,UC,A field engineer climbed the transformer bay structure without using fall protection equipment. Fortunately no one was in the immediate vicinity at the time.,Yes,Working at Height,Dropped object,Scaffold inspection tag,Failed,HIGH,synthetic
OIL-00664,2025-06-11,Site C - Kumchai,Maintenance,UC,A rigger disabled a machine guard interlock to clear a jam on the hydraulic line without stopping the equipment. Corrective action was raised on the spot.,Yes,Bypassing Safety Controls,Disabled safety interlock,Interlock system,Bypassed,HIGH,synthetic
OIL-00665,2025-06-12,Site E - Barekuri Pipeline,Maintenance,UA,"A rigger noted the LOTO log entry had a minor formatting error, corrected on the spot. Addressed before the shift ended.",No,Energy Isolation,None identified,Zero-energy check,Adequate / Minor Gap,LOW,synthetic
OIL-00666,2025-06-13,Site C - Kumchai,Maintenance,Incident,A first-aid box in the admin building was found to be missing a few bandages; restocked. Noted during the daily safety walk.,No,None,None identified,N/A,N/A,LOW,synthetic
OIL-00667,2025-06-13,Site A - Duliajan,Production Operations,UC,"A new joinee began repair work on the wellhead valve assembly without confirming zero-energy state, panel was later found live. No injury occurred.",Yes,Energy Isolation,Stored/residual energy,Zero-energy check,Bypassed,HIGH,synthetic
OIL-00668,2025-06-14,Site A - Duliajan,Maintenance,UC,Signboard directing to the emergency assembly point was slightly bent; straightened by a third-party worker. Noted during the daily safety walk.,No,None,None identified,N/A,N/A,LOW,synthetic
OIL-00669,2025-06-14,Site E - Barekuri Pipeline,Confined Space Entry,UC,Gas testing equipment battery indicator was low but was replaced before any entry occurred. Corrected on the spot.,No,Confined Space,None identified,Rescue plan/standby,Adequate / Minor Gap,LOW,synthetic
OIL-00670,2025-06-15,Site A - Duliajan,Hot Work,UA,Hot work permit was signed but the copy at the site was slightly torn; replaced with new copy. Noted during the daily safety walk.,No,Hot Work,None identified,Fire extinguishing equipment on site,Adequate / Minor Gap,LOW,synthetic
OIL-00671,2025-06-16,Site D - Jorajan,Maintenance,UA,Stationery shelf in the site office was found disorganized during a routine walk-through. Noted during the daily safety walk.,No,None,None identified,N/A,N/A,LOW,synthetic
OIL-00672,2025-06-17,Site D - Jorajan,Production Operations,UA,An operator suggested better labeling for stationery cupboards in the office. No further action required.,No,None,None identified,N/A,N/A,LOW,synthetic
OIL-00673,2025-06-19,Site E - Barekuri Pipeline,Hot Work,Near Miss,A contract technician continued welding after the hot work permit had expired. Fortunately no one was in the immediate vicinity at the time.,Yes,Hot Work,Ignition of flammable material,Fire watch,Missing,HIGH,synthetic
OIL-00674,2025-06-19,Site A - Duliajan,Maintenance,UC,A shift technician observed a torn notice board sheet near the muster point; replaced during rounds. Noted during the daily safety walk.,No,None,None identified,N/A,N/A,LOW,synthetic
OIL-00675,2025-06-20,Site B - Moran,Confined Space Entry,UC,"Confined space permit paperwork had a minor date entry error, corrected before entry. Noted during the daily safety walk.",No,Confined Space,None identified,Continuous atmosphere monitoring,Adequate / Minor Gap,LOW,synthetic
OIL-00676,2025-06-20,Site A - Duliajan,Production Operations,UA,Minor housekeeping: cables in the office area were not properly bundled. Noted during the daily safety walk.,No,None,None identified,N/A,N/A,LOW,synthetic
OIL-00677,2025-06-20,Site D - Jorajan,Drilling Operations,Near Miss,Lift plan paperwork was completed but filed a day late; no impact on the lift itself.,No,Safe Mechanical Lifting,None identified,Load chart compliance,Adequate / Minor Gap,LOW,synthetic
OIL-00678,2025-06-21,Site A - Duliajan,Lifting Operations,UC,A maintenance crew member observed faded exclusion-zone markings near the compressor unit; reported for repainting.,No,Line of Fire,None identified,Positioning awareness,Adequate / Minor Gap,LOW,synthetic
OIL-00679,2025-06-21,Site D - Jorajan,Maintenance,UC,Minor housekeeping: cables in the office area were not properly bundled. Corrected on the spot.,No,None,None identified,N/A,N/A,LOW,synthetic
OIL-00680,2025-06-22,Site D - Jorajan,Production Operations,UA,An operator observed mild clutter of files near the printer station; tidied up.,No,None,None identified,N/A,N/A,LOW,synthetic
OIL-00681,2025-06-22,Site D - Jorajan,Transportation,UA,A shift technician observed faded exclusion-zone markings near the hydraulic line; reported for repainting. Logged for routine follow-up.,No,Line of Fire,None identified,Positioning awareness,Adequate / Minor Gap,LOW,synthetic
OIL-00682,2025-06-22,Site E - Barekuri Pipeline,Housekeeping,UA,A new joinee suggested better labeling for stationery cupboards in the office.,No,None,None identified,N/A,N/A,LOW,synthetic
OIL-00683,2025-06-22,Site B - Moran,Maintenance,UC,Fire extinguisher signage in the corridor was found slightly faded; repainting scheduled.,No,None,None identified,N/A,N/A,LOW,synthetic
OIL-00684,2025-06-24,Site D - Jorajan,Maintenance,UA,Fire watch bucket was found half full of sand instead of full; topped up as per checklist.,No,Hot Work,None identified,Fire extinguishing equipment on site,Adequate / Minor Gap,LOW,synthetic
OIL-00685,2025-06-24,Site B - Moran,Vehicle Movement,UA,Tyre pressure was marginally low on a parked vehicle; corrected during routine check.,No,Driving,None identified,Seatbelt use,Adequate / Minor Gap,LOW,synthetic
OIL-00686,2025-06-24,Site B - Moran,Maintenance,Near Miss,A rigger was found not wearing safety glasses while filing paperwork in the site office. No further action required.,No,None,None identified,N/A,N/A,LOW,synthetic
OIL-00687,2025-06-25,Site D - Jorajan,Electrical Work,Near Miss,Isolation point signage near the hydraulic line was partially obscured by dust; cleaned during routine round.,No,Energy Isolation,None identified,Isolation certificate,Adequate / Minor Gap,LOW,synthetic
OIL-00688,2025-06-25,Site A - Duliajan,Maintenance,UA,Signboard directing to the emergency assembly point was slightly bent; straightened by an operator. Noted during the daily safety walk.,No,None,None identified,N/A,N/A,LOW,synthetic
OIL-00689,2025-06-25,Site C - Kumchai,Housekeeping,Near Miss,An operator was found not wearing safety glasses while filing paperwork in the site office. Noted during the daily safety walk.,No,None,None identified,N/A,N/A,LOW,synthetic
OIL-00690,2025-06-26,Site C - Kumchai,Production Operations,UC,"General cleanliness observation: canteen floor was slightly wet near the entrance, mopped promptly. Logged for routine follow-up.",No,None,None identified,N/A,N/A,LOW,synthetic
OIL-00691,2025-06-26,Site D - Jorajan,Maintenance,UC,Interlock test was carried out as per schedule with no deviation found. No further action required.,No,Bypassing Safety Controls,None identified,Interlock system,Adequate / Minor Gap,LOW,synthetic
OIL-00692,2025-06-27,Site E - Barekuri Pipeline,Maintenance,UA,JSA document was signed but missing one supervisor initial; obtained same shift. Corrected on the spot.,No,Work Authorisation,None identified,Permit to Work (PTW),Adequate / Minor Gap,LOW,synthetic
OIL-00693,2025-06-27,Site E - Barekuri Pipeline,Drilling Operations,UC,No competent banksman was present while a new joinee directed a crane lift. Fortunately no one was in the immediate vicinity at the time.,Yes,Safe Mechanical Lifting,Load drop,Load chart compliance,Failed,HIGH,synthetic
OIL-00694,2025-06-28,Site B - Moran,Maintenance,Near Miss,A loose floor tile was noticed by a contract technician in the administrative block corridor. Corrected on the spot.,No,None,None identified,N/A,N/A,LOW,synthetic
OIL-00695,2025-06-28,Site A - Duliajan,Lifting Operations,Near Miss,Lift plan paperwork was completed but filed a day late; no impact on the lift itself. Corrected on the spot.,No,Safe Mechanical Lifting,None identified,Load chart compliance,Adequate / Minor Gap,LOW,synthetic
OIL-00696,2025-06-29,Site C - Kumchai,Production Operations,UA,A contract technician observed faded exclusion-zone markings near the electrical panel; reported for repainting. Logged for routine follow-up.,No,Line of Fire,None identified,Suspended load control,Adequate / Minor Gap,LOW,synthetic
OIL-00697,2025-06-29,Site B - Moran,Production Operations,UA,A contract technician reported that the office AC filter needed cleaning. Noted during the daily safety walk.,No,None,None identified,N/A,N/A,LOW,synthetic
OIL-00698,2025-06-30,Site E - Barekuri Pipeline,Maintenance,UC,A maintenance crew member noted a squeaky door hinge in the changing room; lubricated same day. Addressed before the shift ended.,No,None,None identified,N/A,N/A,LOW,synthetic
OIL-00699,2025-06-30,Site B - Moran,Drilling Operations,Near Miss,Crane outriggers were not fully extended before a third-party worker began the lift. No injury occurred.,Yes,Safe Mechanical Lifting,Load drop,Lift plan,Bypassed,HIGH,synthetic
OIL-00700,2025-07-01,Site A - Duliajan,Excavation,Near Miss,A contract technician observed faded exclusion-zone markings near the hydraulic line; reported for repainting.,No,Line of Fire,None identified,Suspended load control,Adequate / Minor Gap,LOW,synthetic
OIL-00701,2025-07-02,Site E - Barekuri Pipeline,Drilling Operations,UC,An operator exceeded the load chart limit while lifting equipment near the wellhead. No injury occurred.,Yes,Safe Mechanical Lifting,Load drop,Load chart compliance,Missing,MEDIUM,synthetic
OIL-00702,2025-07-03,Site A - Duliajan,Maintenance,Near Miss,Isolation point signage near the pump P-204 was partially obscured by dust; cleaned during routine round. No further action required.,No,Energy Isolation,None identified,Lockout/Tagout (LOTO),Adequate / Minor Gap,LOW,synthetic
OIL-00703,2025-07-03,Site A - Duliajan,Excavation,Near Miss,A dropped tool fell from height and narrowly missed an operator working below on the gas compressor skid area. No injury occurred.,Yes,Line of Fire,Struck by falling/moving object,Suspended load control,Failed,HIGH,synthetic
OIL-00704,2025-07-04,Site C - Kumchai,Maintenance,Near Miss,Isolation tag on the compressor unit was found slightly faded and needs replacement; work was not affected. No further action required.,No,Energy Isolation,None identified,Isolation certificate,Adequate / Minor Gap,LOW,synthetic
OIL-00705,2025-07-04,Site D - Jorajan,Maintenance,UC,Hot work permit was signed but the copy at the site was slightly torn; replaced with new copy. Addressed before the shift ended.,No,Hot Work,None identified,Fire extinguishing equipment on site,Adequate / Minor Gap,LOW,synthetic
OIL-00706,2025-07-04,Site E - Barekuri Pipeline,Production Operations,Incident,Stationery shelf in the site office was found disorganized during a routine walk-through.,No,None,None identified,N/A,N/A,LOW,synthetic
OIL-00707,2025-07-05,Site E - Barekuri Pipeline,Housekeeping,UA,A first-aid box in the admin building was found to be missing a few bandages; restocked. Noted during the daily safety walk.,No,None,None identified,N/A,N/A,LOW,synthetic
OIL-00708,2025-07-06,Site C - Kumchai,Maintenance,UC,Stationery shelf in the site office was found disorganized during a routine walk-through.,No,None,None identified,N/A,N/A,LOW,synthetic
OIL-00709,2025-07-06,Site D - Jorajan,Maintenance,UA,Risk assessment was not completed before a contract technician began work on the wellhead valve assembly.,Yes,Work Authorisation,Missing risk assessment,Supervisory authorization,Failed,HIGH,synthetic
OIL-00710,2025-07-07,Site E - Barekuri Pipeline,Production Operations,Near Miss,Permit to work had a minor clerical omission in the time field; corrected before work start.,No,Work Authorisation,None identified,Supervisory authorization,Adequate / Minor Gap,LOW,synthetic
OIL-00711,2025-07-07,Site A - Duliajan,Housekeeping,Near Miss,An operator reported that the office AC filter needed cleaning.,No,None,None identified,N/A,N/A,LOW,synthetic
OIL-00712,2025-07-08,Site B - Moran,Maintenance,UA,A new joinee reported that the office AC filter needed cleaning. Logged for routine follow-up.,No,None,None identified,N/A,N/A,LOW,synthetic
OIL-00713,2025-07-09,Site B - Moran,Housekeeping,UA,A third-party worker found the water cooler in the rest area was not working; complaint logged. Addressed before the shift ended.,No,None,None identified,N/A,N/A,LOW,synthetic
OIL-00714,2025-07-12,Site C - Kumchai,Electrical Work,UA,Isolation tag on the hydraulic line was found slightly faded and needs replacement; work was not affected. Addressed before the shift ended.,No,Energy Isolation,None identified,Zero-energy check,Adequate / Minor Gap,LOW,synthetic
OIL-00715,2025-07-12,Site C - Kumchai,Housekeeping,UC,Stationery shelf in the site office was found disorganized during a routine walk-through. Addressed before the shift ended.,No,None,None identified,N/A,N/A,LOW,synthetic
OIL-00716,2025-07-12,Site D - Jorajan,Housekeeping,UA,A field engineer reported a flickering light in the break room; maintenance ticket raised.,No,None,None identified,N/A,N/A,LOW,synthetic
OIL-00717,2025-07-13,Site B - Moran,Housekeeping,UC,Signboard directing to the emergency assembly point was slightly bent; straightened by an operator. No further action required.,No,None,None identified,N/A,N/A,LOW,synthetic
OIL-00718,2025-07-14,Site B - Moran,Housekeeping,UA,Noise from a printer in the office was reported as mildly disruptive.,No,None,None identified,N/A,N/A,LOW,synthetic
OIL-00719,2025-07-15,Site C - Kumchai,Production Operations,UC,Minor housekeeping: cables in the office area were not properly bundled. Noted during the daily safety walk.,No,None,None identified,N/A,N/A,LOW,synthetic
OIL-00720,2025-07-17,Site B - Moran,Drilling Operations,UC,Lift plan paperwork was completed but filed a day late; no impact on the lift itself.,No,Safe Mechanical Lifting,None identified,Rigging inspection,Adequate / Minor Gap,LOW,synthetic
OIL-00721,2025-07-18,Site A - Duliajan,Transportation,UA,Minor housekeeping issue: warning cones slightly misplaced near a low-traffic walkway. No further action required.,No,Line of Fire,None identified,Suspended load control,Adequate / Minor Gap,LOW,synthetic
OIL-00722,2025-07-18,Site C - Kumchai,Hot Work,UA,Fire watch bucket was found half full of sand instead of full; topped up as per checklist. No further action required.,No,Hot Work,None identified,Fire watch,Adequate / Minor Gap,LOW,synthetic
OIL-00723,2025-07-19,Site A - Duliajan,Maintenance,UC,A rigger observed a torn notice board sheet near the muster point; replaced during rounds.,No,None,None identified,N/A,N/A,LOW,synthetic
OIL-00724,2025-07-19,Site D - Jorajan,Maintenance,UC,A shift technician was found not wearing safety glasses while filing paperwork in the site office.,No,None,None identified,N/A,N/A,LOW,synthetic
OIL-00725,2025-07-19,Site D - Jorajan,Production Operations,UC,Minor housekeeping issue observed near office area; walkway was cluttered with empty boxes. Corrected on the spot.,No,None,None identified,N/A,N/A,LOW,synthetic
OIL-00726,2025-07-19,Site E - Barekuri Pipeline,Lifting Operations,UC,Rigging equipment tag was due for renewal within the week; flagged for scheduling. Corrected on the spot.,No,Safe Mechanical Lifting,None identified,Competent rigger/banksman,Adequate / Minor Gap,LOW,synthetic
OIL-00727,2025-07-20,Site D - Jorajan,Production Operations,UA,A loose floor tile was noticed by a third-party worker in the administrative block corridor.,No,None,None identified,N/A,N/A,LOW,synthetic
OIL-00728,2025-07-21,Site E - Barekuri Pipeline,Excavation,UA,Minor housekeeping issue: warning cones slightly misplaced near a low-traffic walkway. Addressed before the shift ended.,No,Line of Fire,None identified,Positioning awareness,Adequate / Minor Gap,LOW,synthetic
OIL-00729,2025-07-22,Site B - Moran,Housekeeping,UC,"General cleanliness observation: canteen floor was slightly wet near the entrance, mopped promptly. Corrected on the spot.",No,None,None identified,N/A,N/A,LOW,synthetic
OIL-00730,2025-07-23,Site C - Kumchai,Lifting Operations,UC,A shift technician observed faded exclusion-zone markings near the hydraulic line; reported for repainting.,No,Line of Fire,None identified,Signage,Adequate / Minor Gap,LOW,synthetic
OIL-00731,2025-07-23,Site D - Jorajan,Drilling Operations,UA,Rigging sling was found frayed but an operator continued the lift without inspection.,Yes,Safe Mechanical Lifting,Crane instability,Lift plan,Bypassed,MEDIUM,synthetic
OIL-00732,2025-07-23,Site C - Kumchai,Scaffolding,Incident,Guardrails were missing on the platform where an operator was performing inspection work. This was flagged as a high-priority observation.,Yes,Working at Height,Dropped object,Anchor point verification,Failed,HIGH,synthetic
OIL-00733,2025-07-24,Site D - Jorajan,Transportation,UA,A new joinee was working within the swing radius of the excavator without barricading in place. This was flagged as a high-priority observation.,Yes,Line of Fire,Struck by falling/moving object,Signage,Missing,HIGH,synthetic
OIL-00734,2025-07-24,Site B - Moran,Production Operations,UA,A new joinee noted a squeaky door hinge in the changing room; lubricated same day. Noted during the daily safety walk.,No,None,None identified,N/A,N/A,LOW,synthetic
OIL-00735,2025-07-24,Site E - Barekuri Pipeline,Working at Height,UC,"A dropped spanner fell from the platform where a rigger was working, landing near ground crew. This was flagged as a high-priority observation.",Yes,Working at Height,Dropped object,Anchor point verification,Bypassed,HIGH,synthetic
OIL-00736,2025-07-24,Site B - Moran,Drilling Operations,Near Miss,Lift plan paperwork was completed but filed a day late; no impact on the lift itself.,No,Safe Mechanical Lifting,None identified,Lift plan,Adequate / Minor Gap,LOW,synthetic
OIL-00737,2025-07-25,Site E - Barekuri Pipeline,Maintenance,UC,Interlock test was carried out as per schedule with no deviation found. Noted during the daily safety walk.,No,Bypassing Safety Controls,None identified,Permit conditions,Adequate / Minor Gap,LOW,synthetic
OIL-00738,2025-07-27,Site A - Duliajan,Maintenance,UC,Permit to work had a minor clerical omission in the time field; corrected before work start. Logged for routine follow-up.,No,Work Authorisation,None identified,Supervisory authorization,Adequate / Minor Gap,LOW,synthetic
OIL-00739,2025-07-28,Site C - Kumchai,Maintenance,UC,A field engineer observed a torn notice board sheet near the muster point; replaced during rounds.,No,None,None identified,N/A,N/A,LOW,synthetic
OIL-00740,2025-07-28,Site E - Barekuri Pipeline,Housekeeping,Near Miss,A first-aid box in the admin building was found to be missing a few bandages; restocked. No further action required.,No,None,None identified,N/A,N/A,LOW,synthetic
OIL-00741,2025-07-28,Site C - Kumchai,Production Operations,Near Miss,"A maintenance crew member noted the LOTO log entry had a minor formatting error, corrected on the spot.",No,Energy Isolation,None identified,Lockout/Tagout (LOTO),Adequate / Minor Gap,LOW,synthetic
OIL-00742,2025-07-29,Site B - Moran,Housekeeping,UA,Minor housekeeping issue observed near office area; walkway was cluttered with empty boxes.,No,None,None identified,N/A,N/A,LOW,synthetic
OIL-00743,2025-07-30,Site B - Moran,Housekeeping,UA,Fire extinguisher signage in the corridor was found slightly faded; repainting scheduled. No further action required.,No,None,None identified,N/A,N/A,LOW,synthetic
OIL-00744,2025-07-30,Site A - Duliajan,Maintenance,UA,A new joinee observed a torn notice board sheet near the muster point; replaced during rounds. Addressed before the shift ended.,No,None,None identified,N/A,N/A,LOW,synthetic
OIL-00745,2025-07-30,Site A - Duliajan,Production Operations,Near Miss,An operator observed mild clutter of files near the printer station; tidied up.,No,None,None identified,N/A,N/A,LOW,synthetic
OIL-00746,2025-08-01,Site A - Duliajan,Production Operations,UA,Signboard directing to the emergency assembly point was slightly bent; straightened by a third-party worker. Noted during the daily safety walk.,No,None,None identified,N/A,N/A,LOW,synthetic
OIL-00747,2025-08-01,Site C - Kumchai,Transportation,Near Miss,A third-party worker was found using a mobile phone while driving a light vehicle on-site. This was flagged as a high-priority observation.,Yes,Driving,Vehicle collision,Journey management plan,Failed,HIGH,synthetic
OIL-00748,2025-08-01,Site D - Jorajan,Drilling Operations,UC,Permit to work had a minor clerical omission in the time field; corrected before work start.,No,Work Authorisation,None identified,Permit to Work (PTW),Adequate / Minor Gap,LOW,synthetic
OIL-00749,2025-08-02,Site E - Barekuri Pipeline,Lifting Operations,UC,Lift plan paperwork was completed but filed a day late; no impact on the lift itself.,No,Safe Mechanical Lifting,None identified,Load chart compliance,Adequate / Minor Gap,LOW,synthetic
OIL-00750,2025-08-04,Site B - Moran,Housekeeping,UC,Spill of a small quantity of water near the canteen was cleaned up promptly. Corrected on the spot.,No,None,None identified,N/A,N/A,LOW,synthetic
OIL-00751,2025-08-04,Site B - Moran,Maintenance,Near Miss,Minor housekeeping: cables in the office area were not properly bundled.,No,None,None identified,N/A,N/A,LOW,synthetic
OIL-00752,2025-08-04,Site C - Kumchai,Housekeeping,Near Miss,A field engineer observed a torn notice board sheet near the muster point; replaced during rounds. Addressed before the shift ended.,No,None,None identified,N/A,N/A,LOW,synthetic
OIL-00753,2025-08-06,Site C - Kumchai,Production Operations,UA,Spill of a small quantity of water near the canteen was cleaned up promptly.,No,None,None identified,N/A,N/A,LOW,synthetic
OIL-00754,2025-08-08,Site B - Moran,Electrical Work,Near Miss,Isolation tag on the main isolation valve was found slightly faded and needs replacement; work was not affected. Corrected on the spot.,No,Energy Isolation,None identified,Lockout/Tagout (LOTO),Adequate / Minor Gap,LOW,synthetic
OIL-00755,2025-08-09,Site E - Barekuri Pipeline,Housekeeping,Incident,Signboard directing to the emergency assembly point was slightly bent; straightened by a new joinee. Addressed before the shift ended.,No,None,None identified,N/A,N/A,LOW,synthetic
OIL-00756,2025-08-11,Site E - Barekuri Pipeline,Maintenance,UA,Alarm panel indicator light was flickering; replaced during preventive maintenance. No further action required.,No,Bypassing Safety Controls,None identified,Alarm system,Adequate / Minor Gap,LOW,synthetic
OIL-00757,2025-08-11,Site E - Barekuri Pipeline,Confined Space Entry,Incident,Gas testing equipment battery indicator was low but was replaced before any entry occurred.,No,Confined Space,None identified,Gas testing,Adequate / Minor Gap,LOW,synthetic
OIL-00758,2025-08-12,Site D - Jorajan,Maintenance,UA,Permit to work had a minor clerical omission in the time field; corrected before work start.,No,Work Authorisation,None identified,Supervisory authorization,Adequate / Minor Gap,LOW,synthetic
OIL-00759,2025-08-13,Site E - Barekuri Pipeline,Maintenance,Near Miss,An operator overrode the safety interlock on the compressor to continue operations during a fault. No injury occurred.,Yes,Bypassing Safety Controls,Overridden alarm,Permit conditions,Missing,HIGH,synthetic
OIL-00760,2025-08-13,Site B - Moran,Maintenance,Near Miss,Noise from a printer in the office was reported as mildly disruptive.,No,None,None identified,N/A,N/A,LOW,synthetic
OIL-00761,2025-08-13,Site C - Kumchai,Housekeeping,UC,A minor paint peel was noticed on the safety information board near the gas compressor skid. Noted during the daily safety walk.,No,None,None identified,N/A,N/A,LOW,synthetic
OIL-00762,2025-08-14,Site D - Jorajan,Maintenance,UA,Hot work permit was signed but the copy at the site was slightly torn; replaced with new copy.,No,Hot Work,None identified,Fire watch,Adequate / Minor Gap,LOW,synthetic
OIL-00763,2025-08-15,Site B - Moran,Production Operations,UC,Alarm panel indicator light was flickering; replaced during preventive maintenance. No further action required.,No,Bypassing Safety Controls,None identified,Safety guard,Adequate / Minor Gap,LOW,synthetic
OIL-00764,2025-08-19,Site C - Kumchai,Production Operations,UA,A rigger was working within the swing radius of the excavator without barricading in place. Corrective action was raised on the spot.,Yes,Line of Fire,Pressure release,Signage,Missing,HIGH,synthetic
OIL-00765,2025-08-21,Site E - Barekuri Pipeline,Housekeeping,UA,A contract technician reported that the office AC filter needed cleaning. No further action required.,No,None,None identified,N/A,N/A,LOW,synthetic
OIL-00766,2025-08-21,Site B - Moran,Production Operations,UA,Minor housekeeping issue observed near office area; walkway was cluttered with empty boxes. Addressed before the shift ended.,No,None,None identified,N/A,N/A,LOW,synthetic
OIL-00767,2025-08-22,Site E - Barekuri Pipeline,Lifting Operations,Near Miss,Barricade tape near the work area was found loose; retightened without incident. Addressed before the shift ended.,No,Line of Fire,None identified,Positioning awareness,Adequate / Minor Gap,LOW,synthetic
OIL-00768,2025-08-23,Site E - Barekuri Pipeline,Production Operations,Near Miss,A rigger observed a torn notice board sheet near the muster point; replaced during rounds. Logged for routine follow-up.,No,None,None identified,N/A,N/A,LOW,synthetic
OIL-00769,2025-08-24,Site A - Duliajan,Confined Space Entry,UC,Gas testing equipment battery indicator was low but was replaced before any entry occurred. Addressed before the shift ended.,No,Confined Space,None identified,Rescue plan/standby,Adequate / Minor Gap,LOW,synthetic
OIL-00770,2025-08-25,Site E - Barekuri Pipeline,Drilling Operations,Near Miss,Lift plan paperwork was completed but filed a day late; no impact on the lift itself. Addressed before the shift ended.,No,Safe Mechanical Lifting,None identified,Load chart compliance,Adequate / Minor Gap,LOW,synthetic
OIL-00771,2025-08-26,Site A - Duliajan,Production Operations,Near Miss,Alarm panel indicator light was flickering; replaced during preventive maintenance. Noted during the daily safety walk.,No,Bypassing Safety Controls,None identified,Alarm system,Adequate / Minor Gap,LOW,synthetic
OIL-00772,2025-08-26,Site D - Jorajan,Maintenance,UC,Minor housekeeping issue observed near office area; walkway was cluttered with empty boxes. No further action required.,No,None,None identified,N/A,N/A,LOW,synthetic
OIL-00773,2025-08-27,Site E - Barekuri Pipeline,Transportation,Incident,Barricade tape near the work area was found loose; retightened without incident. Addressed before the shift ended.,No,Line of Fire,None identified,Signage,Adequate / Minor Gap,LOW,synthetic
OIL-00774,2025-08-27,Site D - Jorajan,Working at Height,UA,Scaffold tag was found slightly discolored and hard to read; replaced during routine check. Noted during the daily safety walk.,No,Working at Height,None identified,Fall protection/harness,Adequate / Minor Gap,LOW,synthetic
OIL-00775,2025-08-27,Site A - Duliajan,Production Operations,UA,Minor housekeeping issue observed near office area; walkway was cluttered with empty boxes. Logged for routine follow-up.,No,None,None identified,N/A,N/A,LOW,synthetic
OIL-00776,2025-08-27,Site A - Duliajan,Hot Work,UC,Hot work permit was signed but the copy at the site was slightly torn; replaced with new copy. No further action required.,No,Hot Work,None identified,Hot work permit,Adequate / Minor Gap,LOW,synthetic
OIL-00777,2025-08-28,Site D - Jorajan,Housekeeping,UA,Signboard directing to the emergency assembly point was slightly bent; straightened by a shift technician.,No,None,None identified,N/A,N/A,LOW,synthetic
OIL-00778,2025-08-29,Site B - Moran,Maintenance,UC,Fire watch bucket was found half full of sand instead of full; topped up as per checklist. Noted during the daily safety walk.,No,Hot Work,None identified,Fire watch,Adequate / Minor Gap,LOW,synthetic
OIL-00779,2025-08-30,Site B - Moran,Production Operations,UA,A minor paint peel was noticed on the safety information board near the electrical panel. Addressed before the shift ended.,No,None,None identified,N/A,N/A,LOW,synthetic
OIL-00780,2025-08-30,Site B - Moran,Maintenance,Near Miss,A third-party worker entered a storage tank without prior gas testing being completed.,Yes,Confined Space,Oxygen-deficient atmosphere,Continuous atmosphere monitoring,Missing,MEDIUM,synthetic
OIL-00781,2025-08-31,Site A - Duliajan,Production Operations,UA,Risk assessment was not completed before a field engineer began work on the main isolation valve. This was flagged as a high-priority observation.,Yes,Work Authorisation,Unauthorized/uncontrolled work start,Risk assessment / JSA,Bypassed,HIGH,synthetic
OIL-00782,2025-08-31,Site A - Duliajan,Production Operations,UA,A dustbin lid was found broken in the parking area; replacement requested. Corrected on the spot.,No,None,None identified,N/A,N/A,LOW,synthetic
OIL-00783,2025-09-01,Site C - Kumchai,Transportation,UA,A dropped tool fell from height and narrowly missed a contract technician working below on the electrical panel area. Work was stopped immediately once observed.,Yes,Line of Fire,Struck by falling/moving object,Barricading/exclusion zone,Failed,HIGH,synthetic
OIL-00784,2025-09-02,Site C - Kumchai,Working at Height,UC,A shift technician noted a minor gap in toe-board on a low-height platform; corrected same day. Logged for routine follow-up.,No,Working at Height,None identified,Guardrails,Adequate / Minor Gap,LOW,synthetic
OIL-00785,2025-09-02,Site C - Kumchai,Vehicle Movement,UC,Tyre pressure was marginally low on a parked vehicle; corrected during routine check. Logged for routine follow-up.,No,Driving,None identified,Speed compliance,Adequate / Minor Gap,LOW,synthetic
OIL-00786,2025-09-03,Site A - Duliajan,Production Operations,UA,Noise from a printer in the office was reported as mildly disruptive. Addressed before the shift ended.,No,None,None identified,N/A,N/A,LOW,synthetic
OIL-00787,2025-09-04,Site B - Moran,Maintenance,UA,A loose floor tile was noticed by a new joinee in the administrative block corridor. Corrected on the spot.,No,None,None identified,N/A,N/A,LOW,synthetic
OIL-00788,2025-09-04,Site E - Barekuri Pipeline,Maintenance,UA,A loose floor tile was noticed by a third-party worker in the administrative block corridor.,No,None,None identified,N/A,N/A,LOW,synthetic
OIL-00789,2025-09-04,Site D - Jorajan,Excavation,UC,A new joinee observed faded exclusion-zone markings near the pump P-204; reported for repainting. Noted during the daily safety walk.,No,Line of Fire,None identified,Signage,Adequate / Minor Gap,LOW,synthetic
OIL-00790,2025-09-04,Site C - Kumchai,Production Operations,Near Miss,A field engineer positioned themselves in the line of fire while a pressurized hose was being disconnected from the main isolation valve.,Yes,Line of Fire,Pressure release,Suspended load control,Bypassed,HIGH,synthetic
OIL-00791,2025-09-05,Site E - Barekuri Pipeline,Production Operations,UC,A shift technician noted a squeaky door hinge in the changing room; lubricated same day. Addressed before the shift ended.,No,None,None identified,N/A,N/A,LOW,synthetic
OIL-00792,2025-09-05,Site A - Duliajan,Vehicle Movement,UC,Vehicle inspection checklist had a minor missing signature; corrected before dispatch. Logged for routine follow-up.,No,Driving,None identified,Fatigue management,Adequate / Minor Gap,LOW,synthetic
OIL-00793,2025-09-05,Site B - Moran,Production Operations,UC,Minor housekeeping issue observed near office area; walkway was cluttered with empty boxes. No further action required.,No,None,None identified,N/A,N/A,LOW,synthetic
OIL-00794,2025-09-06,Site E - Barekuri Pipeline,Electrical Work,UC,"During pipeline maintenance, the line was not completely isolated before valve removal by an operator.",Yes,Energy Isolation,Electrical shock,Zero-energy check,Missing,HIGH,synthetic
OIL-00795,2025-09-06,Site B - Moran,Production Operations,UC,Signboard directing to the emergency assembly point was slightly bent; straightened by a shift technician. No further action required.,No,None,None identified,N/A,N/A,LOW,synthetic
OIL-00796,2025-09-07,Site B - Moran,Production Operations,Incident,Minor housekeeping issue: warning cones slightly misplaced near a low-traffic walkway. Noted during the daily safety walk.,No,Line of Fire,None identified,Positioning awareness,Adequate / Minor Gap,LOW,synthetic
OIL-00797,2025-09-08,Site B - Moran,Maintenance,UC,Continuous atmosphere monitoring was not maintained while a contract technician worked inside the tank; monitor was left outside.,Yes,Confined Space,Engulfment,Continuous atmosphere monitoring,Bypassed,HIGH,synthetic
OIL-00798,2025-09-09,Site E - Barekuri Pipeline,Hot Work,UA,Fire watch bucket was found half full of sand instead of full; topped up as per checklist. Logged for routine follow-up.,No,Hot Work,None identified,Fire extinguishing equipment on site,Adequate / Minor Gap,LOW,synthetic
OIL-00799,2025-09-10,Site D - Jorajan,Maintenance,UA,"General cleanliness observation: canteen floor was slightly wet near the entrance, mopped promptly. Corrected on the spot.",No,None,None identified,N/A,N/A,LOW,synthetic
OIL-00800,2025-09-12,Site C - Kumchai,Hot Work,UC,Fire watch bucket was found half full of sand instead of full; topped up as per checklist. Logged for routine follow-up.,No,Hot Work,None identified,Fire extinguishing equipment on site,Adequate / Minor Gap,LOW,synthetic
OIL-00801,2025-09-12,Site A - Duliajan,Production Operations,UA,A field engineer reported that the office AC filter needed cleaning. No further action required.,No,None,None identified,N/A,N/A,LOW,synthetic
OIL-00802,2025-09-12,Site D - Jorajan,Maintenance,UA,Hot work permit was signed but the copy at the site was slightly torn; replaced with new copy. No further action required.,No,Hot Work,None identified,Gas testing (flammable atmosphere),Adequate / Minor Gap,LOW,synthetic
OIL-00803,2025-09-13,Site B - Moran,Hot Work,UA,An operator continued welding after the hot work permit had expired.,Yes,Hot Work,Explosion,Gas testing (flammable atmosphere),Failed,MEDIUM,synthetic
OIL-00804,2025-09-13,Site B - Moran,Maintenance,UC,"General cleanliness observation: canteen floor was slightly wet near the entrance, mopped promptly.",No,None,None identified,N/A,N/A,LOW,synthetic
OIL-00805,2025-09-13,Site C - Kumchai,Production Operations,UC,Fire extinguisher signage in the corridor was found slightly faded; repainting scheduled. Noted during the daily safety walk.,No,None,None identified,N/A,N/A,LOW,synthetic
OIL-00806,2025-09-14,Site A - Duliajan,Transportation,UA,Barricade tape near the work area was found loose; retightened without incident. Noted during the daily safety walk.,No,Line of Fire,None identified,Barricading/exclusion zone,Adequate / Minor Gap,LOW,synthetic
OIL-00807,2025-09-14,Site C - Kumchai,Maintenance,Near Miss,A field engineer found the water cooler in the rest area was not working; complaint logged.,No,None,None identified,N/A,N/A,LOW,synthetic
OIL-00808,2025-09-14,Site A - Duliajan,Maintenance,UA,Gas testing equipment battery indicator was low but was replaced before any entry occurred. Logged for routine follow-up.,No,Confined Space,None identified,Confined space entry permit,Adequate / Minor Gap,LOW,synthetic
OIL-00809,2025-09-14,Site B - Moran,Maintenance,Near Miss,Fire watch bucket was found half full of sand instead of full; topped up as per checklist. Noted during the daily safety walk.,No,Hot Work,None identified,Fire extinguishing equipment on site,Adequate / Minor Gap,LOW,synthetic
OIL-00810,2025-09-14,Site B - Moran,Housekeeping,UA,A maintenance crew member was found not wearing safety glasses while filing paperwork in the site office. No further action required.,No,None,None identified,N/A,N/A,LOW,synthetic
OIL-00811,2025-09-16,Site C - Kumchai,Hot Work,UA,Fire watch bucket was found half full of sand instead of full; topped up as per checklist.,No,Hot Work,None identified,Fire watch,Adequate / Minor Gap,LOW,synthetic
OIL-00812,2025-09-16,Site C - Kumchai,Vehicle Movement,UA,A new joinee was found using a mobile phone while driving a light vehicle on-site. Fortunately no one was in the immediate vicinity at the time.,Yes,Driving,Rollover,Seatbelt use,Failed,MEDIUM,synthetic
OIL-00813,2025-09-17,Site B - Moran,Working at Height,UA,Scaffold tag was found slightly discolored and hard to read; replaced during routine check. Noted during the daily safety walk.,No,Working at Height,None identified,Guardrails,Adequate / Minor Gap,LOW,synthetic
OIL-00814,2025-09-18,Site B - Moran,Transportation,UC,Tyre pressure was marginally low on a parked vehicle; corrected during routine check. Corrected on the spot.,No,Driving,None identified,Seatbelt use,Adequate / Minor Gap,LOW,synthetic
OIL-00815,2025-09-18,Site B - Moran,Maintenance,UA,Noise from a printer in the office was reported as mildly disruptive. Logged for routine follow-up.,No,None,None identified,N/A,N/A,LOW,synthetic
OIL-00816,2025-09-18,Site A - Duliajan,Maintenance,UC,A field engineer noted a squeaky door hinge in the changing room; lubricated same day. No further action required.,No,None,None identified,N/A,N/A,LOW,synthetic
OIL-00817,2025-09-19,Site D - Jorajan,Production Operations,Near Miss,A dropped tool fell from height and narrowly missed an operator working below on the wellhead valve assembly area. The activity was halted and the area was made safe.,Yes,Line of Fire,Struck by falling/moving object,Suspended load control,Failed,MEDIUM,synthetic
OIL-00818,2025-09-19,Site D - Jorajan,Lifting Operations,Near Miss,Barricade tape near the work area was found loose; retightened without incident.,No,Line of Fire,None identified,Positioning awareness,Adequate / Minor Gap,LOW,synthetic
OIL-00819,2025-09-20,Site D - Jorajan,Maintenance,UA,Fire extinguisher signage in the corridor was found slightly faded; repainting scheduled. Noted during the daily safety walk.,No,None,None identified,N/A,N/A,LOW,synthetic
OIL-00820,2025-09-22,Site E - Barekuri Pipeline,Production Operations,UA,A maintenance crew member suggested better labeling for stationery cupboards in the office. Addressed before the shift ended.,No,None,None identified,N/A,N/A,LOW,synthetic
OIL-00821,2025-09-22,Site B - Moran,Maintenance,Near Miss,Isolation point signage near the pump P-204 was partially obscured by dust; cleaned during routine round. Logged for routine follow-up.,No,Energy Isolation,None identified,Isolation verification,Adequate / Minor Gap,LOW,synthetic
OIL-00822,2025-09-23,Site C - Kumchai,Drilling Operations,Near Miss,Rigging equipment tag was due for renewal within the week; flagged for scheduling. Noted during the daily safety walk.,No,Safe Mechanical Lifting,None identified,Lift plan,Adequate / Minor Gap,LOW,synthetic
OIL-00823,2025-09-23,Site E - Barekuri Pipeline,Production Operations,UA,Stationery shelf in the site office was found disorganized during a routine walk-through. Logged for routine follow-up.,No,None,None identified,N/A,N/A,LOW,synthetic
OIL-00824,2025-09-24,Site B - Moran,Production Operations,UA,A minor paint peel was noticed on the safety information board near the transformer bay. Addressed before the shift ended.,No,None,None identified,N/A,N/A,LOW,synthetic
OIL-00825,2025-09-24,Site B - Moran,Scaffolding,UA,A third-party worker noted a minor gap in toe-board on a low-height platform; corrected same day. Corrected on the spot.,No,Working at Height,None identified,Guardrails,Adequate / Minor Gap,LOW,synthetic
OIL-00826,2025-09-25,Site C - Kumchai,Drilling Operations,UC,Rigging sling was found frayed but a new joinee continued the lift without inspection. This was flagged as a high-priority observation.,Yes,Safe Mechanical Lifting,Crane instability,Load chart compliance,Failed,HIGH,synthetic
OIL-00827,2025-09-26,Site C - Kumchai,Lifting Operations,UC,A pipe section slipped from rigging and struck the barricade near where a new joinee was standing. Fortunately no one was in the immediate vicinity at the time.,Yes,Line of Fire,Suspended load,Barricading/exclusion zone,Bypassed,MEDIUM,synthetic
OIL-00828,2025-09-26,Site B - Moran,Housekeeping,Near Miss,A shift technician reported a flickering light in the break room; maintenance ticket raised.,No,None,None identified,N/A,N/A,LOW,synthetic
OIL-00829,2025-09-27,Site A - Duliajan,Maintenance,Incident,A minor paint peel was noticed on the safety information board near the pump P-204.,No,None,None identified,N/A,N/A,LOW,synthetic
OIL-00830,2025-09-28,Site E - Barekuri Pipeline,Production Operations,UC,Minor housekeeping issue observed near office area; walkway was cluttered with empty boxes.,No,None,None identified,N/A,N/A,LOW,synthetic
OIL-00831,2025-09-28,Site A - Duliajan,Production Operations,UC,Alarm panel indicator light was flickering; replaced during preventive maintenance. Addressed before the shift ended.,No,Bypassing Safety Controls,None identified,Permit conditions,Adequate / Minor Gap,LOW,synthetic
OIL-00832,2025-09-29,Site B - Moran,Production Operations,UC,An operator was working within the swing radius of the excavator without barricading in place.,Yes,Line of Fire,Struck by falling/moving object,Suspended load control,Bypassed,HIGH,synthetic
OIL-00833,2025-09-29,Site A - Duliajan,Electrical Work,UA,"A shift technician noted the LOTO log entry had a minor formatting error, corrected on the spot. Addressed before the shift ended.",No,Energy Isolation,None identified,Zero-energy check,Adequate / Minor Gap,LOW,synthetic
OIL-00834,2025-09-29,Site C - Kumchai,Maintenance,UA,A rigger suggested better labeling for stationery cupboards in the office. Corrected on the spot.,No,None,None identified,N/A,N/A,LOW,synthetic
OIL-00835,2025-09-29,Site D - Jorajan,Maintenance,UA,An operator carried out grinding work without a valid hot work permit near the main isolation valve.,Yes,Hot Work,Ignition of flammable material,Gas testing (flammable atmosphere),Bypassed,HIGH,synthetic
OIL-00836,2025-09-30,Site A - Duliajan,Transportation,UC,An operator observed faded exclusion-zone markings near the transformer bay; reported for repainting. Corrected on the spot.,No,Line of Fire,None identified,Signage,Adequate / Minor Gap,LOW,synthetic
OIL-00837,2025-09-30,Site B - Moran,Housekeeping,UA,A third-party worker found the water cooler in the rest area was not working; complaint logged. Noted during the daily safety walk.,No,None,None identified,N/A,N/A,LOW,synthetic
OIL-00838,2025-10-02,Site D - Jorajan,Production Operations,Near Miss,A maintenance crew member reported that the office AC filter needed cleaning. Noted during the daily safety walk.,No,None,None identified,N/A,N/A,LOW,synthetic
OIL-00839,2025-10-03,Site E - Barekuri Pipeline,Housekeeping,UA,A shift technician observed a torn notice board sheet near the muster point; replaced during rounds. No further action required.,No,None,None identified,N/A,N/A,LOW,synthetic
OIL-00840,2025-10-04,Site C - Kumchai,Vehicle Movement,UA,Tyre pressure was marginally low on a parked vehicle; corrected during routine check.,No,Driving,None identified,Fatigue management,Adequate / Minor Gap,LOW,synthetic
OIL-00841,2025-10-04,Site E - Barekuri Pipeline,Lifting Operations,UC,Minor housekeeping issue: warning cones slightly misplaced near a low-traffic walkway. Corrected on the spot.,No,Line of Fire,None identified,Signage,Adequate / Minor Gap,LOW,synthetic
OIL-00842,2025-10-04,Site D - Jorajan,Production Operations,UA,JSA document was signed but missing one supervisor initial; obtained same shift. Logged for routine follow-up.,No,Work Authorisation,None identified,Supervisory authorization,Adequate / Minor Gap,LOW,synthetic
OIL-00843,2025-10-05,Site D - Jorajan,Production Operations,UA,A new joinee bypassed the LOTO tag and re-energized the gas compressor skid while another crew was still working on it.,Yes,Energy Isolation,Unexpected energy release,Isolation verification,Missing,HIGH,synthetic
OIL-00844,2025-10-05,Site E - Barekuri Pipeline,Working at Height,UA,A contract technician noted a minor gap in toe-board on a low-height platform; corrected same day.,No,Working at Height,None identified,Scaffold inspection tag,Adequate / Minor Gap,LOW,synthetic
OIL-00845,2025-10-05,Site C - Kumchai,Maintenance,UC,An operator reported a flickering light in the break room; maintenance ticket raised. Addressed before the shift ended.,No,None,None identified,N/A,N/A,LOW,synthetic
OIL-00846,2025-10-07,Site D - Jorajan,Production Operations,UA,A shift technician reported that the office AC filter needed cleaning. Addressed before the shift ended.,No,None,None identified,N/A,N/A,LOW,synthetic
OIL-00847,2025-10-07,Site A - Duliajan,Production Operations,UA,Barricade tape near the work area was found loose; retightened without incident. Logged for routine follow-up.,No,Line of Fire,None identified,Positioning awareness,Adequate / Minor Gap,LOW,synthetic
OIL-00848,2025-10-07,Site E - Barekuri Pipeline,Transportation,UA,Tyre pressure was marginally low on a parked vehicle; corrected during routine check.,No,Driving,None identified,Journey management plan,Adequate / Minor Gap,LOW,synthetic
OIL-00849,2025-10-08,Site A - Duliajan,Maintenance,Incident,Stationery shelf in the site office was found disorganized during a routine walk-through.,No,None,None identified,N/A,N/A,LOW,synthetic
OIL-00850,2025-10-09,Site E - Barekuri Pipeline,Scaffolding,UC,A contract technician noted a minor gap in toe-board on a low-height platform; corrected same day. Corrected on the spot.,No,Working at Height,None identified,Scaffold inspection tag,Adequate / Minor Gap,LOW,synthetic
OIL-00851,2025-10-09,Site D - Jorajan,Maintenance,UC,A maintenance crew member observed mild clutter of files near the printer station; tidied up. Addressed before the shift ended.,No,None,None identified,N/A,N/A,LOW,synthetic
OIL-00852,2025-10-10,Site D - Jorajan,Production Operations,UA,Signboard directing to the emergency assembly point was slightly bent; straightened by a maintenance crew member. Logged for routine follow-up.,No,None,None identified,N/A,N/A,LOW,synthetic
OIL-00853,2025-10-12,Site E - Barekuri Pipeline,Working at Height,UC,A third-party worker noted a minor gap in toe-board on a low-height platform; corrected same day.,No,Working at Height,None identified,Fall protection/harness,Adequate / Minor Gap,LOW,synthetic
OIL-00854,2025-10-12,Site A - Duliajan,Production Operations,UA,LOTO was not applied before a new joinee attempted to remove a valve on the compressor unit; potential for unexpected energy release. This was flagged as a high-priority observation.,Yes,Energy Isolation,Unexpected energy release,Lockout/Tagout (LOTO),Failed,HIGH,synthetic
OIL-00855,2025-10-13,Site A - Duliajan,Electrical Work,UA,Isolation certificate was not issued but a shift technician proceeded to open the gas compressor skid for inspection.,Yes,Energy Isolation,Stored/residual energy,Isolation verification,Missing,HIGH,synthetic
OIL-00856,2025-10-13,Site A - Duliajan,Production Operations,UC,"During pipeline maintenance, the line was not completely isolated before valve removal by a rigger. Work was stopped immediately once observed.",Yes,Energy Isolation,Electrical shock,Lockout/Tagout (LOTO),Failed,MEDIUM,synthetic
OIL-00857,2025-10-15,Site A - Duliajan,Maintenance,UC,A field engineer observed mild clutter of files near the printer station; tidied up. No further action required.,No,None,None identified,N/A,N/A,LOW,synthetic
OIL-00858,2025-10-16,Site E - Barekuri Pipeline,Housekeeping,UC,Noise from a printer in the office was reported as mildly disruptive.,No,None,None identified,N/A,N/A,LOW,synthetic
OIL-00859,2025-10-17,Site E - Barekuri Pipeline,Drilling Operations,UA,JSA document was signed but missing one supervisor initial; obtained same shift. Logged for routine follow-up.,No,Work Authorisation,None identified,Supervisory authorization,Adequate / Minor Gap,LOW,synthetic
OIL-00860,2025-10-18,Site B - Moran,Transportation,UC,Barricade tape near the work area was found loose; retightened without incident. Logged for routine follow-up.,No,Line of Fire,None identified,Positioning awareness,Adequate / Minor Gap,LOW,synthetic
OIL-00861,2025-10-19,Site C - Kumchai,Maintenance,UA,"A third-party worker noted the LOTO log entry had a minor formatting error, corrected on the spot. Noted during the daily safety walk.",No,Energy Isolation,None identified,Lockout/Tagout (LOTO),Adequate / Minor Gap,LOW,synthetic
OIL-00862,2025-10-19,Site B - Moran,Maintenance,UC,JSA document was signed but missing one supervisor initial; obtained same shift.,No,Work Authorisation,None identified,Risk assessment / JSA,Adequate / Minor Gap,LOW,synthetic
OIL-00863,2025-10-20,Site A - Duliajan,Housekeeping,UC,A rigger was found not wearing safety glasses while filing paperwork in the site office. Logged for routine follow-up.,No,None,None identified,N/A,N/A,LOW,synthetic
OIL-00864,2025-10-20,Site C - Kumchai,Housekeeping,UC,Minor housekeeping: cables in the office area were not properly bundled. Logged for routine follow-up.,No,None,None identified,N/A,N/A,LOW,synthetic
OIL-00865,2025-10-21,Site E - Barekuri Pipeline,Maintenance,UA,A minor paint peel was noticed on the safety information board near the pump P-204. Corrected on the spot.,No,None,None identified,N/A,N/A,LOW,synthetic
OIL-00866,2025-10-21,Site E - Barekuri Pipeline,Maintenance,UA,An alarm on the main isolation valve was silenced by a third-party worker without investigating the cause. Fortunately no one was in the immediate vicinity at the time.,Yes,Bypassing Safety Controls,Disabled safety interlock,Interlock system,Bypassed,HIGH,synthetic
OIL-00867,2025-10-21,Site D - Jorajan,Confined Space Entry,Near Miss,Continuous atmosphere monitoring was not maintained while a field engineer worked inside the tank; monitor was left outside. Fortunately no one was in the immediate vicinity at the time.,Yes,Confined Space,Toxic atmosphere,Continuous atmosphere monitoring,Missing,HIGH,synthetic
OIL-00868,2025-10-25,Site A - Duliajan,Housekeeping,Incident,"General cleanliness observation: canteen floor was slightly wet near the entrance, mopped promptly. No further action required.",No,None,None identified,N/A,N/A,LOW,synthetic
OIL-00869,2025-10-27,Site A - Duliajan,Working at Height,Near Miss,Scaffold tag was found slightly discolored and hard to read; replaced during routine check. Noted during the daily safety walk.,No,Working at Height,None identified,Scaffold inspection tag,Adequate / Minor Gap,LOW,synthetic
OIL-00870,2025-10-29,Site E - Barekuri Pipeline,Confined Space Entry,UA,"Confined space permit paperwork had a minor date entry error, corrected before entry. Logged for routine follow-up.",No,Confined Space,None identified,Gas testing,Adequate / Minor Gap,LOW,synthetic
OIL-00871,2025-10-30,Site E - Barekuri Pipeline,Production Operations,Incident,Permit to work had a minor clerical omission in the time field; corrected before work start.,No,Work Authorisation,None identified,Supervisory authorization,Adequate / Minor Gap,LOW,synthetic
OIL-00872,2025-10-30,Site A - Duliajan,Maintenance,UA,Isolation certificate was not issued but an operator proceeded to open the wellhead valve assembly for inspection. This was flagged as a high-priority observation.,Yes,Energy Isolation,Unexpected energy release,Zero-energy check,Bypassed,HIGH,synthetic
OIL-00873,2025-11-01,Site D - Jorajan,Housekeeping,UA,A maintenance crew member found the water cooler in the rest area was not working; complaint logged.,No,None,None identified,N/A,N/A,LOW,synthetic
OIL-00874,2025-11-02,Site D - Jorajan,Drilling Operations,UA,Lift plan paperwork was completed but filed a day late; no impact on the lift itself. Noted during the daily safety walk.,No,Safe Mechanical Lifting,None identified,Lift plan,Adequate / Minor Gap,LOW,synthetic
OIL-00875,2025-11-02,Site C - Kumchai,Housekeeping,Near Miss,Spill of a small quantity of water near the canteen was cleaned up promptly. Addressed before the shift ended.,No,None,None identified,N/A,N/A,LOW,synthetic
OIL-00876,2025-11-02,Site C - Kumchai,Maintenance,UC,Signboard directing to the emergency assembly point was slightly bent; straightened by a contract technician. Logged for routine follow-up.,No,None,None identified,N/A,N/A,LOW,synthetic
OIL-00877,2025-11-02,Site C - Kumchai,Maintenance,Near Miss,No fire extinguisher was available at the hot work location where a rigger was cutting pipe. This was flagged as a high-priority observation.,Yes,Hot Work,Fire,Fire extinguishing equipment on site,Bypassed,MEDIUM,synthetic
OIL-00878,2025-11-03,Site A - Duliajan,Electrical Work,UC,"A field engineer began repair work on the hydraulic line without confirming zero-energy state, panel was later found live. No injury occurred.",Yes,Energy Isolation,Unexpected energy release,Lockout/Tagout (LOTO),Missing,HIGH,synthetic
OIL-00879,2025-11-03,Site D - Jorajan,Lifting Operations,UA,Rigging equipment tag was due for renewal within the week; flagged for scheduling. Logged for routine follow-up.,No,Safe Mechanical Lifting,None identified,Load chart compliance,Adequate / Minor Gap,LOW,synthetic
OIL-00880,2025-11-04,Site E - Barekuri Pipeline,Maintenance,Near Miss,"Confined space permit paperwork had a minor date entry error, corrected before entry. Noted during the daily safety walk.",No,Confined Space,None identified,Rescue plan/standby,Adequate / Minor Gap,LOW,synthetic
OIL-00881,2025-11-04,Site A - Duliajan,Electrical Work,UC,A rigger bypassed the LOTO tag and re-energized the gas compressor skid while another crew was still working on it.,Yes,Energy Isolation,Stored/residual energy,Zero-energy check,Bypassed,HIGH,synthetic
OIL-00882,2025-11-04,Site D - Jorajan,Drilling Operations,UA,Lift plan paperwork was completed but filed a day late; no impact on the lift itself. No further action required.,No,Safe Mechanical Lifting,None identified,Rigging inspection,Adequate / Minor Gap,LOW,synthetic
OIL-00883,2025-11-05,Site A - Duliajan,Maintenance,Near Miss,"General cleanliness observation: canteen floor was slightly wet near the entrance, mopped promptly.",No,None,None identified,N/A,N/A,LOW,synthetic
OIL-00884,2025-11-06,Site D - Jorajan,Lifting Operations,UC,Lift plan paperwork was completed but filed a day late; no impact on the lift itself. No further action required.,No,Safe Mechanical Lifting,None identified,Competent rigger/banksman,Adequate / Minor Gap,LOW,synthetic
OIL-00885,2025-11-06,Site C - Kumchai,Maintenance,UC,A rigger was found not wearing safety glasses while filing paperwork in the site office. Addressed before the shift ended.,No,None,None identified,N/A,N/A,LOW,synthetic
OIL-00886,2025-11-07,Site E - Barekuri Pipeline,Housekeeping,Near Miss,A third-party worker observed a torn notice board sheet near the muster point; replaced during rounds.,No,None,None identified,N/A,N/A,LOW,synthetic
OIL-00887,2025-11-07,Site B - Moran,Drilling Operations,UA,Lifting was carried out by a third-party worker without a documented lift plan for a heavy load near the compressor unit. This was flagged as a high-priority observation.,Yes,Safe Mechanical Lifting,Crane instability,Lift plan,Bypassed,HIGH,synthetic
OIL-00888,2025-11-07,Site D - Jorajan,Maintenance,UA,Minor housekeeping: cables in the office area were not properly bundled. Addressed before the shift ended.,No,None,None identified,N/A,N/A,LOW,synthetic
OIL-00889,2025-11-08,Site E - Barekuri Pipeline,Maintenance,UC,A field engineer observed a torn notice board sheet near the muster point; replaced during rounds. Addressed before the shift ended.,No,None,None identified,N/A,N/A,LOW,synthetic
OIL-00890,2025-11-08,Site B - Moran,Hot Work,Near Miss,Hot work permit was signed but the copy at the site was slightly torn; replaced with new copy. Corrected on the spot.,No,Hot Work,None identified,Hot work permit,Adequate / Minor Gap,LOW,synthetic
OIL-00891,2025-11-08,Site E - Barekuri Pipeline,Production Operations,UC,Spill of a small quantity of water near the canteen was cleaned up promptly. Noted during the daily safety walk.,No,None,None identified,N/A,N/A,LOW,synthetic
OIL-00892,2025-11-09,Site C - Kumchai,Maintenance,UC,Permit to work had a minor clerical omission in the time field; corrected before work start. Logged for routine follow-up.,No,Work Authorisation,None identified,Permit to Work (PTW),Adequate / Minor Gap,LOW,synthetic
OIL-00893,2025-11-09,Site A - Duliajan,Production Operations,UC,JSA document was signed but missing one supervisor initial; obtained same shift. Noted during the daily safety walk.,No,Work Authorisation,None identified,Supervisory authorization,Adequate / Minor Gap,LOW,synthetic
OIL-00894,2025-11-13,Site B - Moran,Confined Space Entry,UC,Gas testing equipment battery indicator was low but was replaced before any entry occurred.,No,Confined Space,None identified,Confined space entry permit,Adequate / Minor Gap,LOW,synthetic
OIL-00895,2025-11-14,Site C - Kumchai,Excavation,UA,A new joinee was standing directly beneath a suspended load during a lifting operation near the hydraulic line. Fortunately no one was in the immediate vicinity at the time.,Yes,Line of Fire,Struck by falling/moving object,Signage,Missing,MEDIUM,synthetic
OIL-00896,2025-11-15,Site D - Jorajan,Production Operations,UA,A rigger reported a flickering light in the break room; maintenance ticket raised. No further action required.,No,None,None identified,N/A,N/A,LOW,synthetic
OIL-00897,2025-11-15,Site C - Kumchai,Transportation,UA,Barricade tape near the work area was found loose; retightened without incident. Corrected on the spot.,No,Line of Fire,None identified,Barricading/exclusion zone,Adequate / Minor Gap,LOW,synthetic
OIL-00898,2025-11-16,Site E - Barekuri Pipeline,Production Operations,UC,Interlock test was carried out as per schedule with no deviation found.,No,Bypassing Safety Controls,None identified,Alarm system,Adequate / Minor Gap,LOW,synthetic
OIL-00899,2025-11-16,Site B - Moran,Maintenance,Near Miss,Confined space entry permit was not obtained before a contract technician entered the vessel for inspection. Fortunately no one was in the immediate vicinity at the time.,Yes,Confined Space,Entrapment,Rescue plan/standby,Bypassed,HIGH,synthetic
OIL-00900,2025-11-18,Site D - Jorajan,Production Operations,UA,Minor housekeeping: cables in the office area were not properly bundled.,No,None,None identified,N/A,N/A,LOW,synthetic
OIL-00901,2025-11-18,Site D - Jorajan,Production Operations,UC,Barricade tape near the work area was found loose; retightened without incident.,No,Line of Fire,None identified,Suspended load control,Adequate / Minor Gap,LOW,synthetic
OIL-00902,2025-11-20,Site B - Moran,Vehicle Movement,UC,Vehicle inspection checklist had a minor missing signature; corrected before dispatch.,No,Driving,None identified,Fatigue management,Adequate / Minor Gap,LOW,synthetic
OIL-00903,2025-11-20,Site D - Jorajan,Production Operations,UA,A rigger observed mild clutter of files near the printer station; tidied up.,No,None,None identified,N/A,N/A,LOW,synthetic
OIL-00904,2025-11-21,Site E - Barekuri Pipeline,Drilling Operations,UA,Rigging equipment tag was due for renewal within the week; flagged for scheduling. Noted during the daily safety walk.,No,Safe Mechanical Lifting,None identified,Competent rigger/banksman,Adequate / Minor Gap,LOW,synthetic
OIL-00905,2025-11-22,Site B - Moran,Vehicle Movement,Near Miss,Vehicle inspection checklist had a minor missing signature; corrected before dispatch. Corrected on the spot.,No,Driving,None identified,Seatbelt use,Adequate / Minor Gap,LOW,synthetic
OIL-00906,2025-11-22,Site C - Kumchai,Maintenance,UC,"Confined space permit paperwork had a minor date entry error, corrected before entry. Addressed before the shift ended.",No,Confined Space,None identified,Continuous atmosphere monitoring,Adequate / Minor Gap,LOW,synthetic
OIL-00907,2025-11-24,Site A - Duliajan,Maintenance,UA,A maintenance crew member suggested better labeling for stationery cupboards in the office. Corrected on the spot.,No,None,None identified,N/A,N/A,LOW,synthetic
OIL-00908,2025-11-25,Site E - Barekuri Pipeline,Production Operations,UC,A rigger noted a squeaky door hinge in the changing room; lubricated same day.,No,None,None identified,N/A,N/A,LOW,synthetic
OIL-00909,2025-11-26,Site E - Barekuri Pipeline,Maintenance,UA,A loose floor tile was noticed by a contract technician in the administrative block corridor. Logged for routine follow-up.,No,None,None identified,N/A,N/A,LOW,synthetic
OIL-00910,2025-11-27,Site C - Kumchai,Production Operations,Near Miss,Stationery shelf in the site office was found disorganized during a routine walk-through. Addressed before the shift ended.,No,None,None identified,N/A,N/A,LOW,synthetic
OIL-00911,2025-11-28,Site B - Moran,Electrical Work,UA,"A contract technician noted the LOTO log entry had a minor formatting error, corrected on the spot. Addressed before the shift ended.",No,Energy Isolation,None identified,Isolation verification,Adequate / Minor Gap,LOW,synthetic
OIL-00912,2025-11-29,Site D - Jorajan,Production Operations,Near Miss,A contract technician noted a squeaky door hinge in the changing room; lubricated same day. Noted during the daily safety walk.,No,None,None identified,N/A,N/A,LOW,synthetic
OIL-00913,2025-11-29,Site D - Jorajan,Vehicle Movement,UA,A field engineer was observed driving a site vehicle without wearing a seatbelt on an active road. The activity was halted and the area was made safe.,Yes,Driving,Rollover,Fatigue management,Missing,HIGH,synthetic
OIL-00914,2025-11-29,Site A - Duliajan,Vehicle Movement,Near Miss,Vehicle inspection checklist had a minor missing signature; corrected before dispatch.,No,Driving,None identified,Fatigue management,Adequate / Minor Gap,LOW,synthetic
OIL-00915,2025-11-30,Site A - Duliajan,Maintenance,UC,Minor housekeeping: cables in the office area were not properly bundled. Noted during the daily safety walk.,No,None,None identified,N/A,N/A,LOW,synthetic
OIL-00916,2025-11-30,Site A - Duliajan,Maintenance,UA,Isolation tag on the gas compressor skid was found slightly faded and needs replacement; work was not affected.,No,Energy Isolation,None identified,Zero-energy check,Adequate / Minor Gap,LOW,synthetic
OIL-00917,2025-11-30,Site E - Barekuri Pipeline,Housekeeping,UA,A field engineer was found not wearing safety glasses while filing paperwork in the site office.,No,None,None identified,N/A,N/A,LOW,synthetic
OIL-00918,2025-12-01,Site E - Barekuri Pipeline,Production Operations,UC,An operator reported that the office AC filter needed cleaning. Logged for routine follow-up.,No,None,None identified,N/A,N/A,LOW,synthetic
OIL-00919,2025-12-01,Site B - Moran,Housekeeping,Near Miss,An operator reported a flickering light in the break room; maintenance ticket raised. Noted during the daily safety walk.,No,None,None identified,N/A,N/A,LOW,synthetic
OIL-00920,2025-12-03,Site E - Barekuri Pipeline,Housekeeping,Near Miss,Fire extinguisher signage in the corridor was found slightly faded; repainting scheduled. Logged for routine follow-up.,No,None,None identified,N/A,N/A,LOW,synthetic
OIL-00921,2025-12-05,Site B - Moran,Maintenance,Incident,Alarm panel indicator light was flickering; replaced during preventive maintenance. Addressed before the shift ended.,No,Bypassing Safety Controls,None identified,Permit conditions,Adequate / Minor Gap,LOW,synthetic
OIL-00922,2025-12-05,Site B - Moran,Lifting Operations,Near Miss,Rigging equipment tag was due for renewal within the week; flagged for scheduling. Noted during the daily safety walk.,No,Safe Mechanical Lifting,None identified,Lift plan,Adequate / Minor Gap,LOW,synthetic
OIL-00923,2025-12-06,Site A - Duliajan,Vehicle Movement,UA,Vehicle inspection checklist had a minor missing signature; corrected before dispatch. Noted during the daily safety walk.,No,Driving,None identified,Fatigue management,Adequate / Minor Gap,LOW,synthetic
OIL-00924,2025-12-06,Site E - Barekuri Pipeline,Maintenance,UC,Fire watch bucket was found half full of sand instead of full; topped up as per checklist. No further action required.,No,Hot Work,None identified,Fire extinguishing equipment on site,Adequate / Minor Gap,LOW,synthetic
OIL-00925,2025-12-06,Site D - Jorajan,Maintenance,UC,JSA document was signed but missing one supervisor initial; obtained same shift. Corrected on the spot.,No,Work Authorisation,None identified,Permit to Work (PTW),Adequate / Minor Gap,LOW,synthetic
OIL-00926,2025-12-06,Site B - Moran,Excavation,UA,Barricade tape near the work area was found loose; retightened without incident.,No,Line of Fire,None identified,Positioning awareness,Adequate / Minor Gap,LOW,synthetic
OIL-00927,2025-12-07,Site D - Jorajan,Production Operations,Near Miss,A third-party worker overrode the safety interlock on the compressor to continue operations during a fault.,Yes,Bypassing Safety Controls,Overridden alarm,Safety guard,Failed,MEDIUM,synthetic
OIL-00928,2025-12-09,Site A - Duliajan,Maintenance,UA,Isolation point signage near the hydraulic line was partially obscured by dust; cleaned during routine round. Noted during the daily safety walk.,No,Energy Isolation,None identified,Isolation certificate,Adequate / Minor Gap,LOW,synthetic
OIL-00929,2025-12-09,Site C - Kumchai,Maintenance,UA,An operator noted a squeaky door hinge in the changing room; lubricated same day. Corrected on the spot.,No,None,None identified,N/A,N/A,LOW,synthetic
OIL-00930,2025-12-10,Site E - Barekuri Pipeline,Transportation,UC,Tyre pressure was marginally low on a parked vehicle; corrected during routine check. No further action required.,No,Driving,None identified,Speed compliance,Adequate / Minor Gap,LOW,synthetic
OIL-00931,2025-12-11,Site D - Jorajan,Lifting Operations,Near Miss,No competent banksman was present while a rigger directed a crane lift. This was flagged as a high-priority observation.,Yes,Safe Mechanical Lifting,Crane instability,Load chart compliance,Failed,HIGH,synthetic
OIL-00932,2025-12-12,Site E - Barekuri Pipeline,Excavation,UC,Barricade tape near the work area was found loose; retightened without incident. Addressed before the shift ended.,No,Line of Fire,None identified,Suspended load control,Adequate / Minor Gap,LOW,synthetic
OIL-00933,2025-12-12,Site A - Duliajan,Housekeeping,Near Miss,A first-aid box in the admin building was found to be missing a few bandages; restocked. No further action required.,No,None,None identified,N/A,N/A,LOW,synthetic
OIL-00934,2025-12-12,Site D - Jorajan,Hot Work,UA,No fire extinguisher was available at the hot work location where a field engineer was cutting pipe. Corrective action was raised on the spot.,Yes,Hot Work,Fire,Fire watch,Failed,MEDIUM,synthetic
OIL-00935,2025-12-12,Site D - Jorajan,Hot Work,Near Miss,An operator carried out grinding work without a valid hot work permit near the gas compressor skid. The activity was halted and the area was made safe.,Yes,Hot Work,Explosion,Gas testing (flammable atmosphere),Bypassed,HIGH,synthetic
OIL-00936,2025-12-14,Site C - Kumchai,Production Operations,UA,Fire extinguisher signage in the corridor was found slightly faded; repainting scheduled. Addressed before the shift ended.,No,None,None identified,N/A,N/A,LOW,synthetic
OIL-00937,2025-12-15,Site B - Moran,Maintenance,Near Miss,Minor housekeeping issue observed near office area; walkway was cluttered with empty boxes.,No,None,None identified,N/A,N/A,LOW,synthetic
OIL-00938,2025-12-16,Site C - Kumchai,Transportation,UA,A pipe section slipped from rigging and struck the barricade near where a field engineer was standing. Corrective action was raised on the spot.,Yes,Line of Fire,Pressure release,Signage,Failed,MEDIUM,synthetic
OIL-00939,2025-12-16,Site E - Barekuri Pipeline,Housekeeping,Incident,Noise from a printer in the office was reported as mildly disruptive.,No,None,None identified,N/A,N/A,LOW,synthetic
OIL-00940,2025-12-17,Site C - Kumchai,Production Operations,UA,A minor paint peel was noticed on the safety information board near the main isolation valve. Addressed before the shift ended.,No,None,None identified,N/A,N/A,LOW,synthetic
OIL-00941,2025-12-18,Site E - Barekuri Pipeline,Production Operations,UC,Minor housekeeping issue: warning cones slightly misplaced near a low-traffic walkway.,No,Line of Fire,None identified,Positioning awareness,Adequate / Minor Gap,LOW,synthetic
OIL-00942,2025-12-18,Site A - Duliajan,Production Operations,UC,Signboard directing to the emergency assembly point was slightly bent; straightened by an operator. Logged for routine follow-up.,No,None,None identified,N/A,N/A,LOW,synthetic
OIL-00943,2025-12-18,Site E - Barekuri Pipeline,Maintenance,UA,Noise from a printer in the office was reported as mildly disruptive. No further action required.,No,None,None identified,N/A,N/A,LOW,synthetic
OIL-00944,2025-12-19,Site B - Moran,Excavation,UA,A contract technician observed faded exclusion-zone markings near the gas compressor skid; reported for repainting.,No,Line of Fire,None identified,Barricading/exclusion zone,Adequate / Minor Gap,LOW,synthetic
OIL-00945,2025-12-19,Site D - Jorajan,Hot Work,Near Miss,Hot work was started by a contract technician without gas testing the surrounding area for flammable vapors.,Yes,Hot Work,Explosion,Fire watch,Bypassed,MEDIUM,synthetic
OIL-00946,2025-12-20,Site D - Jorajan,Housekeeping,Incident,Noise from a printer in the office was reported as mildly disruptive. No further action required.,No,None,None identified,N/A,N/A,LOW,synthetic
OIL-00947,2025-12-20,Site E - Barekuri Pipeline,Maintenance,UA,A contract technician observed a torn notice board sheet near the muster point; replaced during rounds. Noted during the daily safety walk.,No,None,None identified,N/A,N/A,LOW,synthetic
OIL-00948,2025-12-21,Site B - Moran,Electrical Work,Near Miss,"During pipeline maintenance, the line was not completely isolated before valve removal by a contract technician. This was flagged as a high-priority observation.",Yes,Energy Isolation,Unexpected energy release,Isolation verification,Bypassed,MEDIUM,synthetic
OIL-00949,2025-12-23,Site C - Kumchai,Maintenance,UC,A dustbin lid was found broken in the parking area; replacement requested. Addressed before the shift ended.,No,None,None identified,N/A,N/A,LOW,synthetic
OIL-00950,2025-12-23,Site D - Jorajan,Maintenance,UC,A third-party worker carried out grinding work without a valid hot work permit near the transformer bay. No injury occurred.,Yes,Hot Work,Explosion,Fire extinguishing equipment on site,Failed,HIGH,synthetic
OIL-00951,2025-12-25,Site A - Duliajan,Confined Space Entry,UA,Continuous atmosphere monitoring was not maintained while a new joinee worked inside the tank; monitor was left outside. This was flagged as a high-priority observation.,Yes,Confined Space,Entrapment,Gas testing,Missing,HIGH,synthetic
OIL-00952,2025-12-25,Site B - Moran,Maintenance,UC,Gas testing equipment battery indicator was low but was replaced before any entry occurred. Corrected on the spot.,No,Confined Space,None identified,Gas testing,Adequate / Minor Gap,LOW,synthetic
OIL-00953,2025-12-26,Site C - Kumchai,Maintenance,UA,A contract technician overrode the safety interlock on the compressor to continue operations during a fault. No injury occurred.,Yes,Bypassing Safety Controls,Removed machine guard,Alarm system,Missing,HIGH,synthetic
OIL-00954,2025-12-29,Site C - Kumchai,Drilling Operations,UA,Permit to work had a minor clerical omission in the time field; corrected before work start.,No,Work Authorisation,None identified,Supervisory authorization,Adequate / Minor Gap,LOW,synthetic
OIL-00955,2025-12-30,Site D - Jorajan,Production Operations,Near Miss,Isolation point signage near the hydraulic line was partially obscured by dust; cleaned during routine round. Addressed before the shift ended.,No,Energy Isolation,None identified,Isolation verification,Adequate / Minor Gap,LOW,synthetic
OIL-00956,2025-12-30,Site C - Kumchai,Working at Height,Near Miss,A shift technician noted a minor gap in toe-board on a low-height platform; corrected same day.,No,Working at Height,None identified,Guardrails,Adequate / Minor Gap,LOW,synthetic
OIL-00957,2025-12-31,Site D - Jorajan,Production Operations,UC,A minor paint peel was noticed on the safety information board near the hydraulic line. Addressed before the shift ended.,No,None,None identified,N/A,N/A,LOW,synthetic
OIL-00958,2026-01-01,Site C - Kumchai,Vehicle Movement,Near Miss,A field engineer was found using a mobile phone while driving a light vehicle on-site. This was flagged as a high-priority observation.,Yes,Driving,Pedestrian strike,Seatbelt use,Missing,MEDIUM,synthetic
OIL-00959,2026-01-01,Site E - Barekuri Pipeline,Excavation,UA,Barricade tape near the work area was found loose; retightened without incident. Noted during the daily safety walk.,No,Line of Fire,None identified,Positioning awareness,Adequate / Minor Gap,LOW,synthetic
OIL-00960,2026-01-02,Site C - Kumchai,Housekeeping,UA,Minor housekeeping: cables in the office area were not properly bundled. Noted during the daily safety walk.,No,None,None identified,N/A,N/A,LOW,synthetic
OIL-00961,2026-01-03,Site A - Duliajan,Maintenance,UA,Isolation tag on the hydraulic line was found slightly faded and needs replacement; work was not affected. Logged for routine follow-up.,No,Energy Isolation,None identified,Isolation verification,Adequate / Minor Gap,LOW,synthetic
OIL-00962,2026-01-03,Site E - Barekuri Pipeline,Hot Work,UA,Hot work permit was signed but the copy at the site was slightly torn; replaced with new copy. Logged for routine follow-up.,No,Hot Work,None identified,Hot work permit,Adequate / Minor Gap,LOW,synthetic
OIL-00963,2026-01-05,Site D - Jorajan,Production Operations,UC,A maintenance crew member reported that the office AC filter needed cleaning. Corrected on the spot.,No,None,None identified,N/A,N/A,LOW,synthetic
OIL-00964,2026-01-05,Site C - Kumchai,Housekeeping,UC,A third-party worker suggested better labeling for stationery cupboards in the office.,No,None,None identified,N/A,N/A,LOW,synthetic
OIL-00965,2026-01-05,Site B - Moran,Production Operations,UC,A rigger reported that the office AC filter needed cleaning. Logged for routine follow-up.,No,None,None identified,N/A,N/A,LOW,synthetic
OIL-00966,2026-01-06,Site B - Moran,Vehicle Movement,UC,Journey management plan was not filed before an operator undertook a long-distance site transfer.,Yes,Driving,Rollover,Journey management plan,Missing,MEDIUM,synthetic
OIL-00967,2026-01-06,Site E - Barekuri Pipeline,Confined Space Entry,UC,Continuous atmosphere monitoring was not maintained while a shift technician worked inside the tank; monitor was left outside. The activity was halted and the area was made safe.,Yes,Confined Space,Entrapment,Gas testing,Bypassed,HIGH,synthetic
OIL-00968,2026-01-06,Site C - Kumchai,Maintenance,UC,Risk assessment was not completed before a contract technician began work on the pump P-204.,Yes,Work Authorisation,Unauthorized/uncontrolled work start,Permit to Work (PTW),Bypassed,HIGH,synthetic
OIL-00969,2026-01-08,Site B - Moran,Housekeeping,UA,A field engineer reported a flickering light in the break room; maintenance ticket raised. Noted during the daily safety walk.,No,None,None identified,N/A,N/A,LOW,synthetic
OIL-00970,2026-01-10,Site D - Jorajan,Scaffolding,UA,Scaffold inspection tag was missing but a field engineer used the scaffold to access elevated piping. Fortunately no one was in the immediate vicinity at the time.,Yes,Working at Height,Dropped object,Guardrails,Missing,HIGH,synthetic
OIL-00971,2026-01-11,Site D - Jorajan,Production Operations,UC,A loose floor tile was noticed by a contract technician in the administrative block corridor. Logged for routine follow-up.,No,None,None identified,N/A,N/A,LOW,synthetic
OIL-00972,2026-01-12,Site B - Moran,Scaffolding,Near Miss,Guardrails were missing on the platform where a third-party worker was performing inspection work. Work was stopped immediately once observed.,Yes,Working at Height,Dropped object,Guardrails,Bypassed,MEDIUM,synthetic
OIL-00973,2026-01-13,Site A - Duliajan,Maintenance,UA,Interlock test was carried out as per schedule with no deviation found. Corrected on the spot.,No,Bypassing Safety Controls,None identified,Interlock system,Adequate / Minor Gap,LOW,synthetic
OIL-00974,2026-01-13,Site A - Duliajan,Production Operations,UA,A rigger was found not wearing safety glasses while filing paperwork in the site office. Addressed before the shift ended.,No,None,None identified,N/A,N/A,LOW,synthetic
OIL-00975,2026-01-13,Site D - Jorajan,Production Operations,UA,A maintenance crew member observed a torn notice board sheet near the muster point; replaced during rounds. Noted during the daily safety walk.,No,None,None identified,N/A,N/A,LOW,synthetic
OIL-00976,2026-01-15,Site B - Moran,Scaffolding,UC,An operator climbed the compressor unit structure without using fall protection equipment. Fortunately no one was in the immediate vicinity at the time.,Yes,Working at Height,Dropped object,Scaffold inspection tag,Bypassed,HIGH,synthetic
OIL-00977,2026-01-15,Site B - Moran,Electrical Work,UA,Isolation tag on the transformer bay was found slightly faded and needs replacement; work was not affected.,No,Energy Isolation,None identified,Lockout/Tagout (LOTO),Adequate / Minor Gap,LOW,synthetic
OIL-00978,2026-01-16,Site C - Kumchai,Transportation,UA,Vehicle inspection checklist had a minor missing signature; corrected before dispatch. Noted during the daily safety walk.,No,Driving,None identified,Journey management plan,Adequate / Minor Gap,LOW,synthetic
OIL-00979,2026-01-17,Site C - Kumchai,Production Operations,Near Miss,Residual pressure was not bled off from the main isolation valve before a maintenance crew member disconnected the coupling. The activity was halted and the area was made safe.,Yes,Energy Isolation,Stored/residual energy,Isolation certificate,Failed,HIGH,synthetic
OIL-00980,2026-01-17,Site B - Moran,Production Operations,UC,Fire extinguisher signage in the corridor was found slightly faded; repainting scheduled. Noted during the daily safety walk.,No,None,None identified,N/A,N/A,LOW,synthetic
OIL-00981,2026-01-18,Site B - Moran,Maintenance,Incident,Fire extinguisher signage in the corridor was found slightly faded; repainting scheduled. No further action required.,No,None,None identified,N/A,N/A,LOW,synthetic
OIL-00982,2026-01-18,Site D - Jorajan,Maintenance,UC,Hot work was started by an operator without gas testing the surrounding area for flammable vapors. Work was stopped immediately once observed.,Yes,Hot Work,Ignition of flammable material,Fire watch,Bypassed,MEDIUM,synthetic
OIL-00983,2026-01-19,Site E - Barekuri Pipeline,Lifting Operations,UC,Lift plan paperwork was completed but filed a day late; no impact on the lift itself. Corrected on the spot.,No,Safe Mechanical Lifting,None identified,Competent rigger/banksman,Adequate / Minor Gap,LOW,synthetic
OIL-00984,2026-01-19,Site C - Kumchai,Maintenance,UA,Noise from a printer in the office was reported as mildly disruptive.,No,None,None identified,N/A,N/A,LOW,synthetic
OIL-00985,2026-01-19,Site A - Duliajan,Production Operations,UA,A minor paint peel was noticed on the safety information board near the transformer bay. Addressed before the shift ended.,No,None,None identified,N/A,N/A,LOW,synthetic
OIL-00986,2026-01-20,Site B - Moran,Production Operations,UA,JSA document was signed but missing one supervisor initial; obtained same shift.,No,Work Authorisation,None identified,Permit to Work (PTW),Adequate / Minor Gap,LOW,synthetic
OIL-00987,2026-01-22,Site D - Jorajan,Maintenance,UC,Minor housekeeping: cables in the office area were not properly bundled.,No,None,None identified,N/A,N/A,LOW,synthetic
OIL-00988,2026-01-24,Site C - Kumchai,Drilling Operations,Near Miss,Rigging equipment tag was due for renewal within the week; flagged for scheduling.,No,Safe Mechanical Lifting,None identified,Competent rigger/banksman,Adequate / Minor Gap,LOW,synthetic
OIL-00989,2026-01-24,Site B - Moran,Confined Space Entry,UC,"Confined space permit paperwork had a minor date entry error, corrected before entry. Corrected on the spot.",No,Confined Space,None identified,Gas testing,Adequate / Minor Gap,LOW,synthetic
OIL-00990,2026-01-25,Site E - Barekuri Pipeline,Production Operations,UC,Alarm panel indicator light was flickering; replaced during preventive maintenance. No further action required.,No,Bypassing Safety Controls,None identified,Permit conditions,Adequate / Minor Gap,LOW,synthetic
OIL-00991,2026-01-25,Site B - Moran,Confined Space Entry,UA,Continuous atmosphere monitoring was not maintained while a contract technician worked inside the tank; monitor was left outside. Work was stopped immediately once observed.,Yes,Confined Space,Entrapment,Gas testing,Bypassed,HIGH,synthetic
OIL-00992,2026-01-25,Site D - Jorajan,Scaffolding,UA,Scaffold tag was found slightly discolored and hard to read; replaced during routine check. Noted during the daily safety walk.,No,Working at Height,None identified,Fall protection/harness,Adequate / Minor Gap,LOW,synthetic
OIL-00993,2026-01-26,Site A - Duliajan,Production Operations,UC,"An operator noted the LOTO log entry had a minor formatting error, corrected on the spot.",No,Energy Isolation,None identified,Zero-energy check,Adequate / Minor Gap,LOW,synthetic
OIL-00994,2026-01-26,Site A - Duliajan,Scaffolding,UC,Scaffold tag was found slightly discolored and hard to read; replaced during routine check. Noted during the daily safety walk.,No,Working at Height,None identified,Anchor point verification,Adequate / Minor Gap,LOW,synthetic
OIL-00995,2026-01-26,Site D - Jorajan,Production Operations,UC,Barricade tape near the work area was found loose; retightened without incident. Noted during the daily safety walk.,No,Line of Fire,None identified,Positioning awareness,Adequate / Minor Gap,LOW,synthetic
OIL-00996,2026-01-27,Site C - Kumchai,Maintenance,UC,A third-party worker disabled a machine guard interlock to clear a jam on the main isolation valve without stopping the equipment. Fortunately no one was in the immediate vicinity at the time.,Yes,Bypassing Safety Controls,Disabled safety interlock,Safety guard,Failed,HIGH,synthetic
OIL-00997,2026-01-28,Site A - Duliajan,Lifting Operations,UC,Minor housekeeping issue: warning cones slightly misplaced near a low-traffic walkway. Logged for routine follow-up.,No,Line of Fire,None identified,Positioning awareness,Adequate / Minor Gap,LOW,synthetic
OIL-00998,2026-01-28,Site C - Kumchai,Scaffolding,UC,Scaffold tag was found slightly discolored and hard to read; replaced during routine check. Addressed before the shift ended.,No,Working at Height,None identified,Scaffold inspection tag,Adequate / Minor Gap,LOW,synthetic
OIL-00999,2026-01-29,Site A - Duliajan,Production Operations,Incident,Alarm panel indicator light was flickering; replaced during preventive maintenance. Addressed before the shift ended.,No,Bypassing Safety Controls,None identified,Interlock system,Adequate / Minor Gap,LOW,synthetic
OIL-01000,2026-01-30,Site A - Duliajan,Maintenance,UA,Noise from a printer in the office was reported as mildly disruptive. Corrected on the spot.,No,None,None identified,N/A,N/A,LOW,synthetic
OIL-01001,2026-01-31,Site D - Jorajan,Working at Height,UA,A field engineer was working at height on scaffolding without a harness properly anchored. Fortunately no one was in the immediate vicinity at the time.,Yes,Working at Height,Fall from height,Scaffold inspection tag,Failed,HIGH,synthetic
OIL-01002,2026-02-02,Site D - Jorajan,Housekeeping,UA,A field engineer observed a torn notice board sheet near the muster point; replaced during rounds. Logged for routine follow-up.,No,None,None identified,N/A,N/A,LOW,synthetic
OIL-01003,2026-02-03,Site B - Moran,Lifting Operations,Incident,Rigging equipment tag was due for renewal within the week; flagged for scheduling. Addressed before the shift ended.,No,Safe Mechanical Lifting,None identified,Competent rigger/banksman,Adequate / Minor Gap,LOW,synthetic
OIL-01004,2026-02-04,Site A - Duliajan,Electrical Work,Near Miss,A new joinee bypassed the LOTO tag and re-energized the wellhead valve assembly while another crew was still working on it. Fortunately no one was in the immediate vicinity at the time.,Yes,Energy Isolation,Unexpected energy release,Isolation certificate,Failed,HIGH,synthetic
OIL-01005,2026-02-05,Site C - Kumchai,Maintenance,UC,A loose floor tile was noticed by a new joinee in the administrative block corridor. Noted during the daily safety walk.,No,None,None identified,N/A,N/A,LOW,synthetic
OIL-01006,2026-02-05,Site E - Barekuri Pipeline,Working at Height,Near Miss,Scaffold tag was found slightly discolored and hard to read; replaced during routine check.,No,Working at Height,None identified,Guardrails,Adequate / Minor Gap,LOW,synthetic
OIL-01007,2026-02-07,Site A - Duliajan,Lifting Operations,UC,Barricade tape near the work area was found loose; retightened without incident. Corrected on the spot.,No,Line of Fire,None identified,Suspended load control,Adequate / Minor Gap,LOW,synthetic
OIL-01008,2026-02-08,Site E - Barekuri Pipeline,Maintenance,UC,Isolation point signage near the main isolation valve was partially obscured by dust; cleaned during routine round.,No,Energy Isolation,None identified,Lockout/Tagout (LOTO),Adequate / Minor Gap,LOW,synthetic
OIL-01009,2026-02-08,Site E - Barekuri Pipeline,Transportation,UC,Tyre pressure was marginally low on a parked vehicle; corrected during routine check. Noted during the daily safety walk.,No,Driving,None identified,Seatbelt use,Adequate / Minor Gap,LOW,synthetic
OIL-01010,2026-02-09,Site A - Duliajan,Housekeeping,UA,A field engineer observed mild clutter of files near the printer station; tidied up. Logged for routine follow-up.,No,None,None identified,N/A,N/A,LOW,synthetic
OIL-01011,2026-02-09,Site D - Jorajan,Maintenance,Incident,Minor housekeeping: cables in the office area were not properly bundled. No further action required.,No,None,None identified,N/A,N/A,LOW,synthetic
OIL-01012,2026-02-09,Site E - Barekuri Pipeline,Production Operations,Near Miss,An operator found the water cooler in the rest area was not working; complaint logged. Logged for routine follow-up.,No,None,None identified,N/A,N/A,LOW,synthetic
OIL-01013,2026-02-10,Site A - Duliajan,Maintenance,Near Miss,Fire watch bucket was found half full of sand instead of full; topped up as per checklist. No further action required.,No,Hot Work,None identified,Fire watch,Adequate / Minor Gap,LOW,synthetic
OIL-01014,2026-02-11,Site A - Duliajan,Excavation,Near Miss,A contract technician positioned themselves in the line of fire while a pressurized hose was being disconnected from the electrical panel.,Yes,Line of Fire,Suspended load,Suspended load control,Missing,MEDIUM,synthetic
OIL-01015,2026-02-11,Site C - Kumchai,Production Operations,UA,Risk assessment was not completed before an operator began work on the electrical panel. Work was stopped immediately once observed.,Yes,Work Authorisation,Missing risk assessment,Permit to Work (PTW),Failed,HIGH,synthetic
OIL-01016,2026-02-12,Site C - Kumchai,Transportation,Incident,A new joinee positioned themselves in the line of fire while a pressurized hose was being disconnected from the pump P-204. Corrective action was raised on the spot.,Yes,Line of Fire,Suspended load,Suspended load control,Failed,HIGH,synthetic
OIL-01017,2026-02-12,Site D - Jorajan,Housekeeping,UC,Stationery shelf in the site office was found disorganized during a routine walk-through. Addressed before the shift ended.,No,None,None identified,N/A,N/A,LOW,synthetic
OIL-01018,2026-02-13,Site B - Moran,Housekeeping,UA,A new joinee was found not wearing safety glasses while filing paperwork in the site office. Corrected on the spot.,No,None,None identified,N/A,N/A,LOW,synthetic
OIL-01019,2026-02-16,Site E - Barekuri Pipeline,Maintenance,Near Miss,A rigger was found not wearing safety glasses while filing paperwork in the site office.,No,None,None identified,N/A,N/A,LOW,synthetic
OIL-01020,2026-02-17,Site C - Kumchai,Production Operations,Near Miss,A contract technician started maintenance work without an approved permit to work in place. This was flagged as a high-priority observation.,Yes,Work Authorisation,Unauthorized/uncontrolled work start,Risk assessment / JSA,Bypassed,HIGH,synthetic
OIL-01021,2026-02-17,Site A - Duliajan,Lifting Operations,UC,Crane outriggers were not fully extended before a third-party worker began the lift. Fortunately no one was in the immediate vicinity at the time.,Yes,Safe Mechanical Lifting,Crane instability,Load chart compliance,Failed,HIGH,synthetic
OIL-01022,2026-02-18,Site E - Barekuri Pipeline,Housekeeping,UA,An operator reported a flickering light in the break room; maintenance ticket raised. Corrected on the spot.,No,None,None identified,N/A,N/A,LOW,synthetic
OIL-01023,2026-02-18,Site B - Moran,Production Operations,UC,A shift technician suggested better labeling for stationery cupboards in the office. Logged for routine follow-up.,No,None,None identified,N/A,N/A,LOW,synthetic
OIL-01024,2026-02-18,Site B - Moran,Working at Height,UA,A new joinee noted a minor gap in toe-board on a low-height platform; corrected same day. No further action required.,No,Working at Height,None identified,Scaffold inspection tag,Adequate / Minor Gap,LOW,synthetic
OIL-01025,2026-02-20,Site D - Jorajan,Maintenance,Near Miss,Fire extinguisher signage in the corridor was found slightly faded; repainting scheduled. Corrected on the spot.,No,None,None identified,N/A,N/A,LOW,synthetic
OIL-01026,2026-02-21,Site E - Barekuri Pipeline,Housekeeping,UA,A first-aid box in the admin building was found to be missing a few bandages; restocked. Logged for routine follow-up.,No,None,None identified,N/A,N/A,LOW,synthetic
OIL-01027,2026-02-22,Site D - Jorajan,Housekeeping,UC,Fire extinguisher signage in the corridor was found slightly faded; repainting scheduled.,No,None,None identified,N/A,N/A,LOW,synthetic
OIL-01028,2026-02-23,Site C - Kumchai,Electrical Work,UA,LOTO was not applied before a third-party worker attempted to remove a valve on the main isolation valve; potential for unexpected energy release. Work was stopped immediately once observed.,Yes,Energy Isolation,Stored/residual energy,Lockout/Tagout (LOTO),Missing,MEDIUM,synthetic
OIL-01029,2026-02-23,Site A - Duliajan,Maintenance,UA,A third-party worker found the water cooler in the rest area was not working; complaint logged. Logged for routine follow-up.,No,None,None identified,N/A,N/A,LOW,synthetic
OIL-01030,2026-02-23,Site A - Duliajan,Production Operations,Near Miss,Noise from a printer in the office was reported as mildly disruptive. Noted during the daily safety walk.,No,None,None identified,N/A,N/A,LOW,synthetic
OIL-01031,2026-02-24,Site E - Barekuri Pipeline,Production Operations,UC,A maintenance crew member found the water cooler in the rest area was not working; complaint logged. Addressed before the shift ended.,No,None,None identified,N/A,N/A,LOW,synthetic
OIL-01032,2026-02-24,Site D - Jorajan,Maintenance,Near Miss,A first-aid box in the admin building was found to be missing a few bandages; restocked.,No,None,None identified,N/A,N/A,LOW,synthetic
OIL-01033,2026-02-26,Site D - Jorajan,Transportation,Near Miss,Tyre pressure was marginally low on a parked vehicle; corrected during routine check.,No,Driving,None identified,Speed compliance,Adequate / Minor Gap,LOW,synthetic
OIL-01034,2026-02-26,Site B - Moran,Electrical Work,UC,A maintenance crew member bypassed the LOTO tag and re-energized the pump P-204 while another crew was still working on it.,Yes,Energy Isolation,Electrical shock,Isolation verification,Failed,MEDIUM,synthetic
OIL-01035,2026-02-27,Site C - Kumchai,Transportation,Near Miss,A shift technician observed faded exclusion-zone markings near the pump P-204; reported for repainting. Corrected on the spot.,No,Line of Fire,None identified,Positioning awareness,Adequate / Minor Gap,LOW,synthetic
OIL-01036,2026-02-27,Site D - Jorajan,Lifting Operations,Near Miss,Lift plan paperwork was completed but filed a day late; no impact on the lift itself.,No,Safe Mechanical Lifting,None identified,Rigging inspection,Adequate / Minor Gap,LOW,synthetic
OIL-01037,2026-02-27,Site B - Moran,Housekeeping,UA,"General cleanliness observation: canteen floor was slightly wet near the entrance, mopped promptly. Addressed before the shift ended.",No,None,None identified,N/A,N/A,LOW,synthetic
OIL-01038,2026-02-28,Site E - Barekuri Pipeline,Drilling Operations,UC,Rigging equipment tag was due for renewal within the week; flagged for scheduling.,No,Safe Mechanical Lifting,None identified,Competent rigger/banksman,Adequate / Minor Gap,LOW,synthetic
OIL-01039,2026-02-28,Site E - Barekuri Pipeline,Drilling Operations,UA,Rigging equipment tag was due for renewal within the week; flagged for scheduling. Logged for routine follow-up.,No,Safe Mechanical Lifting,None identified,Load chart compliance,Adequate / Minor Gap,LOW,synthetic
OIL-01040,2026-03-01,Site A - Duliajan,Transportation,UA,Barricade tape near the work area was found loose; retightened without incident. Addressed before the shift ended.,No,Line of Fire,None identified,Suspended load control,Adequate / Minor Gap,LOW,synthetic
OIL-01041,2026-03-01,Site A - Duliajan,Excavation,UC,An operator was working within the swing radius of the excavator without barricading in place. Work was stopped immediately once observed.,Yes,Line of Fire,Pressure release,Signage,Bypassed,HIGH,synthetic
OIL-01042,2026-03-02,Site A - Duliajan,Housekeeping,UC,A rigger was found not wearing safety glasses while filing paperwork in the site office. Noted during the daily safety walk.,No,None,None identified,N/A,N/A,LOW,synthetic
OIL-01043,2026-03-02,Site C - Kumchai,Drilling Operations,Near Miss,A third-party worker started maintenance work without an approved permit to work in place. The activity was halted and the area was made safe.,Yes,Work Authorisation,Missing risk assessment,Supervisory authorization,Failed,HIGH,synthetic
OIL-01044,2026-03-02,Site D - Jorajan,Production Operations,Near Miss,Noise from a printer in the office was reported as mildly disruptive.,No,None,None identified,N/A,N/A,LOW,synthetic
OIL-01045,2026-03-02,Site D - Jorajan,Maintenance,Near Miss,No fire extinguisher was available at the hot work location where a shift technician was cutting pipe. No injury occurred.,Yes,Hot Work,Ignition of flammable material,Gas testing (flammable atmosphere),Missing,HIGH,synthetic
OIL-01046,2026-03-03,Site A - Duliajan,Confined Space Entry,Near Miss,Gas testing equipment battery indicator was low but was replaced before any entry occurred.,No,Confined Space,None identified,Gas testing,Adequate / Minor Gap,LOW,synthetic
OIL-01047,2026-03-03,Site E - Barekuri Pipeline,Working at Height,UC,"A dropped spanner fell from the platform where a shift technician was working, landing near ground crew.",Yes,Working at Height,Dropped object,Fall protection/harness,Missing,HIGH,synthetic
OIL-01048,2026-03-03,Site D - Jorajan,Production Operations,Near Miss,Stationery shelf in the site office was found disorganized during a routine walk-through. Corrected on the spot.,No,None,None identified,N/A,N/A,LOW,synthetic
OIL-01049,2026-03-03,Site C - Kumchai,Maintenance,UC,Hot work permit was signed but the copy at the site was slightly torn; replaced with new copy. Noted during the daily safety walk.,No,Hot Work,None identified,Fire extinguishing equipment on site,Adequate / Minor Gap,LOW,synthetic
OIL-01050,2026-03-03,Site C - Kumchai,Maintenance,UC,A maintenance crew member continued welding after the hot work permit had expired.,Yes,Hot Work,Explosion,Gas testing (flammable atmosphere),Failed,HIGH,synthetic
OIL-01051,2026-03-06,Site E - Barekuri Pipeline,Transportation,UC,"During crane operation, an operator walked under the boom while the load was still suspended. No injury occurred.",Yes,Line of Fire,Suspended load,Signage,Bypassed,HIGH,synthetic
OIL-01052,2026-03-07,Site C - Kumchai,Production Operations,UC,Minor housekeeping issue: warning cones slightly misplaced near a low-traffic walkway. Noted during the daily safety walk.,No,Line of Fire,None identified,Suspended load control,Adequate / Minor Gap,LOW,synthetic
OIL-01053,2026-03-08,Site A - Duliajan,Maintenance,UC,Spill of a small quantity of water near the canteen was cleaned up promptly. Noted during the daily safety walk.,No,None,None identified,N/A,N/A,LOW,synthetic
OIL-01054,2026-03-08,Site D - Jorajan,Housekeeping,UC,Minor housekeeping: cables in the office area were not properly bundled.,No,None,None identified,N/A,N/A,LOW,synthetic
OIL-01055,2026-03-09,Site A - Duliajan,Production Operations,UA,Minor housekeeping issue observed near office area; walkway was cluttered with empty boxes. Logged for routine follow-up.,No,None,None identified,N/A,N/A,LOW,synthetic
OIL-01056,2026-03-09,Site E - Barekuri Pipeline,Housekeeping,UA,Minor housekeeping: cables in the office area were not properly bundled. Corrected on the spot.,No,None,None identified,N/A,N/A,LOW,synthetic
OIL-01057,2026-03-10,Site B - Moran,Housekeeping,Incident,A rigger observed a torn notice board sheet near the muster point; replaced during rounds. Logged for routine follow-up.,No,None,None identified,N/A,N/A,LOW,synthetic
OIL-01058,2026-03-10,Site C - Kumchai,Maintenance,UC,"During pipeline maintenance, the line was not completely isolated before valve removal by a third-party worker. Fortunately no one was in the immediate vicinity at the time.",Yes,Energy Isolation,Unexpected energy release,Isolation verification,Bypassed,HIGH,synthetic
OIL-01059,2026-03-11,Site D - Jorajan,Maintenance,UA,A third-party worker reported a flickering light in the break room; maintenance ticket raised. Addressed before the shift ended.,No,None,None identified,N/A,N/A,LOW,synthetic
OIL-01060,2026-03-11,Site E - Barekuri Pipeline,Electrical Work,UC,Isolation tag on the transformer bay was found slightly faded and needs replacement; work was not affected. Logged for routine follow-up.,No,Energy Isolation,None identified,Isolation verification,Adequate / Minor Gap,LOW,synthetic
OIL-01061,2026-03-12,Site E - Barekuri Pipeline,Housekeeping,UC,Stationery shelf in the site office was found disorganized during a routine walk-through. Logged for routine follow-up.,No,None,None identified,N/A,N/A,LOW,synthetic
OIL-01062,2026-03-13,Site E - Barekuri Pipeline,Production Operations,Near Miss,LOTO was not applied before an operator attempted to remove a valve on the transformer bay; potential for unexpected energy release. The activity was halted and the area was made safe.,Yes,Energy Isolation,Electrical shock,Zero-energy check,Bypassed,HIGH,synthetic
OIL-01063,2026-03-14,Site E - Barekuri Pipeline,Housekeeping,UC,A first-aid box in the admin building was found to be missing a few bandages; restocked. No further action required.,No,None,None identified,N/A,N/A,LOW,synthetic
OIL-01064,2026-03-15,Site C - Kumchai,Maintenance,UA,A field engineer observed mild clutter of files near the printer station; tidied up. Logged for routine follow-up.,No,None,None identified,N/A,N/A,LOW,synthetic
OIL-01065,2026-03-16,Site E - Barekuri Pipeline,Maintenance,UC,A rigger found the water cooler in the rest area was not working; complaint logged.,No,None,None identified,N/A,N/A,LOW,synthetic
OIL-01066,2026-03-16,Site C - Kumchai,Maintenance,UA,A contract technician reported that the office AC filter needed cleaning. No further action required.,No,None,None identified,N/A,N/A,LOW,synthetic
OIL-01067,2026-03-18,Site A - Duliajan,Housekeeping,UC,Minor housekeeping issue observed near office area; walkway was cluttered with empty boxes. Corrected on the spot.,No,None,None identified,N/A,N/A,LOW,synthetic
OIL-01068,2026-03-19,Site A - Duliajan,Housekeeping,Incident,Minor housekeeping: cables in the office area were not properly bundled. Corrected on the spot.,No,None,None identified,N/A,N/A,LOW,synthetic
OIL-01069,2026-03-19,Site E - Barekuri Pipeline,Housekeeping,UC,"General cleanliness observation: canteen floor was slightly wet near the entrance, mopped promptly.",No,None,None identified,N/A,N/A,LOW,synthetic
OIL-01070,2026-03-19,Site D - Jorajan,Maintenance,UC,A first-aid box in the admin building was found to be missing a few bandages; restocked. No further action required.,No,None,None identified,N/A,N/A,LOW,synthetic
OIL-01071,2026-03-19,Site C - Kumchai,Production Operations,UA,A new joinee was found not wearing safety glasses while filing paperwork in the site office. Noted during the daily safety walk.,No,None,None identified,N/A,N/A,LOW,synthetic
OIL-01072,2026-03-20,Site E - Barekuri Pipeline,Working at Height,Near Miss,Scaffold tag was found slightly discolored and hard to read; replaced during routine check. No further action required.,No,Working at Height,None identified,Fall protection/harness,Adequate / Minor Gap,LOW,synthetic
OIL-01073,2026-03-21,Site A - Duliajan,Maintenance,UA,"A new joinee began repair work on the electrical panel without confirming zero-energy state, panel was later found live. Fortunately no one was in the immediate vicinity at the time.",Yes,Energy Isolation,Unexpected energy release,Isolation verification,Bypassed,HIGH,synthetic
OIL-01074,2026-03-22,Site E - Barekuri Pipeline,Hot Work,UA,Fire watch bucket was found half full of sand instead of full; topped up as per checklist. No further action required.,No,Hot Work,None identified,Gas testing (flammable atmosphere),Adequate / Minor Gap,LOW,synthetic
OIL-01075,2026-03-23,Site A - Duliajan,Production Operations,UA,A rigger observed faded exclusion-zone markings near the wellhead valve assembly; reported for repainting.,No,Line of Fire,None identified,Signage,Adequate / Minor Gap,LOW,synthetic
OIL-01076,2026-03-23,Site A - Duliajan,Maintenance,UA,Minor housekeeping: cables in the office area were not properly bundled. Corrected on the spot.,No,None,None identified,N/A,N/A,LOW,synthetic
OIL-01077,2026-03-23,Site E - Barekuri Pipeline,Maintenance,Near Miss,A third-party worker noted a squeaky door hinge in the changing room; lubricated same day. Logged for routine follow-up.,No,None,None identified,N/A,N/A,LOW,synthetic
OIL-01078,2026-03-23,Site D - Jorajan,Production Operations,Near Miss,"A third-party worker began repair work on the pump P-204 without confirming zero-energy state, panel was later found live. No injury occurred.",Yes,Energy Isolation,Stored/residual energy,Zero-energy check,Bypassed,HIGH,synthetic
OIL-01079,2026-03-24,Site A - Duliajan,Maintenance,UA,Supervisor authorization was missing but a shift technician commenced work on the pressurized system.,Yes,Work Authorisation,Missing risk assessment,Supervisory authorization,Missing,HIGH,synthetic
OIL-01080,2026-03-24,Site D - Jorajan,Vehicle Movement,Incident,Vehicle inspection checklist had a minor missing signature; corrected before dispatch. Noted during the daily safety walk.,No,Driving,None identified,Seatbelt use,Adequate / Minor Gap,LOW,synthetic
OIL-01081,2026-03-25,Site C - Kumchai,Working at Height,UC,Scaffold tag was found slightly discolored and hard to read; replaced during routine check. Corrected on the spot.,No,Working at Height,None identified,Scaffold inspection tag,Adequate / Minor Gap,LOW,synthetic
OIL-01082,2026-03-26,Site D - Jorajan,Production Operations,UA,"A new joinee noted the LOTO log entry had a minor formatting error, corrected on the spot. Addressed before the shift ended.",No,Energy Isolation,None identified,Isolation verification,Adequate / Minor Gap,LOW,synthetic
OIL-01083,2026-03-27,Site C - Kumchai,Electrical Work,UA,A third-party worker bypassed the LOTO tag and re-energized the transformer bay while another crew was still working on it. Work was stopped immediately once observed.,Yes,Energy Isolation,Stored/residual energy,Zero-energy check,Failed,HIGH,synthetic
OIL-01084,2026-03-27,Site A - Duliajan,Drilling Operations,UA,Crane outriggers were not fully extended before a new joinee began the lift.,Yes,Safe Mechanical Lifting,Rigging failure,Rigging inspection,Failed,HIGH,synthetic
OIL-01085,2026-03-29,Site A - Duliajan,Lifting Operations,UA,Rigging equipment tag was due for renewal within the week; flagged for scheduling. Corrected on the spot.,No,Safe Mechanical Lifting,None identified,Load chart compliance,Adequate / Minor Gap,LOW,synthetic
OIL-01086,2026-03-29,Site D - Jorajan,Drilling Operations,Near Miss,A third-party worker started maintenance work without an approved permit to work in place. Work was stopped immediately once observed.,Yes,Work Authorisation,Missing risk assessment,Supervisory authorization,Missing,HIGH,synthetic
OIL-01087,2026-03-29,Site D - Jorajan,Transportation,UC,Vehicle carrying a maintenance crew member exceeded the site speed limit near the pedestrian crossing. This was flagged as a high-priority observation.,Yes,Driving,Pedestrian strike,Fatigue management,Missing,HIGH,synthetic
OIL-01088,2026-03-31,Site A - Duliajan,Excavation,UC,Minor housekeeping issue: warning cones slightly misplaced near a low-traffic walkway. Corrected on the spot.,No,Line of Fire,None identified,Barricading/exclusion zone,Adequate / Minor Gap,LOW,synthetic
OIL-01089,2026-04-01,Site C - Kumchai,Housekeeping,UC,Noise from a printer in the office was reported as mildly disruptive. Addressed before the shift ended.,No,None,None identified,N/A,N/A,LOW,synthetic
OIL-01090,2026-04-01,Site E - Barekuri Pipeline,Maintenance,UA,Minor housekeeping: cables in the office area were not properly bundled. No further action required.,No,None,None identified,N/A,N/A,LOW,synthetic
OIL-01091,2026-04-02,Site D - Jorajan,Production Operations,UC,Barricade tape near the work area was found loose; retightened without incident.,No,Line of Fire,None identified,Positioning awareness,Adequate / Minor Gap,LOW,synthetic
OIL-01092,2026-04-04,Site E - Barekuri Pipeline,Electrical Work,UA,Isolation tag on the wellhead valve assembly was found slightly faded and needs replacement; work was not affected.,No,Energy Isolation,None identified,Isolation certificate,Adequate / Minor Gap,LOW,synthetic
OIL-01093,2026-04-04,Site D - Jorajan,Maintenance,Incident,Gas testing equipment battery indicator was low but was replaced before any entry occurred. Addressed before the shift ended.,No,Confined Space,None identified,Continuous atmosphere monitoring,Adequate / Minor Gap,LOW,synthetic
OIL-01094,2026-04-05,Site E - Barekuri Pipeline,Working at Height,UA,A contract technician was working at height on scaffolding without a harness properly anchored.,Yes,Working at Height,Fall from height,Guardrails,Missing,HIGH,synthetic
OIL-01095,2026-04-05,Site C - Kumchai,Production Operations,UC,A minor paint peel was noticed on the safety information board near the electrical panel. Logged for routine follow-up.,No,None,None identified,N/A,N/A,LOW,synthetic
OIL-01096,2026-04-05,Site E - Barekuri Pipeline,Maintenance,UA,A contract technician reported that the office AC filter needed cleaning. Corrected on the spot.,No,None,None identified,N/A,N/A,LOW,synthetic
OIL-01097,2026-04-06,Site D - Jorajan,Housekeeping,UA,A loose floor tile was noticed by a shift technician in the administrative block corridor. No further action required.,No,None,None identified,N/A,N/A,LOW,synthetic
OIL-01098,2026-04-06,Site E - Barekuri Pipeline,Electrical Work,Incident,Isolation point signage near the transformer bay was partially obscured by dust; cleaned during routine round.,No,Energy Isolation,None identified,Zero-energy check,Adequate / Minor Gap,LOW,synthetic
OIL-01099,2026-04-06,Site A - Duliajan,Maintenance,UC,A dustbin lid was found broken in the parking area; replacement requested. No further action required.,No,None,None identified,N/A,N/A,LOW,synthetic
OIL-01100,2026-04-06,Site B - Moran,Confined Space Entry,UC,No standby/rescue personnel was posted while a rigger entered the confined space to clear a blockage. No injury occurred.,Yes,Confined Space,Entrapment,Rescue plan/standby,Failed,HIGH,synthetic
OIL-01101,2026-04-07,Site E - Barekuri Pipeline,Drilling Operations,UC,Lift plan paperwork was completed but filed a day late; no impact on the lift itself.,No,Safe Mechanical Lifting,None identified,Rigging inspection,Adequate / Minor Gap,LOW,synthetic
OIL-01102,2026-04-07,Site B - Moran,Vehicle Movement,Near Miss,An operator was found using a mobile phone while driving a light vehicle on-site. The activity was halted and the area was made safe.,Yes,Driving,Rollover,Speed compliance,Missing,HIGH,synthetic
OIL-01103,2026-04-08,Site C - Kumchai,Lifting Operations,Near Miss,Lift plan paperwork was completed but filed a day late; no impact on the lift itself.,No,Safe Mechanical Lifting,None identified,Load chart compliance,Adequate / Minor Gap,LOW,synthetic
OIL-01104,2026-04-08,Site E - Barekuri Pipeline,Maintenance,UA,Fire extinguisher signage in the corridor was found slightly faded; repainting scheduled. Logged for routine follow-up.,No,None,None identified,N/A,N/A,LOW,synthetic
OIL-01105,2026-04-08,Site D - Jorajan,Working at Height,Near Miss,A new joinee climbed the hydraulic line structure without using fall protection equipment. Fortunately no one was in the immediate vicinity at the time.,Yes,Working at Height,Fall from height,Fall protection/harness,Failed,HIGH,synthetic
OIL-01106,2026-04-08,Site B - Moran,Hot Work,UA,Fire watch bucket was found half full of sand instead of full; topped up as per checklist. Addressed before the shift ended.,No,Hot Work,None identified,Fire extinguishing equipment on site,Adequate / Minor Gap,LOW,synthetic
OIL-01107,2026-04-10,Site A - Duliajan,Production Operations,UA,Spill of a small quantity of water near the canteen was cleaned up promptly. Logged for routine follow-up.,No,None,None identified,N/A,N/A,LOW,synthetic
OIL-01108,2026-04-10,Site D - Jorajan,Production Operations,UC,Fire extinguisher signage in the corridor was found slightly faded; repainting scheduled. Addressed before the shift ended.,No,None,None identified,N/A,N/A,LOW,synthetic
OIL-01109,2026-04-10,Site C - Kumchai,Maintenance,UA,"General cleanliness observation: canteen floor was slightly wet near the entrance, mopped promptly. No further action required.",No,None,None identified,N/A,N/A,LOW,synthetic
OIL-01110,2026-04-10,Site C - Kumchai,Drilling Operations,UA,Permit to work had a minor clerical omission in the time field; corrected before work start. Corrected on the spot.,No,Work Authorisation,None identified,Risk assessment / JSA,Adequate / Minor Gap,LOW,synthetic
OIL-01111,2026-04-10,Site A - Duliajan,Production Operations,UC,A new joinee found the water cooler in the rest area was not working; complaint logged. Noted during the daily safety walk.,No,None,None identified,N/A,N/A,LOW,synthetic
OIL-01112,2026-04-11,Site A - Duliajan,Housekeeping,Near Miss,A shift technician suggested better labeling for stationery cupboards in the office. Corrected on the spot.,No,None,None identified,N/A,N/A,LOW,synthetic
OIL-01113,2026-04-12,Site C - Kumchai,Electrical Work,UC,Isolation point signage near the pump P-204 was partially obscured by dust; cleaned during routine round. Addressed before the shift ended.,No,Energy Isolation,None identified,Lockout/Tagout (LOTO),Adequate / Minor Gap,LOW,synthetic
OIL-01114,2026-04-12,Site E - Barekuri Pipeline,Working at Height,UC,A new joinee was working at height on scaffolding without a harness properly anchored.,Yes,Working at Height,Fall from height,Guardrails,Bypassed,HIGH,synthetic
OIL-01115,2026-04-13,Site D - Jorajan,Transportation,UA,Tyre pressure was marginally low on a parked vehicle; corrected during routine check.,No,Driving,None identified,Seatbelt use,Adequate / Minor Gap,LOW,synthetic
OIL-01116,2026-04-13,Site C - Kumchai,Housekeeping,UA,Signboard directing to the emergency assembly point was slightly bent; straightened by a third-party worker. Noted during the daily safety walk.,No,None,None identified,N/A,N/A,LOW,synthetic
OIL-01117,2026-04-13,Site C - Kumchai,Housekeeping,UA,Minor housekeeping issue observed near office area; walkway was cluttered with empty boxes. Corrected on the spot.,No,None,None identified,N/A,N/A,LOW,synthetic
OIL-01118,2026-04-13,Site E - Barekuri Pipeline,Maintenance,UA,Confined space entry permit was not obtained before a rigger entered the vessel for inspection.,Yes,Confined Space,Oxygen-deficient atmosphere,Gas testing,Bypassed,HIGH,synthetic
OIL-01119,2026-04-13,Site A - Duliajan,Scaffolding,UC,Scaffold tag was found slightly discolored and hard to read; replaced during routine check. Noted during the daily safety walk.,No,Working at Height,None identified,Fall protection/harness,Adequate / Minor Gap,LOW,synthetic
OIL-01120,2026-04-14,Site D - Jorajan,Production Operations,UC,Signboard directing to the emergency assembly point was slightly bent; straightened by a contract technician. Noted during the daily safety walk.,No,None,None identified,N/A,N/A,LOW,synthetic
OIL-01121,2026-04-14,Site B - Moran,Confined Space Entry,UA,"Confined space permit paperwork had a minor date entry error, corrected before entry. Logged for routine follow-up.",No,Confined Space,None identified,Continuous atmosphere monitoring,Adequate / Minor Gap,LOW,synthetic
OIL-01122,2026-04-15,Site E - Barekuri Pipeline,Maintenance,Near Miss,"A contract technician noted the LOTO log entry had a minor formatting error, corrected on the spot. No further action required.",No,Energy Isolation,None identified,Lockout/Tagout (LOTO),Adequate / Minor Gap,LOW,synthetic
OIL-01123,2026-04-15,Site A - Duliajan,Production Operations,UA,"A new joinee began repair work on the hydraulic line without confirming zero-energy state, panel was later found live. Work was stopped immediately once observed.",Yes,Energy Isolation,Unexpected energy release,Zero-energy check,Missing,HIGH,synthetic
OIL-01124,2026-04-15,Site C - Kumchai,Maintenance,UC,Isolation point signage near the hydraulic line was partially obscured by dust; cleaned during routine round. No further action required.,No,Energy Isolation,None identified,Isolation certificate,Adequate / Minor Gap,LOW,synthetic
OIL-01125,2026-04-16,Site D - Jorajan,Hot Work,UA,Hot work was started by a field engineer without gas testing the surrounding area for flammable vapors. The activity was halted and the area was made safe.,Yes,Hot Work,Explosion,Gas testing (flammable atmosphere),Missing,HIGH,synthetic
OIL-01126,2026-04-17,Site B - Moran,Confined Space Entry,UA,Confined space entry permit was not obtained before a field engineer entered the vessel for inspection. Fortunately no one was in the immediate vicinity at the time.,Yes,Confined Space,Entrapment,Gas testing,Missing,HIGH,synthetic
OIL-01127,2026-04-17,Site E - Barekuri Pipeline,Housekeeping,Near Miss,A new joinee suggested better labeling for stationery cupboards in the office. Addressed before the shift ended.,No,None,None identified,N/A,N/A,LOW,synthetic
OIL-01128,2026-04-18,Site C - Kumchai,Drilling Operations,UA,Lift plan paperwork was completed but filed a day late; no impact on the lift itself. No further action required.,No,Safe Mechanical Lifting,None identified,Load chart compliance,Adequate / Minor Gap,LOW,synthetic
OIL-01129,2026-04-20,Site A - Duliajan,Production Operations,Near Miss,Stationery shelf in the site office was found disorganized during a routine walk-through. Noted during the daily safety walk.,No,None,None identified,N/A,N/A,LOW,synthetic
OIL-01130,2026-04-23,Site B - Moran,Housekeeping,UC,Spill of a small quantity of water near the canteen was cleaned up promptly. Noted during the daily safety walk.,No,None,None identified,N/A,N/A,LOW,synthetic
OIL-01131,2026-04-23,Site B - Moran,Confined Space Entry,UA,Confined space entry permit was not obtained before a shift technician entered the vessel for inspection. Fortunately no one was in the immediate vicinity at the time.,Yes,Confined Space,Engulfment,Confined space entry permit,Failed,HIGH,synthetic
OIL-01132,2026-04-23,Site E - Barekuri Pipeline,Housekeeping,UC,Spill of a small quantity of water near the canteen was cleaned up promptly. Corrected on the spot.,No,None,None identified,N/A,N/A,LOW,synthetic
OIL-01133,2026-04-23,Site C - Kumchai,Maintenance,UC,"A field engineer noted the LOTO log entry had a minor formatting error, corrected on the spot. Logged for routine follow-up.",No,Energy Isolation,None identified,Zero-energy check,Adequate / Minor Gap,LOW,synthetic
OIL-01134,2026-04-24,Site D - Jorajan,Production Operations,UC,Minor housekeeping: cables in the office area were not properly bundled.,No,None,None identified,N/A,N/A,LOW,synthetic
OIL-01135,2026-04-24,Site B - Moran,Maintenance,UC,Spill of a small quantity of water near the canteen was cleaned up promptly. No further action required.,No,None,None identified,N/A,N/A,LOW,synthetic
OIL-01136,2026-04-25,Site A - Duliajan,Production Operations,Incident,LOTO was not applied before a shift technician attempted to remove a valve on the hydraulic line; potential for unexpected energy release. This was flagged as a high-priority observation.,Yes,Energy Isolation,Electrical shock,Isolation certificate,Missing,HIGH,synthetic
OIL-01137,2026-04-25,Site C - Kumchai,Maintenance,UA,Fire watch bucket was found half full of sand instead of full; topped up as per checklist. Logged for routine follow-up.,No,Hot Work,None identified,Fire watch,Adequate / Minor Gap,LOW,synthetic
OIL-01138,2026-04-26,Site C - Kumchai,Maintenance,UC,"Confined space permit paperwork had a minor date entry error, corrected before entry. Logged for routine follow-up.",No,Confined Space,None identified,Confined space entry permit,Adequate / Minor Gap,LOW,synthetic
OIL-01139,2026-04-26,Site A - Duliajan,Maintenance,UC,A third-party worker overrode the safety interlock on the compressor to continue operations during a fault. Corrective action was raised on the spot.,Yes,Bypassing Safety Controls,Disabled safety interlock,Alarm system,Failed,HIGH,synthetic
OIL-01140,2026-04-27,Site D - Jorajan,Drilling Operations,UA,Lift plan paperwork was completed but filed a day late; no impact on the lift itself.,No,Safe Mechanical Lifting,None identified,Load chart compliance,Adequate / Minor Gap,LOW,synthetic
OIL-01141,2026-04-28,Site D - Jorajan,Electrical Work,UC,Isolation tag on the electrical panel was found slightly faded and needs replacement; work was not affected. Addressed before the shift ended.,No,Energy Isolation,None identified,Lockout/Tagout (LOTO),Adequate / Minor Gap,LOW,synthetic
OIL-01142,2026-04-28,Site A - Duliajan,Transportation,Near Miss,Vehicle inspection checklist had a minor missing signature; corrected before dispatch. Noted during the daily safety walk.,No,Driving,None identified,Speed compliance,Adequate / Minor Gap,LOW,synthetic
OIL-01143,2026-04-29,Site C - Kumchai,Maintenance,UA,A rigger found the water cooler in the rest area was not working; complaint logged.,No,None,None identified,N/A,N/A,LOW,synthetic
OIL-01144,2026-04-30,Site A - Duliajan,Maintenance,UC,Alarm panel indicator light was flickering; replaced during preventive maintenance. Noted during the daily safety walk.,No,Bypassing Safety Controls,None identified,Alarm system,Adequate / Minor Gap,LOW,synthetic
OIL-01145,2026-05-01,Site B - Moran,Housekeeping,UA,Fire extinguisher signage in the corridor was found slightly faded; repainting scheduled. No further action required.,No,None,None identified,N/A,N/A,LOW,synthetic
OIL-01146,2026-05-01,Site B - Moran,Housekeeping,UA,Minor housekeeping issue observed near office area; walkway was cluttered with empty boxes.,No,None,None identified,N/A,N/A,LOW,synthetic
OIL-01147,2026-05-01,Site B - Moran,Maintenance,UC,A loose floor tile was noticed by a rigger in the administrative block corridor. Addressed before the shift ended.,No,None,None identified,N/A,N/A,LOW,synthetic
OIL-01148,2026-05-03,Site C - Kumchai,Maintenance,UA,A shift technician disabled a machine guard interlock to clear a jam on the hydraulic line without stopping the equipment. The activity was halted and the area was made safe.,Yes,Bypassing Safety Controls,Removed machine guard,Safety guard,Bypassed,HIGH,synthetic
OIL-01149,2026-05-03,Site C - Kumchai,Excavation,UC,A new joinee was standing directly beneath a suspended load during a lifting operation near the gas compressor skid.,Yes,Line of Fire,Struck by falling/moving object,Suspended load control,Missing,HIGH,synthetic
OIL-01150,2026-05-03,Site C - Kumchai,Production Operations,UA,A pipe section slipped from rigging and struck the barricade near where a rigger was standing.,Yes,Line of Fire,Suspended load,Barricading/exclusion zone,Missing,HIGH,synthetic
OIL-01151,2026-05-05,Site E - Barekuri Pipeline,Production Operations,UC,Spill of a small quantity of water near the canteen was cleaned up promptly. Corrected on the spot.,No,None,None identified,N/A,N/A,LOW,synthetic
OIL-01152,2026-05-06,Site D - Jorajan,Maintenance,UC,A field engineer overrode the safety interlock on the compressor to continue operations during a fault.,Yes,Bypassing Safety Controls,Removed machine guard,Interlock system,Missing,MEDIUM,synthetic
OIL-01153,2026-05-07,Site E - Barekuri Pipeline,Production Operations,UA,Permit to work had a minor clerical omission in the time field; corrected before work start. No further action required.,No,Work Authorisation,None identified,Permit to Work (PTW),Adequate / Minor Gap,LOW,synthetic
OIL-01154,2026-05-08,Site C - Kumchai,Excavation,UA,A third-party worker was standing directly beneath a suspended load during a lifting operation near the electrical panel.,Yes,Line of Fire,Struck by falling/moving object,Barricading/exclusion zone,Failed,MEDIUM,synthetic
OIL-01155,2026-05-09,Site E - Barekuri Pipeline,Vehicle Movement,Incident,Tyre pressure was marginally low on a parked vehicle; corrected during routine check. Noted during the daily safety walk.,No,Driving,None identified,Journey management plan,Adequate / Minor Gap,LOW,synthetic
OIL-01156,2026-05-09,Site C - Kumchai,Housekeeping,UA,A dustbin lid was found broken in the parking area; replacement requested. Corrected on the spot.,No,None,None identified,N/A,N/A,LOW,synthetic
OIL-01157,2026-05-10,Site A - Duliajan,Production Operations,UA,Noise from a printer in the office was reported as mildly disruptive. Corrected on the spot.,No,None,None identified,N/A,N/A,LOW,synthetic
OIL-01158,2026-05-12,Site D - Jorajan,Production Operations,UC,Minor housekeeping issue observed near office area; walkway was cluttered with empty boxes. Corrected on the spot.,No,None,None identified,N/A,N/A,LOW,synthetic
OIL-01159,2026-05-13,Site C - Kumchai,Maintenance,UA,A new joinee suggested better labeling for stationery cupboards in the office. No further action required.,No,None,None identified,N/A,N/A,LOW,synthetic
OIL-01160,2026-05-14,Site E - Barekuri Pipeline,Production Operations,UA,A third-party worker reported a flickering light in the break room; maintenance ticket raised. Addressed before the shift ended.,No,None,None identified,N/A,N/A,LOW,synthetic
OIL-01161,2026-05-14,Site E - Barekuri Pipeline,Production Operations,UA,"During maintenance, a new joinee started work on the hydraulic line before energy isolation was verified; the line was found still energized. This was flagged as a high-priority observation.",Yes,Energy Isolation,Stored/residual energy,Isolation certificate,Failed,HIGH,synthetic
OIL-01162,2026-05-15,Site D - Jorajan,Transportation,UA,Minor housekeeping issue: warning cones slightly misplaced near a low-traffic walkway.,No,Line of Fire,None identified,Positioning awareness,Adequate / Minor Gap,LOW,synthetic
OIL-01163,2026-05-15,Site D - Jorajan,Hot Work,UA,Fire watch bucket was found half full of sand instead of full; topped up as per checklist. Logged for routine follow-up.,No,Hot Work,None identified,Hot work permit,Adequate / Minor Gap,LOW,synthetic
OIL-01164,2026-05-15,Site D - Jorajan,Production Operations,Near Miss,A third-party worker reported a flickering light in the break room; maintenance ticket raised. Corrected on the spot.,No,None,None identified,N/A,N/A,LOW,synthetic
OIL-01165,2026-05-16,Site D - Jorajan,Housekeeping,UA,Fire extinguisher signage in the corridor was found slightly faded; repainting scheduled.,No,None,None identified,N/A,N/A,LOW,synthetic
OIL-01166,2026-05-16,Site A - Duliajan,Housekeeping,UC,A shift technician found the water cooler in the rest area was not working; complaint logged.,No,None,None identified,N/A,N/A,LOW,synthetic
OIL-01167,2026-05-17,Site C - Kumchai,Production Operations,UC,An operator positioned themselves in the line of fire while a pressurized hose was being disconnected from the electrical panel. Corrective action was raised on the spot.,Yes,Line of Fire,Struck by falling/moving object,Positioning awareness,Bypassed,HIGH,synthetic
OIL-01168,2026-05-18,Site A - Duliajan,Production Operations,UC,A third-party worker noted a squeaky door hinge in the changing room; lubricated same day. Addressed before the shift ended.,No,None,None identified,N/A,N/A,LOW,synthetic
OIL-01169,2026-05-18,Site D - Jorajan,Production Operations,UC,A third-party worker reported that the office AC filter needed cleaning. Corrected on the spot.,No,None,None identified,N/A,N/A,LOW,synthetic
OIL-01170,2026-05-21,Site E - Barekuri Pipeline,Production Operations,UA,Interlock test was carried out as per schedule with no deviation found. No further action required.,No,Bypassing Safety Controls,None identified,Permit conditions,Adequate / Minor Gap,LOW,synthetic
OIL-01171,2026-05-22,Site E - Barekuri Pipeline,Production Operations,UC,"During crane operation, a contract technician walked under the boom while the load was still suspended. The activity was halted and the area was made safe.",Yes,Line of Fire,Struck by falling/moving object,Suspended load control,Failed,HIGH,synthetic
OIL-01172,2026-05-24,Site B - Moran,Maintenance,UC,A shift technician reported that the office AC filter needed cleaning. Corrected on the spot.,No,None,None identified,N/A,N/A,LOW,synthetic
OIL-01173,2026-05-24,Site B - Moran,Confined Space Entry,UA,"Confined space permit paperwork had a minor date entry error, corrected before entry.",No,Confined Space,None identified,Continuous atmosphere monitoring,Adequate / Minor Gap,LOW,synthetic
OIL-01174,2026-05-25,Site A - Duliajan,Drilling Operations,UA,Rigging equipment tag was due for renewal within the week; flagged for scheduling. Logged for routine follow-up.,No,Safe Mechanical Lifting,None identified,Competent rigger/banksman,Adequate / Minor Gap,LOW,synthetic
OIL-01175,2026-05-25,Site C - Kumchai,Excavation,UC,A shift technician was standing directly beneath a suspended load during a lifting operation near the wellhead valve assembly. The activity was halted and the area was made safe.,Yes,Line of Fire,Suspended load,Signage,Bypassed,HIGH,synthetic
OIL-01176,2026-05-26,Site B - Moran,Housekeeping,UC,A rigger noted a squeaky door hinge in the changing room; lubricated same day. No further action required.,No,None,None identified,N/A,N/A,LOW,synthetic
OIL-01177,2026-05-27,Site B - Moran,Maintenance,UA,Permit to work had a minor clerical omission in the time field; corrected before work start. Corrected on the spot.,No,Work Authorisation,None identified,Permit to Work (PTW),Adequate / Minor Gap,LOW,synthetic
OIL-01178,2026-05-28,Site B - Moran,Working at Height,Incident,Scaffold tag was found slightly discolored and hard to read; replaced during routine check. No further action required.,No,Working at Height,None identified,Fall protection/harness,Adequate / Minor Gap,LOW,synthetic
OIL-01179,2026-05-29,Site D - Jorajan,Maintenance,Near Miss,Welding was being performed by a rigger near flammable material without a fire watch posted. Corrective action was raised on the spot.,Yes,Hot Work,Ignition of flammable material,Fire extinguishing equipment on site,Failed,MEDIUM,synthetic
OIL-01180,2026-05-29,Site B - Moran,Maintenance,UA,Gas testing equipment battery indicator was low but was replaced before any entry occurred. Logged for routine follow-up.,No,Confined Space,None identified,Gas testing,Adequate / Minor Gap,LOW,synthetic
OIL-01181,2026-05-29,Site D - Jorajan,Vehicle Movement,UC,Tyre pressure was marginally low on a parked vehicle; corrected during routine check.,No,Driving,None identified,Journey management plan,Adequate / Minor Gap,LOW,synthetic
OIL-01182,2026-05-31,Site B - Moran,Housekeeping,UA,Signboard directing to the emergency assembly point was slightly bent; straightened by a new joinee.,No,None,None identified,N/A,N/A,LOW,synthetic
OIL-01183,2026-06-03,Site B - Moran,Maintenance,UA,A dustbin lid was found broken in the parking area; replacement requested.,No,None,None identified,N/A,N/A,LOW,synthetic
OIL-01184,2026-06-03,Site C - Kumchai,Transportation,UC,Minor housekeeping issue: warning cones slightly misplaced near a low-traffic walkway. Addressed before the shift ended.,No,Line of Fire,None identified,Barricading/exclusion zone,Adequate / Minor Gap,LOW,synthetic
OIL-01185,2026-06-04,Site C - Kumchai,Maintenance,UC,"General cleanliness observation: canteen floor was slightly wet near the entrance, mopped promptly. Addressed before the shift ended.",No,None,None identified,N/A,N/A,LOW,synthetic
OIL-01186,2026-06-04,Site E - Barekuri Pipeline,Confined Space Entry,Near Miss,A shift technician entered a pit for cable work without checking for oxygen deficiency; gas detector was not carried. No injury occurred.,Yes,Confined Space,Engulfment,Gas testing,Bypassed,HIGH,synthetic
OIL-01187,2026-06-05,Site A - Duliajan,Production Operations,UA,Residual pressure was not bled off from the gas compressor skid before a contract technician disconnected the coupling.,Yes,Energy Isolation,Stored/residual energy,Isolation certificate,Missing,HIGH,synthetic
OIL-01188,2026-06-06,Site D - Jorajan,Hot Work,UA,A maintenance crew member continued welding after the hot work permit had expired. This was flagged as a high-priority observation.,Yes,Hot Work,Explosion,Hot work permit,Missing,HIGH,synthetic
OIL-01189,2026-06-07,Site B - Moran,Confined Space Entry,Near Miss,A contract technician entered a pit for cable work without checking for oxygen deficiency; gas detector was not carried. Fortunately no one was in the immediate vicinity at the time.,Yes,Confined Space,Toxic atmosphere,Gas testing,Bypassed,HIGH,synthetic
OIL-01190,2026-06-07,Site E - Barekuri Pipeline,Production Operations,UA,A field engineer bypassed the LOTO tag and re-energized the gas compressor skid while another crew was still working on it. Corrective action was raised on the spot.,Yes,Energy Isolation,Unexpected energy release,Isolation verification,Failed,HIGH,synthetic
OIL-01191,2026-06-08,Site A - Duliajan,Hot Work,UA,Hot work permit was signed but the copy at the site was slightly torn; replaced with new copy.,No,Hot Work,None identified,Fire extinguishing equipment on site,Adequate / Minor Gap,LOW,synthetic
OIL-01192,2026-06-09,Site C - Kumchai,Housekeeping,UA,A minor paint peel was noticed on the safety information board near the pump P-204. Noted during the daily safety walk.,No,None,None identified,N/A,N/A,LOW,synthetic
OIL-01193,2026-06-10,Site D - Jorajan,Drilling Operations,UA,Rigging equipment tag was due for renewal within the week; flagged for scheduling.,No,Safe Mechanical Lifting,None identified,Rigging inspection,Adequate / Minor Gap,LOW,synthetic
OIL-01194,2026-06-10,Site D - Jorajan,Electrical Work,UA,Isolation point signage near the compressor unit was partially obscured by dust; cleaned during routine round. Noted during the daily safety walk.,No,Energy Isolation,None identified,Isolation verification,Adequate / Minor Gap,LOW,synthetic
OIL-01195,2026-06-10,Site D - Jorajan,Production Operations,Incident,Fire extinguisher signage in the corridor was found slightly faded; repainting scheduled. Corrected on the spot.,No,None,None identified,N/A,N/A,LOW,synthetic
OIL-01196,2026-06-11,Site B - Moran,Working at Height,UA,Scaffold tag was found slightly discolored and hard to read; replaced during routine check. Noted during the daily safety walk.,No,Working at Height,None identified,Fall protection/harness,Adequate / Minor Gap,LOW,synthetic
OIL-01197,2026-06-11,Site A - Duliajan,Production Operations,UA,Noise from a printer in the office was reported as mildly disruptive. Logged for routine follow-up.,No,None,None identified,N/A,N/A,LOW,synthetic
OIL-01198,2026-06-12,Site A - Duliajan,Production Operations,UC,LOTO was not applied before a new joinee attempted to remove a valve on the transformer bay; potential for unexpected energy release.,Yes,Energy Isolation,Stored/residual energy,Isolation certificate,Bypassed,HIGH,synthetic
OIL-01199,2026-06-12,Site C - Kumchai,Hot Work,Near Miss,Hot work was started by a third-party worker without gas testing the surrounding area for flammable vapors. Work was stopped immediately once observed.,Yes,Hot Work,Explosion,Fire extinguishing equipment on site,Bypassed,HIGH,synthetic
OIL-01200,2026-06-12,Site D - Jorajan,Production Operations,UC,A dustbin lid was found broken in the parking area; replacement requested. No further action required.,No,None,None identified,N/A,N/A,LOW,synthetic
OIL-01201,2026-06-13,Site B - Moran,Excavation,UA,A contract technician positioned themselves in the line of fire while a pressurized hose was being disconnected from the electrical panel. Corrective action was raised on the spot.,Yes,Line of Fire,Pressure release,Barricading/exclusion zone,Missing,HIGH,synthetic
OIL-01202,2026-06-13,Site B - Moran,Lifting Operations,Incident,Lift plan paperwork was completed but filed a day late; no impact on the lift itself. Logged for routine follow-up.,No,Safe Mechanical Lifting,None identified,Lift plan,Adequate / Minor Gap,LOW,synthetic
OIL-01203,2026-06-14,Site E - Barekuri Pipeline,Production Operations,Near Miss,A pipe section slipped from rigging and struck the barricade near where a maintenance crew member was standing. No injury occurred.,Yes,Line of Fire,Struck by falling/moving object,Barricading/exclusion zone,Bypassed,HIGH,synthetic
OIL-01204,2026-06-14,Site C - Kumchai,Production Operations,UA,A shift technician noted a squeaky door hinge in the changing room; lubricated same day. Corrected on the spot.,No,None,None identified,N/A,N/A,LOW,synthetic
OIL-01205,2026-06-17,Site A - Duliajan,Maintenance,UA,A first-aid box in the admin building was found to be missing a few bandages; restocked.,No,None,None identified,N/A,N/A,LOW,synthetic
OIL-01206,2026-06-18,Site A - Duliajan,Maintenance,Near Miss,A third-party worker observed mild clutter of files near the printer station; tidied up. Corrected on the spot.,No,None,None identified,N/A,N/A,LOW,synthetic
OIL-01207,2026-06-18,Site A - Duliajan,Maintenance,UA,"During maintenance, a third-party worker started work on the transformer bay before energy isolation was verified; the line was found still energized.",Yes,Energy Isolation,Stored/residual energy,Isolation certificate,Bypassed,MEDIUM,synthetic
OIL-01208,2026-06-18,Site B - Moran,Drilling Operations,UA,Lifting was carried out by a maintenance crew member without a documented lift plan for a heavy load near the hydraulic line. Corrective action was raised on the spot.,Yes,Safe Mechanical Lifting,Load drop,Competent rigger/banksman,Failed,HIGH,synthetic
OIL-01209,2026-06-18,Site E - Barekuri Pipeline,Transportation,Incident,Minor housekeeping issue: warning cones slightly misplaced near a low-traffic walkway. Corrected on the spot.,No,Line of Fire,None identified,Signage,Adequate / Minor Gap,LOW,synthetic
OIL-01210,2026-06-19,Site D - Jorajan,Vehicle Movement,UC,Vehicle inspection checklist had a minor missing signature; corrected before dispatch. Noted during the daily safety walk.,No,Driving,None identified,Speed compliance,Adequate / Minor Gap,LOW,synthetic
OIL-01211,2026-06-20,Site C - Kumchai,Maintenance,Near Miss,A field engineer reported that the office AC filter needed cleaning. Logged for routine follow-up.,No,None,None identified,N/A,N/A,LOW,synthetic
OIL-01212,2026-06-20,Site B - Moran,Production Operations,UC,Stationery shelf in the site office was found disorganized during a routine walk-through. Corrected on the spot.,No,None,None identified,N/A,N/A,LOW,synthetic
OIL-01213,2026-06-20,Site E - Barekuri Pipeline,Lifting Operations,UA,Barricade tape near the work area was found loose; retightened without incident.,No,Line of Fire,None identified,Barricading/exclusion zone,Adequate / Minor Gap,LOW,synthetic
OIL-01214,2026-06-20,Site E - Barekuri Pipeline,Maintenance,UC,"Confined space permit paperwork had a minor date entry error, corrected before entry.",No,Confined Space,None identified,Confined space entry permit,Adequate / Minor Gap,LOW,synthetic
OIL-01215,2026-06-20,Site B - Moran,Maintenance,UC,Signboard directing to the emergency assembly point was slightly bent; straightened by a field engineer. Noted during the daily safety walk.,No,None,None identified,N/A,N/A,LOW,synthetic
OIL-01216,2026-06-21,Site A - Duliajan,Scaffolding,UC,Scaffold tag was found slightly discolored and hard to read; replaced during routine check. Noted during the daily safety walk.,No,Working at Height,None identified,Anchor point verification,Adequate / Minor Gap,LOW,synthetic
OIL-01217,2026-06-21,Site E - Barekuri Pipeline,Maintenance,UC,An alarm on the main isolation valve was silenced by a contract technician without investigating the cause.,Yes,Bypassing Safety Controls,Overridden alarm,Alarm system,Missing,MEDIUM,synthetic
OIL-01218,2026-06-22,Site D - Jorajan,Production Operations,UC,Signboard directing to the emergency assembly point was slightly bent; straightened by a contract technician. Addressed before the shift ended.,No,None,None identified,N/A,N/A,LOW,synthetic
OIL-01219,2026-06-23,Site C - Kumchai,Maintenance,UA,Isolation tag on the main isolation valve was found slightly faded and needs replacement; work was not affected. No further action required.,No,Energy Isolation,None identified,Zero-energy check,Adequate / Minor Gap,LOW,synthetic
OIL-01220,2026-06-23,Site C - Kumchai,Maintenance,UC,A shift technician observed a torn notice board sheet near the muster point; replaced during rounds.,No,None,None identified,N/A,N/A,LOW,synthetic
OIL-01221,2026-06-23,Site A - Duliajan,Housekeeping,UC,Fire extinguisher signage in the corridor was found slightly faded; repainting scheduled. Logged for routine follow-up.,No,None,None identified,N/A,N/A,LOW,synthetic
OIL-01222,2026-06-24,Site B - Moran,Transportation,UA,A new joinee was found using a mobile phone while driving a light vehicle on-site. This was flagged as a high-priority observation.,Yes,Driving,Pedestrian strike,Fatigue management,Bypassed,HIGH,synthetic
OIL-01223,2026-06-24,Site A - Duliajan,Maintenance,UA,A new joinee was found not wearing safety glasses while filing paperwork in the site office. Noted during the daily safety walk.,No,None,None identified,N/A,N/A,LOW,synthetic
OIL-01224,2026-06-25,Site E - Barekuri Pipeline,Hot Work,UC,A third-party worker carried out grinding work without a valid hot work permit near the transformer bay.,Yes,Hot Work,Fire,Hot work permit,Failed,HIGH,synthetic
OIL-01225,2026-06-27,Site D - Jorajan,Lifting Operations,UA,Barricade tape near the work area was found loose; retightened without incident. No further action required.,No,Line of Fire,None identified,Suspended load control,Adequate / Minor Gap,LOW,synthetic
OIL-01226,2026-06-28,Site B - Moran,Maintenance,UA,An operator entered a storage tank without prior gas testing being completed. Fortunately no one was in the immediate vicinity at the time.,Yes,Confined Space,Engulfment,Confined space entry permit,Bypassed,HIGH,synthetic
OIL-01227,2026-06-28,Site E - Barekuri Pipeline,Housekeeping,UC,An operator observed mild clutter of files near the printer station; tidied up. Corrected on the spot.,No,None,None identified,N/A,N/A,LOW,synthetic
OIL-01228,2026-06-30,Site D - Jorajan,Lifting Operations,UA,Lifting was carried out by a maintenance crew member without a documented lift plan for a heavy load near the compressor unit. The activity was halted and the area was made safe.,Yes,Safe Mechanical Lifting,Crane instability,Load chart compliance,Failed,HIGH,synthetic
OIL-01229,2026-06-30,Site D - Jorajan,Lifting Operations,Near Miss,A shift technician exceeded the load chart limit while lifting equipment near the wellhead. The activity was halted and the area was made safe.,Yes,Safe Mechanical Lifting,Load drop,Load chart compliance,Bypassed,HIGH,synthetic
OIL-01230,2026-06-30,Site E - Barekuri Pipeline,Maintenance,UC,Signboard directing to the emergency assembly point was slightly bent; straightened by a contract technician. No further action required.,No,None,None identified,N/A,N/A,LOW,synthetic
OIL-01231,2026-07-01,Site B - Moran,Production Operations,UA,A shift technician suggested better labeling for stationery cupboards in the office. No further action required.,No,None,None identified,N/A,N/A,LOW,synthetic
OIL-01232,2026-07-01,Site A - Duliajan,Housekeeping,UA,A first-aid box in the admin building was found to be missing a few bandages; restocked.,No,None,None identified,N/A,N/A,LOW,synthetic
OIL-01233,2026-07-02,Site B - Moran,Housekeeping,UC,A rigger noted a squeaky door hinge in the changing room; lubricated same day. Noted during the daily safety walk.,No,None,None identified,N/A,N/A,LOW,synthetic
OIL-01234,2026-07-02,Site A - Duliajan,Transportation,UC,Journey management plan was not filed before a third-party worker undertook a long-distance site transfer.,Yes,Driving,Pedestrian strike,Fatigue management,Failed,MEDIUM,synthetic
OIL-01235,2026-07-02,Site A - Duliajan,Maintenance,UC,Fire extinguisher signage in the corridor was found slightly faded; repainting scheduled.,No,None,None identified,N/A,N/A,LOW,synthetic
OIL-01236,2026-07-02,Site A - Duliajan,Working at Height,UA,A field engineer noted a minor gap in toe-board on a low-height platform; corrected same day. Corrected on the spot.,No,Working at Height,None identified,Fall protection/harness,Adequate / Minor Gap,LOW,synthetic
OIL-01237,2026-07-03,Site B - Moran,Maintenance,Incident,No standby/rescue personnel was posted while a field engineer entered the confined space to clear a blockage. Work was stopped immediately once observed.,Yes,Confined Space,Oxygen-deficient atmosphere,Gas testing,Bypassed,HIGH,synthetic
OIL-01238,2026-07-05,Site A - Duliajan,Maintenance,UA,Signboard directing to the emergency assembly point was slightly bent; straightened by a new joinee.,No,None,None identified,N/A,N/A,LOW,synthetic
OIL-01239,2026-07-05,Site B - Moran,Production Operations,UA,Supervisor authorization was missing but a maintenance crew member commenced work on the pressurized system. Work was stopped immediately once observed.,Yes,Work Authorisation,Unauthorized/uncontrolled work start,Risk assessment / JSA,Failed,HIGH,synthetic
OIL-01240,2026-07-05,Site C - Kumchai,Housekeeping,UA,An operator reported a flickering light in the break room; maintenance ticket raised.,No,None,None identified,N/A,N/A,LOW,synthetic
OIL-01241,2026-07-05,Site E - Barekuri Pipeline,Confined Space Entry,UC,"Confined space permit paperwork had a minor date entry error, corrected before entry. Addressed before the shift ended.",No,Confined Space,None identified,Gas testing,Adequate / Minor Gap,LOW,synthetic
OIL-01242,2026-07-05,Site B - Moran,Hot Work,UC,Fire watch bucket was found half full of sand instead of full; topped up as per checklist. Corrected on the spot.,No,Hot Work,None identified,Hot work permit,Adequate / Minor Gap,LOW,synthetic
OIL-01243,2026-07-06,Site A - Duliajan,Scaffolding,Near Miss,A maintenance crew member noted a minor gap in toe-board on a low-height platform; corrected same day. Addressed before the shift ended.,No,Working at Height,None identified,Guardrails,Adequate / Minor Gap,LOW,synthetic
OIL-01244,2026-07-06,Site B - Moran,Maintenance,UA,A new joinee entered a pit for cable work without checking for oxygen deficiency; gas detector was not carried. Work was stopped immediately once observed.,Yes,Confined Space,Toxic atmosphere,Confined space entry permit,Bypassed,HIGH,synthetic
OIL-01245,2026-07-07,Site D - Jorajan,Maintenance,UA,Minor housekeeping: cables in the office area were not properly bundled. Logged for routine follow-up.,No,None,None identified,N/A,N/A,LOW,synthetic
OIL-01246,2026-07-09,Site C - Kumchai,Hot Work,UC,Hot work permit was signed but the copy at the site was slightly torn; replaced with new copy. Addressed before the shift ended.,No,Hot Work,None identified,Hot work permit,Adequate / Minor Gap,LOW,synthetic
OIL-01247,2026-07-10,Site A - Duliajan,Housekeeping,UC,A field engineer was found not wearing safety glasses while filing paperwork in the site office. Addressed before the shift ended.,No,None,None identified,N/A,N/A,LOW,synthetic
OIL-01248,2026-07-10,Site E - Barekuri Pipeline,Production Operations,UC,Isolation point signage near the main isolation valve was partially obscured by dust; cleaned during routine round. No further action required.,No,Energy Isolation,None identified,Zero-energy check,Adequate / Minor Gap,LOW,synthetic
OIL-01249,2026-07-12,Site C - Kumchai,Excavation,UA,A dropped tool fell from height and narrowly missed a field engineer working below on the hydraulic line area.,Yes,Line of Fire,Suspended load,Suspended load control,Missing,MEDIUM,synthetic
OIL-01250,2026-07-14,Site E - Barekuri Pipeline,Production Operations,UC,A shift technician was found not wearing safety glasses while filing paperwork in the site office. Addressed before the shift ended.,No,None,None identified,N/A,N/A,LOW,synthetic
OIL-01251,2026-07-14,Site A - Duliajan,Maintenance,UA,A rigger noted a squeaky door hinge in the changing room; lubricated same day.,No,None,None identified,N/A,N/A,LOW,synthetic
OIL-01252,2026-07-14,Site E - Barekuri Pipeline,Excavation,UA,Barricade tape near the work area was found loose; retightened without incident.,No,Line of Fire,None identified,Barricading/exclusion zone,Adequate / Minor Gap,LOW,synthetic
OIL-01253,2026-07-14,Site D - Jorajan,Drilling Operations,UA,Supervisor authorization was missing but an operator commenced work on the pressurized system. Corrective action was raised on the spot.,Yes,Work Authorisation,Unauthorized/uncontrolled work start,Supervisory authorization,Failed,HIGH,synthetic
OIL-01254,2026-07-15,Site A - Duliajan,Lifting Operations,Near Miss,Rigging sling was found frayed but a rigger continued the lift without inspection. Corrective action was raised on the spot.,Yes,Safe Mechanical Lifting,Rigging failure,Lift plan,Missing,HIGH,synthetic
OIL-01255,2026-07-19,Site A - Duliajan,Vehicle Movement,UA,Vehicle inspection checklist had a minor missing signature; corrected before dispatch. Addressed before the shift ended.,No,Driving,None identified,Fatigue management,Adequate / Minor Gap,LOW,synthetic
OIL-01256,2026-07-19,Site E - Barekuri Pipeline,Production Operations,UC,A shift technician reported a flickering light in the break room; maintenance ticket raised. Corrected on the spot.,No,None,None identified,N/A,N/A,LOW,synthetic
OIL-01257,2026-07-19,Site D - Jorajan,Maintenance,UC,No fire extinguisher was available at the hot work location where an operator was cutting pipe.,Yes,Hot Work,Fire,Fire extinguishing equipment on site,Missing,HIGH,synthetic
OIL-01258,2026-07-20,Site E - Barekuri Pipeline,Housekeeping,UA,A new joinee suggested better labeling for stationery cupboards in the office.,No,None,None identified,N/A,N/A,LOW,synthetic
OIL-01259,2026-07-21,Site C - Kumchai,Production Operations,UA,Signboard directing to the emergency assembly point was slightly bent; straightened by a rigger. No further action required.,No,None,None identified,N/A,N/A,LOW,synthetic
OIL-01260,2026-07-21,Site D - Jorajan,Maintenance,UC,A new joinee reported that the office AC filter needed cleaning.,No,None,None identified,N/A,N/A,LOW,synthetic
OIL-01261,2026-07-21,Site C - Kumchai,Lifting Operations,Near Miss,No competent banksman was present while a new joinee directed a crane lift. This was flagged as a high-priority observation.,Yes,Safe Mechanical Lifting,Crane instability,Load chart compliance,Failed,HIGH,synthetic
OIL-01262,2026-07-22,Site A - Duliajan,Maintenance,Near Miss,"Confined space permit paperwork had a minor date entry error, corrected before entry.",No,Confined Space,None identified,Rescue plan/standby,Adequate / Minor Gap,LOW,synthetic
OIL-01263,2026-07-22,Site C - Kumchai,Hot Work,Near Miss,Hot work was started by a new joinee without gas testing the surrounding area for flammable vapors. Work was stopped immediately once observed.,Yes,Hot Work,Fire,Fire watch,Bypassed,MEDIUM,synthetic
OIL-01264,2026-07-23,Site A - Duliajan,Maintenance,Near Miss,Gas testing equipment battery indicator was low but was replaced before any entry occurred. Noted during the daily safety walk.,No,Confined Space,None identified,Continuous atmosphere monitoring,Adequate / Minor Gap,LOW,synthetic
OIL-01265,2026-07-24,Site D - Jorajan,Housekeeping,Near Miss,Minor housekeeping issue observed near office area; walkway was cluttered with empty boxes. Noted during the daily safety walk.,No,None,None identified,N/A,N/A,LOW,synthetic
OIL-01266,2026-07-25,Site A - Duliajan,Maintenance,UC,"A third-party worker began repair work on the gas compressor skid without confirming zero-energy state, panel was later found live.",Yes,Energy Isolation,Unexpected energy release,Isolation verification,Failed,HIGH,synthetic
OIL-01267,2026-07-25,Site E - Barekuri Pipeline,Transportation,UC,Tyre pressure was marginally low on a parked vehicle; corrected during routine check. Addressed before the shift ended.,No,Driving,None identified,Speed compliance,Adequate / Minor Gap,LOW,synthetic
OIL-01268,2026-07-25,Site A - Duliajan,Maintenance,UC,Fire watch bucket was found half full of sand instead of full; topped up as per checklist.,No,Hot Work,None identified,Fire extinguishing equipment on site,Adequate / Minor Gap,LOW,synthetic
OIL-01269,2026-07-25,Site A - Duliajan,Maintenance,UA,A first-aid box in the admin building was found to be missing a few bandages; restocked. Addressed before the shift ended.,No,None,None identified,N/A,N/A,LOW,synthetic
OIL-01270,2026-07-25,Site D - Jorajan,Drilling Operations,UC,Crane outriggers were not fully extended before a rigger began the lift. No injury occurred.,Yes,Safe Mechanical Lifting,Load drop,Load chart compliance,Failed,HIGH,synthetic
OIL-01271,2026-07-27,Site A - Duliajan,Housekeeping,UA,A contract technician found the water cooler in the rest area was not working; complaint logged.,No,None,None identified,N/A,N/A,LOW,synthetic
OIL-01272,2026-07-27,Site B - Moran,Maintenance,UA,A new joinee reported that the office AC filter needed cleaning. Noted during the daily safety walk.,No,None,None identified,N/A,N/A,LOW,synthetic
OIL-01273,2026-07-28,Site C - Kumchai,Electrical Work,Near Miss,Isolation point signage near the compressor unit was partially obscured by dust; cleaned during routine round. No further action required.,No,Energy Isolation,None identified,Lockout/Tagout (LOTO),Adequate / Minor Gap,LOW,synthetic
OIL-01274,2026-07-30,Site B - Moran,Housekeeping,UC,Stationery shelf in the site office was found disorganized during a routine walk-through. Corrected on the spot.,No,None,None identified,N/A,N/A,LOW,synthetic
OIL-01275,2026-07-30,Site C - Kumchai,Working at Height,UC,A shift technician noted a minor gap in toe-board on a low-height platform; corrected same day. Logged for routine follow-up.,No,Working at Height,None identified,Scaffold inspection tag,Adequate / Minor Gap,LOW,synthetic
OIL-01276,2026-07-31,Site E - Barekuri Pipeline,Housekeeping,UA,A shift technician observed a torn notice board sheet near the muster point; replaced during rounds.,No,None,None identified,N/A,N/A,LOW,synthetic
OIL-01277,2026-07-31,Site C - Kumchai,Lifting Operations,Near Miss,"During crane operation, an operator walked under the boom while the load was still suspended. The activity was halted and the area was made safe.",Yes,Line of Fire,Pressure release,Barricading/exclusion zone,Missing,MEDIUM,synthetic
OIL-01278,2026-08-01,Site A - Duliajan,Scaffolding,Near Miss,A rigger was working at height on scaffolding without a harness properly anchored. No injury occurred.,Yes,Working at Height,Fall from height,Guardrails,Failed,HIGH,synthetic
OIL-01279,2026-08-02,Site E - Barekuri Pipeline,Production Operations,UA,Stationery shelf in the site office was found disorganized during a routine walk-through. Noted during the daily safety walk.,No,None,None identified,N/A,N/A,LOW,synthetic
OIL-01280,2026-08-02,Site B - Moran,Production Operations,UC,A loose floor tile was noticed by a shift technician in the administrative block corridor. Corrected on the spot.,No,None,None identified,N/A,N/A,LOW,synthetic
OIL-01281,2026-08-03,Site E - Barekuri Pipeline,Confined Space Entry,UC,"Confined space permit paperwork had a minor date entry error, corrected before entry. No further action required.",No,Confined Space,None identified,Confined space entry permit,Adequate / Minor Gap,LOW,synthetic
OIL-01282,2026-08-03,Site C - Kumchai,Production Operations,UC,Noise from a printer in the office was reported as mildly disruptive. No further action required.,No,None,None identified,N/A,N/A,LOW,synthetic
OIL-01283,2026-08-04,Site D - Jorajan,Production Operations,Near Miss,Barricade tape near the work area was found loose; retightened without incident. Corrected on the spot.,No,Line of Fire,None identified,Suspended load control,Adequate / Minor Gap,LOW,synthetic
OIL-01284,2026-08-05,Site C - Kumchai,Production Operations,UC,Interlock test was carried out as per schedule with no deviation found. Addressed before the shift ended.,No,Bypassing Safety Controls,None identified,Alarm system,Adequate / Minor Gap,LOW,synthetic
OIL-01285,2026-08-06,Site E - Barekuri Pipeline,Production Operations,UA,Minor housekeeping: cables in the office area were not properly bundled.,No,None,None identified,N/A,N/A,LOW,synthetic
OIL-01286,2026-08-06,Site C - Kumchai,Production Operations,UC,A new joinee bypassed the LOTO tag and re-energized the compressor unit while another crew was still working on it. The activity was halted and the area was made safe.,Yes,Energy Isolation,Electrical shock,Isolation certificate,Bypassed,MEDIUM,synthetic
OIL-01287,2026-08-08,Site D - Jorajan,Excavation,UC,Minor housekeeping issue: warning cones slightly misplaced near a low-traffic walkway. Noted during the daily safety walk.,No,Line of Fire,None identified,Positioning awareness,Adequate / Minor Gap,LOW,synthetic
OIL-01288,2026-08-09,Site B - Moran,Maintenance,UC,A third-party worker carried out grinding work without a valid hot work permit near the transformer bay. Corrective action was raised on the spot.,Yes,Hot Work,Fire,Fire extinguishing equipment on site,Failed,HIGH,synthetic
OIL-01289,2026-08-09,Site D - Jorajan,Production Operations,UA,A new joinee observed faded exclusion-zone markings near the pump P-204; reported for repainting. No further action required.,No,Line of Fire,None identified,Suspended load control,Adequate / Minor Gap,LOW,synthetic
OIL-01290,2026-08-13,Site D - Jorajan,Production Operations,UC,Minor housekeeping issue: warning cones slightly misplaced near a low-traffic walkway.,No,Line of Fire,None identified,Barricading/exclusion zone,Adequate / Minor Gap,LOW,synthetic
OIL-01291,2026-08-13,Site C - Kumchai,Working at Height,UC,An operator climbed the wellhead valve assembly structure without using fall protection equipment. Fortunately no one was in the immediate vicinity at the time.,Yes,Working at Height,Dropped object,Fall protection/harness,Failed,HIGH,synthetic
OIL-01292,2026-08-14,Site E - Barekuri Pipeline,Production Operations,Near Miss,Stationery shelf in the site office was found disorganized during a routine walk-through.,No,None,None identified,N/A,N/A,LOW,synthetic
OIL-01293,2026-08-14,Site B - Moran,Hot Work,Near Miss,Hot work permit was signed but the copy at the site was slightly torn; replaced with new copy. No further action required.,No,Hot Work,None identified,Gas testing (flammable atmosphere),Adequate / Minor Gap,LOW,synthetic
OIL-01294,2026-08-14,Site D - Jorajan,Production Operations,UA,An alarm on the electrical panel was silenced by a contract technician without investigating the cause. Corrective action was raised on the spot.,Yes,Bypassing Safety Controls,Overridden alarm,Alarm system,Missing,HIGH,synthetic
OIL-01295,2026-08-14,Site D - Jorajan,Maintenance,UC,A rigger suggested better labeling for stationery cupboards in the office.,No,None,None identified,N/A,N/A,LOW,synthetic
OIL-01296,2026-08-15,Site E - Barekuri Pipeline,Electrical Work,UC,Isolation point signage near the pump P-204 was partially obscured by dust; cleaned during routine round. No further action required.,No,Energy Isolation,None identified,Zero-energy check,Adequate / Minor Gap,LOW,synthetic
OIL-01297,2026-08-16,Site D - Jorajan,Scaffolding,UA,A rigger noted a minor gap in toe-board on a low-height platform; corrected same day. Addressed before the shift ended.,No,Working at Height,None identified,Guardrails,Adequate / Minor Gap,LOW,synthetic
OIL-01298,2026-08-16,Site D - Jorajan,Housekeeping,UA,A rigger suggested better labeling for stationery cupboards in the office. Addressed before the shift ended.,No,None,None identified,N/A,N/A,LOW,synthetic
OIL-01299,2026-08-19,Site B - Moran,Maintenance,UA,Signboard directing to the emergency assembly point was slightly bent; straightened by an operator. Addressed before the shift ended.,No,None,None identified,N/A,N/A,LOW,synthetic
OIL-01300,2026-08-19,Site B - Moran,Electrical Work,UA,Isolation tag on the pump P-204 was found slightly faded and needs replacement; work was not affected. Logged for routine follow-up.,No,Energy Isolation,None identified,Isolation verification,Adequate / Minor Gap,LOW,synthetic
OIL-01301,2026-08-20,Site A - Duliajan,Electrical Work,UC,Isolation tag on the compressor unit was found slightly faded and needs replacement; work was not affected.,No,Energy Isolation,None identified,Isolation certificate,Adequate / Minor Gap,LOW,synthetic
OIL-01302,2026-08-21,Site A - Duliajan,Maintenance,UC,A rigger bypassed the LOTO tag and re-energized the wellhead valve assembly while another crew was still working on it. Work was stopped immediately once observed.,Yes,Energy Isolation,Stored/residual energy,Lockout/Tagout (LOTO),Failed,MEDIUM,synthetic
OIL-01303,2026-08-22,Site C - Kumchai,Vehicle Movement,UA,Vehicle inspection checklist had a minor missing signature; corrected before dispatch. Corrected on the spot.,No,Driving,None identified,Seatbelt use,Adequate / Minor Gap,LOW,synthetic
OIL-01304,2026-08-23,Site D - Jorajan,Maintenance,UA,Isolation point signage near the gas compressor skid was partially obscured by dust; cleaned during routine round. Corrected on the spot.,No,Energy Isolation,None identified,Lockout/Tagout (LOTO),Adequate / Minor Gap,LOW,synthetic
OIL-01305,2026-08-23,Site A - Duliajan,Maintenance,UA,A new joinee was found not wearing safety glasses while filing paperwork in the site office.,No,None,None identified,N/A,N/A,LOW,synthetic
OIL-01306,2026-08-24,Site E - Barekuri Pipeline,Maintenance,UC,Signboard directing to the emergency assembly point was slightly bent; straightened by a contract technician.,No,None,None identified,N/A,N/A,LOW,synthetic
OIL-01307,2026-08-24,Site D - Jorajan,Production Operations,UA,Isolation point signage near the electrical panel was partially obscured by dust; cleaned during routine round.,No,Energy Isolation,None identified,Zero-energy check,Adequate / Minor Gap,LOW,synthetic
OIL-01308,2026-08-24,Site B - Moran,Housekeeping,UA,A field engineer suggested better labeling for stationery cupboards in the office.,No,None,None identified,N/A,N/A,LOW,synthetic
OIL-01309,2026-08-25,Site A - Duliajan,Housekeeping,UA,A shift technician observed a torn notice board sheet near the muster point; replaced during rounds. Noted during the daily safety walk.,No,None,None identified,N/A,N/A,LOW,synthetic
OIL-01310,2026-08-25,Site E - Barekuri Pipeline,Confined Space Entry,Incident,A contract technician entered a pit for cable work without checking for oxygen deficiency; gas detector was not carried. This was flagged as a high-priority observation.,Yes,Confined Space,Toxic atmosphere,Gas testing,Bypassed,MEDIUM,synthetic
OIL-01311,2026-08-26,Site C - Kumchai,Production Operations,UC,Alarm panel indicator light was flickering; replaced during preventive maintenance.,No,Bypassing Safety Controls,None identified,Permit conditions,Adequate / Minor Gap,LOW,synthetic
OIL-01312,2026-08-26,Site C - Kumchai,Production Operations,Near Miss,A first-aid box in the admin building was found to be missing a few bandages; restocked.,No,None,None identified,N/A,N/A,LOW,synthetic
OIL-01313,2026-08-27,Site C - Kumchai,Production Operations,UC,A dustbin lid was found broken in the parking area; replacement requested. Corrected on the spot.,No,None,None identified,N/A,N/A,LOW,synthetic
OIL-01314,2026-08-28,Site A - Duliajan,Housekeeping,UA,Signboard directing to the emergency assembly point was slightly bent; straightened by a new joinee. Corrected on the spot.,No,None,None identified,N/A,N/A,LOW,synthetic
OIL-01315,2026-08-28,Site E - Barekuri Pipeline,Maintenance,UA,"Confined space permit paperwork had a minor date entry error, corrected before entry. Noted during the daily safety walk.",No,Confined Space,None identified,Continuous atmosphere monitoring,Adequate / Minor Gap,LOW,synthetic
OIL-01316,2026-08-29,Site B - Moran,Production Operations,UC,A maintenance crew member observed faded exclusion-zone markings near the pump P-204; reported for repainting.,No,Line of Fire,None identified,Signage,Adequate / Minor Gap,LOW,synthetic
OIL-01317,2026-08-29,Site E - Barekuri Pipeline,Maintenance,UC,Signboard directing to the emergency assembly point was slightly bent; straightened by a field engineer. No further action required.,No,None,None identified,N/A,N/A,LOW,synthetic
OIL-01318,2026-08-30,Site B - Moran,Drilling Operations,Near Miss,A rigger proceeded with work outside the scope authorized on the permit. This was flagged as a high-priority observation.,Yes,Work Authorisation,Unauthorized/uncontrolled work start,Supervisory authorization,Missing,HIGH,synthetic
OIL-01319,2026-08-30,Site A - Duliajan,Maintenance,UC,Fire watch bucket was found half full of sand instead of full; topped up as per checklist. Logged for routine follow-up.,No,Hot Work,None identified,Fire watch,Adequate / Minor Gap,LOW,synthetic
OIL-01320,2026-08-30,Site C - Kumchai,Housekeeping,UA,A minor paint peel was noticed on the safety information board near the main isolation valve.,No,None,None identified,N/A,N/A,LOW,synthetic
OIL-01321,2026-08-31,Site B - Moran,Maintenance,UA,Continuous atmosphere monitoring was not maintained while a rigger worked inside the tank; monitor was left outside.,Yes,Confined Space,Oxygen-deficient atmosphere,Gas testing,Bypassed,HIGH,synthetic
OIL-01322,2026-08-31,Site E - Barekuri Pipeline,Production Operations,UA,A minor paint peel was noticed on the safety information board near the compressor unit.,No,None,None identified,N/A,N/A,LOW,synthetic
OIL-01323,2026-08-31,Site C - Kumchai,Production Operations,UC,Signboard directing to the emergency assembly point was slightly bent; straightened by a maintenance crew member. Logged for routine follow-up.,No,None,None identified,N/A,N/A,LOW,synthetic
OIL-01324,2026-08-31,Site A - Duliajan,Production Operations,Near Miss,Stationery shelf in the site office was found disorganized during a routine walk-through.,No,None,None identified,N/A,N/A,LOW,synthetic
OIL-01325,2026-08-31,Site A - Duliajan,Production Operations,UA,A rigger reported that the office AC filter needed cleaning. Corrected on the spot.,No,None,None identified,N/A,N/A,LOW,synthetic
